[2025-07-14 01:08:26] [INFO] (D:\laragon\www\orion\modules\grp_turnirs\etapresult\action\show.php:114) 8 44
[2025-07-14 01:43:06] [INFO] (D:\laragon\www\orion\modules\grp_turnirs\reiting\triger\after.edit_ok.php:47) Array
(
    [etap_id] => 3480
    [group_num] => 
    [olimp16_num] => 1
    [win_player] => 
    [lose_player] => 
)

[2025-07-14 01:43:06] [INFO] (D:\laragon\www\orion\modules\grp_turnirs\reiting\triger\after.edit_ok.php:217) 1
[2025-07-14 01:43:06] [INFO] (D:\laragon\www\orion\modules\grp_turnirs\reiting\triger\after.edit_ok.php:223) Array
(
    [1] => Array
        (
            [player1] => 1
            [player2] => 16
            [lost] => 16.1
            [win] => 9.1
            [etap] => 1/8
            [cnt] => 16
        )

    [2] => Array
        (
            [player1] => 9
            [player2] => 8
            [lost] => 16.2
            [win] => 9.2
            [etap] => 1/8
            [cnt] => 9
        )

    [3] => Array
        (
            [player1] => 5
            [player2] => 12
            [lost] => 17.1
            [win] => 10.1
            [etap] => 1/8
            [cnt] => 12
        )

    [4] => Array
        (
            [player1] => 13
            [player2] => 4
            [lost] => 17.2
            [win] => 10.2
            [etap] => 1/8
            [cnt] => 13
        )

    [5] => Array
        (
            [player1] => 3
            [player2] => 14
            [lost] => 18.1
            [win] => 11.1
            [etap] => 1/8
            [cnt] => 14
        )

    [6] => Array
        (
            [player1] => 11
            [player2] => 6
            [lost] => 18.2
            [win] => 11.2
            [etap] => 1/8
            [cnt] => 11
        )

    [7] => Array
        (
            [player1] => 7
            [player2] => 10
            [lost] => 19.1
            [win] => 12.1
            [etap] => 1/8
            [cnt] => 10
        )

    [8] => Array
        (
            [player1] => 15
            [player2] => 2
            [lost] => 19.2
            [win] => 12.2
            [etap] => 1/8
            [cnt] => 15
        )

    [9] => Array
        (
            [player1] => 9.1
            [player2] => 9.2
            [lost] => 23.1
            [win] => 13.1
            [etap] => 1/4
        )

    [10] => Array
        (
            [player1] => 10.1
            [player2] => 10.2
            [lost] => 23.2
            [win] => 13.2
            [etap] => 1/4
        )

    [11] => Array
        (
            [player1] => 11.1
            [player2] => 11.2
            [lost] => 24.1
            [win] => 14.1
            [etap] => 1/4
        )

    [12] => Array
        (
            [player1] => 12.1
            [player2] => 12.2
            [lost] => 24.2
            [win] => 14.2
            [etap] => 1/4
        )

    [13] => Array
        (
            [player1] => 13.1
            [player2] => 13.2
            [lost] => 26.1
            [win] => 15.1
            [etap] => 1/2
        )

    [14] => Array
        (
            [player1] => 14.1
            [player2] => 14.2
            [lost] => 26.2
            [win] => 15.2
            [etap] => 1/2
        )

    [15] => Array
        (
            [player1] => 15.1
            [player2] => 15.2
            [lost] => 
            [win] => 
            [etap] => Фінал
        )

    [16] => Array
        (
            [player1] => 16.1
            [player2] => 16.2
            [lost] => 27.1
            [win] => 20.1
            [etap] => за 9 місце 1/4
            [cnt] => 13
            [isGame1] => 1
            [isGame2] => 2
        )

    [17] => Array
        (
            [player1] => 17.1
            [player2] => 17.2
            [lost] => 27.2
            [win] => 20.2
            [etap] => за 9 місце 1/4
            [cnt] => 13
            [isGame1] => 3
            [isGame2] => 4
        )

    [18] => Array
        (
            [player1] => 18.1
            [player2] => 18.2
            [lost] => 28.1
            [win] => 21.1
            [etap] => за 9 місце 1/4
            [cnt] => 13
            [isGame1] => 5
            [isGame2] => 6
        )

    [19] => Array
        (
            [player1] => 19.1
            [player2] => 19.2
            [lost] => 28.2
            [win] => 21.2
            [etap] => за 9 місце 1/4
            [cnt] => 13
            [isGame1] => 7
            [isGame2] => 8
        )

    [20] => Array
        (
            [player1] => 20.1
            [player2] => 20.2
            [lost] => 30.1
            [win] => 22.1
            [etap] => за 9 місце 1/2
            [cnt] => 9
            [isGame1] => 16
            [isGame2] => 17
            [isArray] => 1,2,3,4
            [isCnt] => 2
        )

    [21] => Array
        (
            [player1] => 21.1
            [player2] => 21.2
            [lost] => 30.2
            [win] => 22.2
            [etap] => за 9 місце 1/2
            [cnt] => 9
            [isGame1] => 18
            [isGame2] => 19
            [isArray] => 5,6,7,8
            [isCnt] => 2
        )

    [22] => Array
        (
            [player1] => 22.1
            [player2] => 22.2
            [lost] => 
            [win] => 
            [etap] => за 9 місце
            [cnt] => 10
        )

    [23] => Array
        (
            [player1] => 23.1
            [player2] => 23.2
            [lost] => 31.1
            [win] => 25.1
            [etap] => за 5 місце 1/2
            [cnt] => 9
        )

    [24] => Array
        (
            [player1] => 24.1
            [player2] => 24.2
            [lost] => 31.2
            [win] => 25.2
            [etap] => за 3 місце 1/2
            [cnt] => 9
        )

    [25] => Array
        (
            [player1] => 25.1
            [player2] => 25.2
            [lost] => 
            [win] => 
            [etap] => за 5 місце
        )

    [26] => Array
        (
            [player1] => 26.1
            [player2] => 26.2
            [lost] => 
            [win] => 
            [etap] => за 3 місце
        )

    [27] => Array
        (
            [player1] => 27.1
            [player2] => 27.2
            [lost] => 32.1
            [win] => 29.1
            [etap] => за 13 місце 1/2
            [isGame1] => 16
            [isGame2] => 17
        )

    [28] => Array
        (
            [player1] => 28.1
            [player2] => 28.2
            [lost] => 32.2
            [win] => 29.2
            [etap] => за 13 місце 1/2
            [isGame1] => 18
            [isGame2] => 19
        )

    [29] => Array
        (
            [player1] => 29.1
            [player2] => 29.2
            [lost] => 
            [win] => 
            [etap] => за 13 місце
            [cnt] => 14
        )

    [30] => Array
        (
            [player1] => 30.1
            [player2] => 30.2
            [lost] => 
            [win] => 
            [etap] => за 11 місце
            [isGame1] => 20
            [isGame2] => 21
        )

    [31] => Array
        (
            [player1] => 31.1
            [player2] => 31.2
            [lost] => 
            [win] => 
            [etap] => за 7 місце
        )

    [32] => Array
        (
            [player1] => 32.1
            [player2] => 32.2
            [lost] => 
            [win] => 
            [etap] => за 15 місце
            [isGame1] => 27
            [isGame2] => 28
        )

)

[2025-07-14 01:43:09] [INFO] (D:\laragon\www\orion\modules\grp_turnirs\reiting\triger\after.edit_ok.php:47) Array
(
    [etap_id] => 3480
    [group_num] => 
    [olimp16_num] => 8
    [win_player] => 
    [lose_player] => 
)

[2025-07-14 01:43:09] [INFO] (D:\laragon\www\orion\modules\grp_turnirs\reiting\triger\after.edit_ok.php:217) 8
[2025-07-14 01:43:09] [INFO] (D:\laragon\www\orion\modules\grp_turnirs\reiting\triger\after.edit_ok.php:223) Array
(
    [1] => Array
        (
            [player1] => 1
            [player2] => 16
            [lost] => 16.1
            [win] => 9.1
            [etap] => 1/8
            [cnt] => 16
        )

    [2] => Array
        (
            [player1] => 9
            [player2] => 8
            [lost] => 16.2
            [win] => 9.2
            [etap] => 1/8
            [cnt] => 9
        )

    [3] => Array
        (
            [player1] => 5
            [player2] => 12
            [lost] => 17.1
            [win] => 10.1
            [etap] => 1/8
            [cnt] => 12
        )

    [4] => Array
        (
            [player1] => 13
            [player2] => 4
            [lost] => 17.2
            [win] => 10.2
            [etap] => 1/8
            [cnt] => 13
        )

    [5] => Array
        (
            [player1] => 3
            [player2] => 14
            [lost] => 18.1
            [win] => 11.1
            [etap] => 1/8
            [cnt] => 14
        )

    [6] => Array
        (
            [player1] => 11
            [player2] => 6
            [lost] => 18.2
            [win] => 11.2
            [etap] => 1/8
            [cnt] => 11
        )

    [7] => Array
        (
            [player1] => 7
            [player2] => 10
            [lost] => 19.1
            [win] => 12.1
            [etap] => 1/8
            [cnt] => 10
        )

    [8] => Array
        (
            [player1] => 15
            [player2] => 2
            [lost] => 19.2
            [win] => 12.2
            [etap] => 1/8
            [cnt] => 15
        )

    [9] => Array
        (
            [player1] => 9.1
            [player2] => 9.2
            [lost] => 23.1
            [win] => 13.1
            [etap] => 1/4
        )

    [10] => Array
        (
            [player1] => 10.1
            [player2] => 10.2
            [lost] => 23.2
            [win] => 13.2
            [etap] => 1/4
        )

    [11] => Array
        (
            [player1] => 11.1
            [player2] => 11.2
            [lost] => 24.1
            [win] => 14.1
            [etap] => 1/4
        )

    [12] => Array
        (
            [player1] => 12.1
            [player2] => 12.2
            [lost] => 24.2
            [win] => 14.2
            [etap] => 1/4
        )

    [13] => Array
        (
            [player1] => 13.1
            [player2] => 13.2
            [lost] => 26.1
            [win] => 15.1
            [etap] => 1/2
        )

    [14] => Array
        (
            [player1] => 14.1
            [player2] => 14.2
            [lost] => 26.2
            [win] => 15.2
            [etap] => 1/2
        )

    [15] => Array
        (
            [player1] => 15.1
            [player2] => 15.2
            [lost] => 
            [win] => 
            [etap] => Фінал
        )

    [16] => Array
        (
            [player1] => 16.1
            [player2] => 16.2
            [lost] => 27.1
            [win] => 20.1
            [etap] => за 9 місце 1/4
            [cnt] => 13
            [isGame1] => 1
            [isGame2] => 2
        )

    [17] => Array
        (
            [player1] => 17.1
            [player2] => 17.2
            [lost] => 27.2
            [win] => 20.2
            [etap] => за 9 місце 1/4
            [cnt] => 13
            [isGame1] => 3
            [isGame2] => 4
        )

    [18] => Array
        (
            [player1] => 18.1
            [player2] => 18.2
            [lost] => 28.1
            [win] => 21.1
            [etap] => за 9 місце 1/4
            [cnt] => 13
            [isGame1] => 5
            [isGame2] => 6
        )

    [19] => Array
        (
            [player1] => 19.1
            [player2] => 19.2
            [lost] => 28.2
            [win] => 21.2
            [etap] => за 9 місце 1/4
            [cnt] => 13
            [isGame1] => 7
            [isGame2] => 8
        )

    [20] => Array
        (
            [player1] => 20.1
            [player2] => 20.2
            [lost] => 30.1
            [win] => 22.1
            [etap] => за 9 місце 1/2
            [cnt] => 9
            [isGame1] => 16
            [isGame2] => 17
            [isArray] => 1,2,3,4
            [isCnt] => 2
        )

    [21] => Array
        (
            [player1] => 21.1
            [player2] => 21.2
            [lost] => 30.2
            [win] => 22.2
            [etap] => за 9 місце 1/2
            [cnt] => 9
            [isGame1] => 18
            [isGame2] => 19
            [isArray] => 5,6,7,8
            [isCnt] => 2
        )

    [22] => Array
        (
            [player1] => 22.1
            [player2] => 22.2
            [lost] => 
            [win] => 
            [etap] => за 9 місце
            [cnt] => 10
        )

    [23] => Array
        (
            [player1] => 23.1
            [player2] => 23.2
            [lost] => 31.1
            [win] => 25.1
            [etap] => за 5 місце 1/2
            [cnt] => 9
        )

    [24] => Array
        (
            [player1] => 24.1
            [player2] => 24.2
            [lost] => 31.2
            [win] => 25.2
            [etap] => за 3 місце 1/2
            [cnt] => 9
        )

    [25] => Array
        (
            [player1] => 25.1
            [player2] => 25.2
            [lost] => 
            [win] => 
            [etap] => за 5 місце
        )

    [26] => Array
        (
            [player1] => 26.1
            [player2] => 26.2
            [lost] => 
            [win] => 
            [etap] => за 3 місце
        )

    [27] => Array
        (
            [player1] => 27.1
            [player2] => 27.2
            [lost] => 32.1
            [win] => 29.1
            [etap] => за 13 місце 1/2
            [isGame1] => 16
            [isGame2] => 17
        )

    [28] => Array
        (
            [player1] => 28.1
            [player2] => 28.2
            [lost] => 32.2
            [win] => 29.2
            [etap] => за 13 місце 1/2
            [isGame1] => 18
            [isGame2] => 19
        )

    [29] => Array
        (
            [player1] => 29.1
            [player2] => 29.2
            [lost] => 
            [win] => 
            [etap] => за 13 місце
            [cnt] => 14
        )

    [30] => Array
        (
            [player1] => 30.1
            [player2] => 30.2
            [lost] => 
            [win] => 
            [etap] => за 11 місце
            [isGame1] => 20
            [isGame2] => 21
        )

    [31] => Array
        (
            [player1] => 31.1
            [player2] => 31.2
            [lost] => 
            [win] => 
            [etap] => за 7 місце
        )

    [32] => Array
        (
            [player1] => 32.1
            [player2] => 32.2
            [lost] => 
            [win] => 
            [etap] => за 15 місце
            [isGame1] => 27
            [isGame2] => 28
        )

)

[2025-07-14 01:43:12] [INFO] (D:\laragon\www\orion\modules\grp_turnirs\reiting\triger\after.edit_ok.php:47) Array
(
    [etap_id] => 3480
    [group_num] => 
    [olimp16_num] => 5
    [win_player] => 
    [lose_player] => 
)

[2025-07-14 01:43:12] [INFO] (D:\laragon\www\orion\modules\grp_turnirs\reiting\triger\after.edit_ok.php:217) 5
[2025-07-14 01:43:12] [INFO] (D:\laragon\www\orion\modules\grp_turnirs\reiting\triger\after.edit_ok.php:223) Array
(
    [1] => Array
        (
            [player1] => 1
            [player2] => 16
            [lost] => 16.1
            [win] => 9.1
            [etap] => 1/8
            [cnt] => 16
        )

    [2] => Array
        (
            [player1] => 9
            [player2] => 8
            [lost] => 16.2
            [win] => 9.2
            [etap] => 1/8
            [cnt] => 9
        )

    [3] => Array
        (
            [player1] => 5
            [player2] => 12
            [lost] => 17.1
            [win] => 10.1
            [etap] => 1/8
            [cnt] => 12
        )

    [4] => Array
        (
            [player1] => 13
            [player2] => 4
            [lost] => 17.2
            [win] => 10.2
            [etap] => 1/8
            [cnt] => 13
        )

    [5] => Array
        (
            [player1] => 3
            [player2] => 14
            [lost] => 18.1
            [win] => 11.1
            [etap] => 1/8
            [cnt] => 14
        )

    [6] => Array
        (
            [player1] => 11
            [player2] => 6
            [lost] => 18.2
            [win] => 11.2
            [etap] => 1/8
            [cnt] => 11
        )

    [7] => Array
        (
            [player1] => 7
            [player2] => 10
            [lost] => 19.1
            [win] => 12.1
            [etap] => 1/8
            [cnt] => 10
        )

    [8] => Array
        (
            [player1] => 15
            [player2] => 2
            [lost] => 19.2
            [win] => 12.2
            [etap] => 1/8
            [cnt] => 15
        )

    [9] => Array
        (
            [player1] => 9.1
            [player2] => 9.2
            [lost] => 23.1
            [win] => 13.1
            [etap] => 1/4
        )

    [10] => Array
        (
            [player1] => 10.1
            [player2] => 10.2
            [lost] => 23.2
            [win] => 13.2
            [etap] => 1/4
        )

    [11] => Array
        (
            [player1] => 11.1
            [player2] => 11.2
            [lost] => 24.1
            [win] => 14.1
            [etap] => 1/4
        )

    [12] => Array
        (
            [player1] => 12.1
            [player2] => 12.2
            [lost] => 24.2
            [win] => 14.2
            [etap] => 1/4
        )

    [13] => Array
        (
            [player1] => 13.1
            [player2] => 13.2
            [lost] => 26.1
            [win] => 15.1
            [etap] => 1/2
        )

    [14] => Array
        (
            [player1] => 14.1
            [player2] => 14.2
            [lost] => 26.2
            [win] => 15.2
            [etap] => 1/2
        )

    [15] => Array
        (
            [player1] => 15.1
            [player2] => 15.2
            [lost] => 
            [win] => 
            [etap] => Фінал
        )

    [16] => Array
        (
            [player1] => 16.1
            [player2] => 16.2
            [lost] => 27.1
            [win] => 20.1
            [etap] => за 9 місце 1/4
            [cnt] => 13
            [isGame1] => 1
            [isGame2] => 2
        )

    [17] => Array
        (
            [player1] => 17.1
            [player2] => 17.2
            [lost] => 27.2
            [win] => 20.2
            [etap] => за 9 місце 1/4
            [cnt] => 13
            [isGame1] => 3
            [isGame2] => 4
        )

    [18] => Array
        (
            [player1] => 18.1
            [player2] => 18.2
            [lost] => 28.1
            [win] => 21.1
            [etap] => за 9 місце 1/4
            [cnt] => 13
            [isGame1] => 5
            [isGame2] => 6
        )

    [19] => Array
        (
            [player1] => 19.1
            [player2] => 19.2
            [lost] => 28.2
            [win] => 21.2
            [etap] => за 9 місце 1/4
            [cnt] => 13
            [isGame1] => 7
            [isGame2] => 8
        )

    [20] => Array
        (
            [player1] => 20.1
            [player2] => 20.2
            [lost] => 30.1
            [win] => 22.1
            [etap] => за 9 місце 1/2
            [cnt] => 9
            [isGame1] => 16
            [isGame2] => 17
            [isArray] => 1,2,3,4
            [isCnt] => 2
        )

    [21] => Array
        (
            [player1] => 21.1
            [player2] => 21.2
            [lost] => 30.2
            [win] => 22.2
            [etap] => за 9 місце 1/2
            [cnt] => 9
            [isGame1] => 18
            [isGame2] => 19
            [isArray] => 5,6,7,8
            [isCnt] => 2
        )

    [22] => Array
        (
            [player1] => 22.1
            [player2] => 22.2
            [lost] => 
            [win] => 
            [etap] => за 9 місце
            [cnt] => 10
        )

    [23] => Array
        (
            [player1] => 23.1
            [player2] => 23.2
            [lost] => 31.1
            [win] => 25.1
            [etap] => за 5 місце 1/2
            [cnt] => 9
        )

    [24] => Array
        (
            [player1] => 24.1
            [player2] => 24.2
            [lost] => 31.2
            [win] => 25.2
            [etap] => за 3 місце 1/2
            [cnt] => 9
        )

    [25] => Array
        (
            [player1] => 25.1
            [player2] => 25.2
            [lost] => 
            [win] => 
            [etap] => за 5 місце
        )

    [26] => Array
        (
            [player1] => 26.1
            [player2] => 26.2
            [lost] => 
            [win] => 
            [etap] => за 3 місце
        )

    [27] => Array
        (
            [player1] => 27.1
            [player2] => 27.2
            [lost] => 32.1
            [win] => 29.1
            [etap] => за 13 місце 1/2
            [isGame1] => 16
            [isGame2] => 17
        )

    [28] => Array
        (
            [player1] => 28.1
            [player2] => 28.2
            [lost] => 32.2
            [win] => 29.2
            [etap] => за 13 місце 1/2
            [isGame1] => 18
            [isGame2] => 19
        )

    [29] => Array
        (
            [player1] => 29.1
            [player2] => 29.2
            [lost] => 
            [win] => 
            [etap] => за 13 місце
            [cnt] => 14
        )

    [30] => Array
        (
            [player1] => 30.1
            [player2] => 30.2
            [lost] => 
            [win] => 
            [etap] => за 11 місце
            [isGame1] => 20
            [isGame2] => 21
        )

    [31] => Array
        (
            [player1] => 31.1
            [player2] => 31.2
            [lost] => 
            [win] => 
            [etap] => за 7 місце
        )

    [32] => Array
        (
            [player1] => 32.1
            [player2] => 32.2
            [lost] => 
            [win] => 
            [etap] => за 15 місце
            [isGame1] => 27
            [isGame2] => 28
        )

)

[2025-07-14 01:43:16] [INFO] (D:\laragon\www\orion\modules\grp_turnirs\reiting\triger\after.edit_ok.php:47) Array
(
    [etap_id] => 3480
    [group_num] => 
    [olimp16_num] => 4
    [win_player] => 
    [lose_player] => 
)

[2025-07-14 01:43:16] [INFO] (D:\laragon\www\orion\modules\grp_turnirs\reiting\triger\after.edit_ok.php:217) 4
[2025-07-14 01:43:16] [INFO] (D:\laragon\www\orion\modules\grp_turnirs\reiting\triger\after.edit_ok.php:223) Array
(
    [1] => Array
        (
            [player1] => 1
            [player2] => 16
            [lost] => 16.1
            [win] => 9.1
            [etap] => 1/8
            [cnt] => 16
        )

    [2] => Array
        (
            [player1] => 9
            [player2] => 8
            [lost] => 16.2
            [win] => 9.2
            [etap] => 1/8
            [cnt] => 9
        )

    [3] => Array
        (
            [player1] => 5
            [player2] => 12
            [lost] => 17.1
            [win] => 10.1
            [etap] => 1/8
            [cnt] => 12
        )

    [4] => Array
        (
            [player1] => 13
            [player2] => 4
            [lost] => 17.2
            [win] => 10.2
            [etap] => 1/8
            [cnt] => 13
        )

    [5] => Array
        (
            [player1] => 3
            [player2] => 14
            [lost] => 18.1
            [win] => 11.1
            [etap] => 1/8
            [cnt] => 14
        )

    [6] => Array
        (
            [player1] => 11
            [player2] => 6
            [lost] => 18.2
            [win] => 11.2
            [etap] => 1/8
            [cnt] => 11
        )

    [7] => Array
        (
            [player1] => 7
            [player2] => 10
            [lost] => 19.1
            [win] => 12.1
            [etap] => 1/8
            [cnt] => 10
        )

    [8] => Array
        (
            [player1] => 15
            [player2] => 2
            [lost] => 19.2
            [win] => 12.2
            [etap] => 1/8
            [cnt] => 15
        )

    [9] => Array
        (
            [player1] => 9.1
            [player2] => 9.2
            [lost] => 23.1
            [win] => 13.1
            [etap] => 1/4
        )

    [10] => Array
        (
            [player1] => 10.1
            [player2] => 10.2
            [lost] => 23.2
            [win] => 13.2
            [etap] => 1/4
        )

    [11] => Array
        (
            [player1] => 11.1
            [player2] => 11.2
            [lost] => 24.1
            [win] => 14.1
            [etap] => 1/4
        )

    [12] => Array
        (
            [player1] => 12.1
            [player2] => 12.2
            [lost] => 24.2
            [win] => 14.2
            [etap] => 1/4
        )

    [13] => Array
        (
            [player1] => 13.1
            [player2] => 13.2
            [lost] => 26.1
            [win] => 15.1
            [etap] => 1/2
        )

    [14] => Array
        (
            [player1] => 14.1
            [player2] => 14.2
            [lost] => 26.2
            [win] => 15.2
            [etap] => 1/2
        )

    [15] => Array
        (
            [player1] => 15.1
            [player2] => 15.2
            [lost] => 
            [win] => 
            [etap] => Фінал
        )

    [16] => Array
        (
            [player1] => 16.1
            [player2] => 16.2
            [lost] => 27.1
            [win] => 20.1
            [etap] => за 9 місце 1/4
            [cnt] => 13
            [isGame1] => 1
            [isGame2] => 2
        )

    [17] => Array
        (
            [player1] => 17.1
            [player2] => 17.2
            [lost] => 27.2
            [win] => 20.2
            [etap] => за 9 місце 1/4
            [cnt] => 13
            [isGame1] => 3
            [isGame2] => 4
        )

    [18] => Array
        (
            [player1] => 18.1
            [player2] => 18.2
            [lost] => 28.1
            [win] => 21.1
            [etap] => за 9 місце 1/4
            [cnt] => 13
            [isGame1] => 5
            [isGame2] => 6
        )

    [19] => Array
        (
            [player1] => 19.1
            [player2] => 19.2
            [lost] => 28.2
            [win] => 21.2
            [etap] => за 9 місце 1/4
            [cnt] => 13
            [isGame1] => 7
            [isGame2] => 8
        )

    [20] => Array
        (
            [player1] => 20.1
            [player2] => 20.2
            [lost] => 30.1
            [win] => 22.1
            [etap] => за 9 місце 1/2
            [cnt] => 9
            [isGame1] => 16
            [isGame2] => 17
            [isArray] => 1,2,3,4
            [isCnt] => 2
        )

    [21] => Array
        (
            [player1] => 21.1
            [player2] => 21.2
            [lost] => 30.2
            [win] => 22.2
            [etap] => за 9 місце 1/2
            [cnt] => 9
            [isGame1] => 18
            [isGame2] => 19
            [isArray] => 5,6,7,8
            [isCnt] => 2
        )

    [22] => Array
        (
            [player1] => 22.1
            [player2] => 22.2
            [lost] => 
            [win] => 
            [etap] => за 9 місце
            [cnt] => 10
        )

    [23] => Array
        (
            [player1] => 23.1
            [player2] => 23.2
            [lost] => 31.1
            [win] => 25.1
            [etap] => за 5 місце 1/2
            [cnt] => 9
        )

    [24] => Array
        (
            [player1] => 24.1
            [player2] => 24.2
            [lost] => 31.2
            [win] => 25.2
            [etap] => за 3 місце 1/2
            [cnt] => 9
        )

    [25] => Array
        (
            [player1] => 25.1
            [player2] => 25.2
            [lost] => 
            [win] => 
            [etap] => за 5 місце
        )

    [26] => Array
        (
            [player1] => 26.1
            [player2] => 26.2
            [lost] => 
            [win] => 
            [etap] => за 3 місце
        )

    [27] => Array
        (
            [player1] => 27.1
            [player2] => 27.2
            [lost] => 32.1
            [win] => 29.1
            [etap] => за 13 місце 1/2
            [isGame1] => 16
            [isGame2] => 17
        )

    [28] => Array
        (
            [player1] => 28.1
            [player2] => 28.2
            [lost] => 32.2
            [win] => 29.2
            [etap] => за 13 місце 1/2
            [isGame1] => 18
            [isGame2] => 19
        )

    [29] => Array
        (
            [player1] => 29.1
            [player2] => 29.2
            [lost] => 
            [win] => 
            [etap] => за 13 місце
            [cnt] => 14
        )

    [30] => Array
        (
            [player1] => 30.1
            [player2] => 30.2
            [lost] => 
            [win] => 
            [etap] => за 11 місце
            [isGame1] => 20
            [isGame2] => 21
        )

    [31] => Array
        (
            [player1] => 31.1
            [player2] => 31.2
            [lost] => 
            [win] => 
            [etap] => за 7 місце
        )

    [32] => Array
        (
            [player1] => 32.1
            [player2] => 32.2
            [lost] => 
            [win] => 
            [etap] => за 15 місце
            [isGame1] => 27
            [isGame2] => 28
        )

)

[2025-07-14 01:43:20] [INFO] (D:\laragon\www\orion\modules\grp_turnirs\reiting\triger\after.edit_ok.php:47) Array
(
    [etap_id] => 3480
    [group_num] => 
    [olimp16_num] => 3
    [win_player] => 
    [lose_player] => 
)

[2025-07-14 01:43:20] [INFO] (D:\laragon\www\orion\modules\grp_turnirs\reiting\triger\after.edit_ok.php:217) 3
[2025-07-14 01:43:20] [INFO] (D:\laragon\www\orion\modules\grp_turnirs\reiting\triger\after.edit_ok.php:223) Array
(
    [1] => Array
        (
            [player1] => 1
            [player2] => 16
            [lost] => 16.1
            [win] => 9.1
            [etap] => 1/8
            [cnt] => 16
        )

    [2] => Array
        (
            [player1] => 9
            [player2] => 8
            [lost] => 16.2
            [win] => 9.2
            [etap] => 1/8
            [cnt] => 9
        )

    [3] => Array
        (
            [player1] => 5
            [player2] => 12
            [lost] => 17.1
            [win] => 10.1
            [etap] => 1/8
            [cnt] => 12
        )

    [4] => Array
        (
            [player1] => 13
            [player2] => 4
            [lost] => 17.2
            [win] => 10.2
            [etap] => 1/8
            [cnt] => 13
        )

    [5] => Array
        (
            [player1] => 3
            [player2] => 14
            [lost] => 18.1
            [win] => 11.1
            [etap] => 1/8
            [cnt] => 14
        )

    [6] => Array
        (
            [player1] => 11
            [player2] => 6
            [lost] => 18.2
            [win] => 11.2
            [etap] => 1/8
            [cnt] => 11
        )

    [7] => Array
        (
            [player1] => 7
            [player2] => 10
            [lost] => 19.1
            [win] => 12.1
            [etap] => 1/8
            [cnt] => 10
        )

    [8] => Array
        (
            [player1] => 15
            [player2] => 2
            [lost] => 19.2
            [win] => 12.2
            [etap] => 1/8
            [cnt] => 15
        )

    [9] => Array
        (
            [player1] => 9.1
            [player2] => 9.2
            [lost] => 23.1
            [win] => 13.1
            [etap] => 1/4
        )

    [10] => Array
        (
            [player1] => 10.1
            [player2] => 10.2
            [lost] => 23.2
            [win] => 13.2
            [etap] => 1/4
        )

    [11] => Array
        (
            [player1] => 11.1
            [player2] => 11.2
            [lost] => 24.1
            [win] => 14.1
            [etap] => 1/4
        )

    [12] => Array
        (
            [player1] => 12.1
            [player2] => 12.2
            [lost] => 24.2
            [win] => 14.2
            [etap] => 1/4
        )

    [13] => Array
        (
            [player1] => 13.1
            [player2] => 13.2
            [lost] => 26.1
            [win] => 15.1
            [etap] => 1/2
        )

    [14] => Array
        (
            [player1] => 14.1
            [player2] => 14.2
            [lost] => 26.2
            [win] => 15.2
            [etap] => 1/2
        )

    [15] => Array
        (
            [player1] => 15.1
            [player2] => 15.2
            [lost] => 
            [win] => 
            [etap] => Фінал
        )

    [16] => Array
        (
            [player1] => 16.1
            [player2] => 16.2
            [lost] => 27.1
            [win] => 20.1
            [etap] => за 9 місце 1/4
            [cnt] => 13
            [isGame1] => 1
            [isGame2] => 2
        )

    [17] => Array
        (
            [player1] => 17.1
            [player2] => 17.2
            [lost] => 27.2
            [win] => 20.2
            [etap] => за 9 місце 1/4
            [cnt] => 13
            [isGame1] => 3
            [isGame2] => 4
        )

    [18] => Array
        (
            [player1] => 18.1
            [player2] => 18.2
            [lost] => 28.1
            [win] => 21.1
            [etap] => за 9 місце 1/4
            [cnt] => 13
            [isGame1] => 5
            [isGame2] => 6
        )

    [19] => Array
        (
            [player1] => 19.1
            [player2] => 19.2
            [lost] => 28.2
            [win] => 21.2
            [etap] => за 9 місце 1/4
            [cnt] => 13
            [isGame1] => 7
            [isGame2] => 8
        )

    [20] => Array
        (
            [player1] => 20.1
            [player2] => 20.2
            [lost] => 30.1
            [win] => 22.1
            [etap] => за 9 місце 1/2
            [cnt] => 9
            [isGame1] => 16
            [isGame2] => 17
            [isArray] => 1,2,3,4
            [isCnt] => 2
        )

    [21] => Array
        (
            [player1] => 21.1
            [player2] => 21.2
            [lost] => 30.2
            [win] => 22.2
            [etap] => за 9 місце 1/2
            [cnt] => 9
            [isGame1] => 18
            [isGame2] => 19
            [isArray] => 5,6,7,8
            [isCnt] => 2
        )

    [22] => Array
        (
            [player1] => 22.1
            [player2] => 22.2
            [lost] => 
            [win] => 
            [etap] => за 9 місце
            [cnt] => 10
        )

    [23] => Array
        (
            [player1] => 23.1
            [player2] => 23.2
            [lost] => 31.1
            [win] => 25.1
            [etap] => за 5 місце 1/2
            [cnt] => 9
        )

    [24] => Array
        (
            [player1] => 24.1
            [player2] => 24.2
            [lost] => 31.2
            [win] => 25.2
            [etap] => за 3 місце 1/2
            [cnt] => 9
        )

    [25] => Array
        (
            [player1] => 25.1
            [player2] => 25.2
            [lost] => 
            [win] => 
            [etap] => за 5 місце
        )

    [26] => Array
        (
            [player1] => 26.1
            [player2] => 26.2
            [lost] => 
            [win] => 
            [etap] => за 3 місце
        )

    [27] => Array
        (
            [player1] => 27.1
            [player2] => 27.2
            [lost] => 32.1
            [win] => 29.1
            [etap] => за 13 місце 1/2
            [isGame1] => 16
            [isGame2] => 17
        )

    [28] => Array
        (
            [player1] => 28.1
            [player2] => 28.2
            [lost] => 32.2
            [win] => 29.2
            [etap] => за 13 місце 1/2
            [isGame1] => 18
            [isGame2] => 19
        )

    [29] => Array
        (
            [player1] => 29.1
            [player2] => 29.2
            [lost] => 
            [win] => 
            [etap] => за 13 місце
            [cnt] => 14
        )

    [30] => Array
        (
            [player1] => 30.1
            [player2] => 30.2
            [lost] => 
            [win] => 
            [etap] => за 11 місце
            [isGame1] => 20
            [isGame2] => 21
        )

    [31] => Array
        (
            [player1] => 31.1
            [player2] => 31.2
            [lost] => 
            [win] => 
            [etap] => за 7 місце
        )

    [32] => Array
        (
            [player1] => 32.1
            [player2] => 32.2
            [lost] => 
            [win] => 
            [etap] => за 15 місце
            [isGame1] => 27
            [isGame2] => 28
        )

)

[2025-07-14 01:43:23] [INFO] (D:\laragon\www\orion\modules\grp_turnirs\reiting\triger\after.edit_ok.php:47) Array
(
    [etap_id] => 3480
    [group_num] => 
    [olimp16_num] => 6
    [win_player] => 
    [lose_player] => 
)

[2025-07-14 01:43:23] [INFO] (D:\laragon\www\orion\modules\grp_turnirs\reiting\triger\after.edit_ok.php:217) 6
[2025-07-14 01:43:23] [INFO] (D:\laragon\www\orion\modules\grp_turnirs\reiting\triger\after.edit_ok.php:223) Array
(
    [1] => Array
        (
            [player1] => 1
            [player2] => 16
            [lost] => 16.1
            [win] => 9.1
            [etap] => 1/8
            [cnt] => 16
        )

    [2] => Array
        (
            [player1] => 9
            [player2] => 8
            [lost] => 16.2
            [win] => 9.2
            [etap] => 1/8
            [cnt] => 9
        )

    [3] => Array
        (
            [player1] => 5
            [player2] => 12
            [lost] => 17.1
            [win] => 10.1
            [etap] => 1/8
            [cnt] => 12
        )

    [4] => Array
        (
            [player1] => 13
            [player2] => 4
            [lost] => 17.2
            [win] => 10.2
            [etap] => 1/8
            [cnt] => 13
        )

    [5] => Array
        (
            [player1] => 3
            [player2] => 14
            [lost] => 18.1
            [win] => 11.1
            [etap] => 1/8
            [cnt] => 14
        )

    [6] => Array
        (
            [player1] => 11
            [player2] => 6
            [lost] => 18.2
            [win] => 11.2
            [etap] => 1/8
            [cnt] => 11
        )

    [7] => Array
        (
            [player1] => 7
            [player2] => 10
            [lost] => 19.1
            [win] => 12.1
            [etap] => 1/8
            [cnt] => 10
        )

    [8] => Array
        (
            [player1] => 15
            [player2] => 2
            [lost] => 19.2
            [win] => 12.2
            [etap] => 1/8
            [cnt] => 15
        )

    [9] => Array
        (
            [player1] => 9.1
            [player2] => 9.2
            [lost] => 23.1
            [win] => 13.1
            [etap] => 1/4
        )

    [10] => Array
        (
            [player1] => 10.1
            [player2] => 10.2
            [lost] => 23.2
            [win] => 13.2
            [etap] => 1/4
        )

    [11] => Array
        (
            [player1] => 11.1
            [player2] => 11.2
            [lost] => 24.1
            [win] => 14.1
            [etap] => 1/4
        )

    [12] => Array
        (
            [player1] => 12.1
            [player2] => 12.2
            [lost] => 24.2
            [win] => 14.2
            [etap] => 1/4
        )

    [13] => Array
        (
            [player1] => 13.1
            [player2] => 13.2
            [lost] => 26.1
            [win] => 15.1
            [etap] => 1/2
        )

    [14] => Array
        (
            [player1] => 14.1
            [player2] => 14.2
            [lost] => 26.2
            [win] => 15.2
            [etap] => 1/2
        )

    [15] => Array
        (
            [player1] => 15.1
            [player2] => 15.2
            [lost] => 
            [win] => 
            [etap] => Фінал
        )

    [16] => Array
        (
            [player1] => 16.1
            [player2] => 16.2
            [lost] => 27.1
            [win] => 20.1
            [etap] => за 9 місце 1/4
            [cnt] => 13
            [isGame1] => 1
            [isGame2] => 2
        )

    [17] => Array
        (
            [player1] => 17.1
            [player2] => 17.2
            [lost] => 27.2
            [win] => 20.2
            [etap] => за 9 місце 1/4
            [cnt] => 13
            [isGame1] => 3
            [isGame2] => 4
        )

    [18] => Array
        (
            [player1] => 18.1
            [player2] => 18.2
            [lost] => 28.1
            [win] => 21.1
            [etap] => за 9 місце 1/4
            [cnt] => 13
            [isGame1] => 5
            [isGame2] => 6
        )

    [19] => Array
        (
            [player1] => 19.1
            [player2] => 19.2
            [lost] => 28.2
            [win] => 21.2
            [etap] => за 9 місце 1/4
            [cnt] => 13
            [isGame1] => 7
            [isGame2] => 8
        )

    [20] => Array
        (
            [player1] => 20.1
            [player2] => 20.2
            [lost] => 30.1
            [win] => 22.1
            [etap] => за 9 місце 1/2
            [cnt] => 9
            [isGame1] => 16
            [isGame2] => 17
            [isArray] => 1,2,3,4
            [isCnt] => 2
        )

    [21] => Array
        (
            [player1] => 21.1
            [player2] => 21.2
            [lost] => 30.2
            [win] => 22.2
            [etap] => за 9 місце 1/2
            [cnt] => 9
            [isGame1] => 18
            [isGame2] => 19
            [isArray] => 5,6,7,8
            [isCnt] => 2
        )

    [22] => Array
        (
            [player1] => 22.1
            [player2] => 22.2
            [lost] => 
            [win] => 
            [etap] => за 9 місце
            [cnt] => 10
        )

    [23] => Array
        (
            [player1] => 23.1
            [player2] => 23.2
            [lost] => 31.1
            [win] => 25.1
            [etap] => за 5 місце 1/2
            [cnt] => 9
        )

    [24] => Array
        (
            [player1] => 24.1
            [player2] => 24.2
            [lost] => 31.2
            [win] => 25.2
            [etap] => за 3 місце 1/2
            [cnt] => 9
        )

    [25] => Array
        (
            [player1] => 25.1
            [player2] => 25.2
            [lost] => 
            [win] => 
            [etap] => за 5 місце
        )

    [26] => Array
        (
            [player1] => 26.1
            [player2] => 26.2
            [lost] => 
            [win] => 
            [etap] => за 3 місце
        )

    [27] => Array
        (
            [player1] => 27.1
            [player2] => 27.2
            [lost] => 32.1
            [win] => 29.1
            [etap] => за 13 місце 1/2
            [isGame1] => 16
            [isGame2] => 17
        )

    [28] => Array
        (
            [player1] => 28.1
            [player2] => 28.2
            [lost] => 32.2
            [win] => 29.2
            [etap] => за 13 місце 1/2
            [isGame1] => 18
            [isGame2] => 19
        )

    [29] => Array
        (
            [player1] => 29.1
            [player2] => 29.2
            [lost] => 
            [win] => 
            [etap] => за 13 місце
            [cnt] => 14
        )

    [30] => Array
        (
            [player1] => 30.1
            [player2] => 30.2
            [lost] => 
            [win] => 
            [etap] => за 11 місце
            [isGame1] => 20
            [isGame2] => 21
        )

    [31] => Array
        (
            [player1] => 31.1
            [player2] => 31.2
            [lost] => 
            [win] => 
            [etap] => за 7 місце
        )

    [32] => Array
        (
            [player1] => 32.1
            [player2] => 32.2
            [lost] => 
            [win] => 
            [etap] => за 15 місце
            [isGame1] => 27
            [isGame2] => 28
        )

)

[2025-07-14 01:43:26] [INFO] (D:\laragon\www\orion\modules\grp_turnirs\reiting\triger\after.edit_ok.php:47) Array
(
    [etap_id] => 3480
    [group_num] => 
    [olimp16_num] => 7
    [win_player] => 
    [lose_player] => 
)

[2025-07-14 01:43:26] [INFO] (D:\laragon\www\orion\modules\grp_turnirs\reiting\triger\after.edit_ok.php:217) 7
[2025-07-14 01:43:26] [INFO] (D:\laragon\www\orion\modules\grp_turnirs\reiting\triger\after.edit_ok.php:223) Array
(
    [1] => Array
        (
            [player1] => 1
            [player2] => 16
            [lost] => 16.1
            [win] => 9.1
            [etap] => 1/8
            [cnt] => 16
        )

    [2] => Array
        (
            [player1] => 9
            [player2] => 8
            [lost] => 16.2
            [win] => 9.2
            [etap] => 1/8
            [cnt] => 9
        )

    [3] => Array
        (
            [player1] => 5
            [player2] => 12
            [lost] => 17.1
            [win] => 10.1
            [etap] => 1/8
            [cnt] => 12
        )

    [4] => Array
        (
            [player1] => 13
            [player2] => 4
            [lost] => 17.2
            [win] => 10.2
            [etap] => 1/8
            [cnt] => 13
        )

    [5] => Array
        (
            [player1] => 3
            [player2] => 14
            [lost] => 18.1
            [win] => 11.1
            [etap] => 1/8
            [cnt] => 14
        )

    [6] => Array
        (
            [player1] => 11
            [player2] => 6
            [lost] => 18.2
            [win] => 11.2
            [etap] => 1/8
            [cnt] => 11
        )

    [7] => Array
        (
            [player1] => 7
            [player2] => 10
            [lost] => 19.1
            [win] => 12.1
            [etap] => 1/8
            [cnt] => 10
        )

    [8] => Array
        (
            [player1] => 15
            [player2] => 2
            [lost] => 19.2
            [win] => 12.2
            [etap] => 1/8
            [cnt] => 15
        )

    [9] => Array
        (
            [player1] => 9.1
            [player2] => 9.2
            [lost] => 23.1
            [win] => 13.1
            [etap] => 1/4
        )

    [10] => Array
        (
            [player1] => 10.1
            [player2] => 10.2
            [lost] => 23.2
            [win] => 13.2
            [etap] => 1/4
        )

    [11] => Array
        (
            [player1] => 11.1
            [player2] => 11.2
            [lost] => 24.1
            [win] => 14.1
            [etap] => 1/4
        )

    [12] => Array
        (
            [player1] => 12.1
            [player2] => 12.2
            [lost] => 24.2
            [win] => 14.2
            [etap] => 1/4
        )

    [13] => Array
        (
            [player1] => 13.1
            [player2] => 13.2
            [lost] => 26.1
            [win] => 15.1
            [etap] => 1/2
        )

    [14] => Array
        (
            [player1] => 14.1
            [player2] => 14.2
            [lost] => 26.2
            [win] => 15.2
            [etap] => 1/2
        )

    [15] => Array
        (
            [player1] => 15.1
            [player2] => 15.2
            [lost] => 
            [win] => 
            [etap] => Фінал
        )

    [16] => Array
        (
            [player1] => 16.1
            [player2] => 16.2
            [lost] => 27.1
            [win] => 20.1
            [etap] => за 9 місце 1/4
            [cnt] => 13
            [isGame1] => 1
            [isGame2] => 2
        )

    [17] => Array
        (
            [player1] => 17.1
            [player2] => 17.2
            [lost] => 27.2
            [win] => 20.2
            [etap] => за 9 місце 1/4
            [cnt] => 13
            [isGame1] => 3
            [isGame2] => 4
        )

    [18] => Array
        (
            [player1] => 18.1
            [player2] => 18.2
            [lost] => 28.1
            [win] => 21.1
            [etap] => за 9 місце 1/4
            [cnt] => 13
            [isGame1] => 5
            [isGame2] => 6
        )

    [19] => Array
        (
            [player1] => 19.1
            [player2] => 19.2
            [lost] => 28.2
            [win] => 21.2
            [etap] => за 9 місце 1/4
            [cnt] => 13
            [isGame1] => 7
            [isGame2] => 8
        )

    [20] => Array
        (
            [player1] => 20.1
            [player2] => 20.2
            [lost] => 30.1
            [win] => 22.1
            [etap] => за 9 місце 1/2
            [cnt] => 9
            [isGame1] => 16
            [isGame2] => 17
            [isArray] => 1,2,3,4
            [isCnt] => 2
        )

    [21] => Array
        (
            [player1] => 21.1
            [player2] => 21.2
            [lost] => 30.2
            [win] => 22.2
            [etap] => за 9 місце 1/2
            [cnt] => 9
            [isGame1] => 18
            [isGame2] => 19
            [isArray] => 5,6,7,8
            [isCnt] => 2
        )

    [22] => Array
        (
            [player1] => 22.1
            [player2] => 22.2
            [lost] => 
            [win] => 
            [etap] => за 9 місце
            [cnt] => 10
        )

    [23] => Array
        (
            [player1] => 23.1
            [player2] => 23.2
            [lost] => 31.1
            [win] => 25.1
            [etap] => за 5 місце 1/2
            [cnt] => 9
        )

    [24] => Array
        (
            [player1] => 24.1
            [player2] => 24.2
            [lost] => 31.2
            [win] => 25.2
            [etap] => за 3 місце 1/2
            [cnt] => 9
        )

    [25] => Array
        (
            [player1] => 25.1
            [player2] => 25.2
            [lost] => 
            [win] => 
            [etap] => за 5 місце
        )

    [26] => Array
        (
            [player1] => 26.1
            [player2] => 26.2
            [lost] => 
            [win] => 
            [etap] => за 3 місце
        )

    [27] => Array
        (
            [player1] => 27.1
            [player2] => 27.2
            [lost] => 32.1
            [win] => 29.1
            [etap] => за 13 місце 1/2
            [isGame1] => 16
            [isGame2] => 17
        )

    [28] => Array
        (
            [player1] => 28.1
            [player2] => 28.2
            [lost] => 32.2
            [win] => 29.2
            [etap] => за 13 місце 1/2
            [isGame1] => 18
            [isGame2] => 19
        )

    [29] => Array
        (
            [player1] => 29.1
            [player2] => 29.2
            [lost] => 
            [win] => 
            [etap] => за 13 місце
            [cnt] => 14
        )

    [30] => Array
        (
            [player1] => 30.1
            [player2] => 30.2
            [lost] => 
            [win] => 
            [etap] => за 11 місце
            [isGame1] => 20
            [isGame2] => 21
        )

    [31] => Array
        (
            [player1] => 31.1
            [player2] => 31.2
            [lost] => 
            [win] => 
            [etap] => за 7 місце
        )

    [32] => Array
        (
            [player1] => 32.1
            [player2] => 32.2
            [lost] => 
            [win] => 
            [etap] => за 15 місце
            [isGame1] => 27
            [isGame2] => 28
        )

)

[2025-07-14 01:43:28] [INFO] (D:\laragon\www\orion\modules\grp_turnirs\reiting\triger\after.edit_ok.php:47) Array
(
    [etap_id] => 3480
    [group_num] => 
    [olimp16_num] => 2
    [win_player] => 
    [lose_player] => 
)

[2025-07-14 01:43:28] [INFO] (D:\laragon\www\orion\modules\grp_turnirs\reiting\triger\after.edit_ok.php:217) 2
[2025-07-14 01:43:28] [INFO] (D:\laragon\www\orion\modules\grp_turnirs\reiting\triger\after.edit_ok.php:223) Array
(
    [1] => Array
        (
            [player1] => 1
            [player2] => 16
            [lost] => 16.1
            [win] => 9.1
            [etap] => 1/8
            [cnt] => 16
        )

    [2] => Array
        (
            [player1] => 9
            [player2] => 8
            [lost] => 16.2
            [win] => 9.2
            [etap] => 1/8
            [cnt] => 9
        )

    [3] => Array
        (
            [player1] => 5
            [player2] => 12
            [lost] => 17.1
            [win] => 10.1
            [etap] => 1/8
            [cnt] => 12
        )

    [4] => Array
        (
            [player1] => 13
            [player2] => 4
            [lost] => 17.2
            [win] => 10.2
            [etap] => 1/8
            [cnt] => 13
        )

    [5] => Array
        (
            [player1] => 3
            [player2] => 14
            [lost] => 18.1
            [win] => 11.1
            [etap] => 1/8
            [cnt] => 14
        )

    [6] => Array
        (
            [player1] => 11
            [player2] => 6
            [lost] => 18.2
            [win] => 11.2
            [etap] => 1/8
            [cnt] => 11
        )

    [7] => Array
        (
            [player1] => 7
            [player2] => 10
            [lost] => 19.1
            [win] => 12.1
            [etap] => 1/8
            [cnt] => 10
        )

    [8] => Array
        (
            [player1] => 15
            [player2] => 2
            [lost] => 19.2
            [win] => 12.2
            [etap] => 1/8
            [cnt] => 15
        )

    [9] => Array
        (
            [player1] => 9.1
            [player2] => 9.2
            [lost] => 23.1
            [win] => 13.1
            [etap] => 1/4
        )

    [10] => Array
        (
            [player1] => 10.1
            [player2] => 10.2
            [lost] => 23.2
            [win] => 13.2
            [etap] => 1/4
        )

    [11] => Array
        (
            [player1] => 11.1
            [player2] => 11.2
            [lost] => 24.1
            [win] => 14.1
            [etap] => 1/4
        )

    [12] => Array
        (
            [player1] => 12.1
            [player2] => 12.2
            [lost] => 24.2
            [win] => 14.2
            [etap] => 1/4
        )

    [13] => Array
        (
            [player1] => 13.1
            [player2] => 13.2
            [lost] => 26.1
            [win] => 15.1
            [etap] => 1/2
        )

    [14] => Array
        (
            [player1] => 14.1
            [player2] => 14.2
            [lost] => 26.2
            [win] => 15.2
            [etap] => 1/2
        )

    [15] => Array
        (
            [player1] => 15.1
            [player2] => 15.2
            [lost] => 
            [win] => 
            [etap] => Фінал
        )

    [16] => Array
        (
            [player1] => 16.1
            [player2] => 16.2
            [lost] => 27.1
            [win] => 20.1
            [etap] => за 9 місце 1/4
            [cnt] => 13
            [isGame1] => 1
            [isGame2] => 2
        )

    [17] => Array
        (
            [player1] => 17.1
            [player2] => 17.2
            [lost] => 27.2
            [win] => 20.2
            [etap] => за 9 місце 1/4
            [cnt] => 13
            [isGame1] => 3
            [isGame2] => 4
        )

    [18] => Array
        (
            [player1] => 18.1
            [player2] => 18.2
            [lost] => 28.1
            [win] => 21.1
            [etap] => за 9 місце 1/4
            [cnt] => 13
            [isGame1] => 5
            [isGame2] => 6
        )

    [19] => Array
        (
            [player1] => 19.1
            [player2] => 19.2
            [lost] => 28.2
            [win] => 21.2
            [etap] => за 9 місце 1/4
            [cnt] => 13
            [isGame1] => 7
            [isGame2] => 8
        )

    [20] => Array
        (
            [player1] => 20.1
            [player2] => 20.2
            [lost] => 30.1
            [win] => 22.1
            [etap] => за 9 місце 1/2
            [cnt] => 9
            [isGame1] => 16
            [isGame2] => 17
            [isArray] => 1,2,3,4
            [isCnt] => 2
        )

    [21] => Array
        (
            [player1] => 21.1
            [player2] => 21.2
            [lost] => 30.2
            [win] => 22.2
            [etap] => за 9 місце 1/2
            [cnt] => 9
            [isGame1] => 18
            [isGame2] => 19
            [isArray] => 5,6,7,8
            [isCnt] => 2
        )

    [22] => Array
        (
            [player1] => 22.1
            [player2] => 22.2
            [lost] => 
            [win] => 
            [etap] => за 9 місце
            [cnt] => 10
        )

    [23] => Array
        (
            [player1] => 23.1
            [player2] => 23.2
            [lost] => 31.1
            [win] => 25.1
            [etap] => за 5 місце 1/2
            [cnt] => 9
        )

    [24] => Array
        (
            [player1] => 24.1
            [player2] => 24.2
            [lost] => 31.2
            [win] => 25.2
            [etap] => за 3 місце 1/2
            [cnt] => 9
        )

    [25] => Array
        (
            [player1] => 25.1
            [player2] => 25.2
            [lost] => 
            [win] => 
            [etap] => за 5 місце
        )

    [26] => Array
        (
            [player1] => 26.1
            [player2] => 26.2
            [lost] => 
            [win] => 
            [etap] => за 3 місце
        )

    [27] => Array
        (
            [player1] => 27.1
            [player2] => 27.2
            [lost] => 32.1
            [win] => 29.1
            [etap] => за 13 місце 1/2
            [isGame1] => 16
            [isGame2] => 17
        )

    [28] => Array
        (
            [player1] => 28.1
            [player2] => 28.2
            [lost] => 32.2
            [win] => 29.2
            [etap] => за 13 місце 1/2
            [isGame1] => 18
            [isGame2] => 19
        )

    [29] => Array
        (
            [player1] => 29.1
            [player2] => 29.2
            [lost] => 
            [win] => 
            [etap] => за 13 місце
            [cnt] => 14
        )

    [30] => Array
        (
            [player1] => 30.1
            [player2] => 30.2
            [lost] => 
            [win] => 
            [etap] => за 11 місце
            [isGame1] => 20
            [isGame2] => 21
        )

    [31] => Array
        (
            [player1] => 31.1
            [player2] => 31.2
            [lost] => 
            [win] => 
            [etap] => за 7 місце
        )

    [32] => Array
        (
            [player1] => 32.1
            [player2] => 32.2
            [lost] => 
            [win] => 
            [etap] => за 15 місце
            [isGame1] => 27
            [isGame2] => 28
        )

)

[2025-07-14 01:43:40] [INFO] (D:\laragon\www\orion\modules\grp_turnirs\reiting\triger\after.edit_ok.php:47) Array
(
    [etap_id] => 3480
    [group_num] => 
    [olimp16_num] => 9
    [win_player] => 
    [lose_player] => 
)

[2025-07-14 01:43:40] [INFO] (D:\laragon\www\orion\modules\grp_turnirs\reiting\triger\after.edit_ok.php:217) 9
[2025-07-14 01:43:40] [INFO] (D:\laragon\www\orion\modules\grp_turnirs\reiting\triger\after.edit_ok.php:223) Array
(
    [1] => Array
        (
            [player1] => 1
            [player2] => 16
            [lost] => 16.1
            [win] => 9.1
            [etap] => 1/8
            [cnt] => 16
        )

    [2] => Array
        (
            [player1] => 9
            [player2] => 8
            [lost] => 16.2
            [win] => 9.2
            [etap] => 1/8
            [cnt] => 9
        )

    [3] => Array
        (
            [player1] => 5
            [player2] => 12
            [lost] => 17.1
            [win] => 10.1
            [etap] => 1/8
            [cnt] => 12
        )

    [4] => Array
        (
            [player1] => 13
            [player2] => 4
            [lost] => 17.2
            [win] => 10.2
            [etap] => 1/8
            [cnt] => 13
        )

    [5] => Array
        (
            [player1] => 3
            [player2] => 14
            [lost] => 18.1
            [win] => 11.1
            [etap] => 1/8
            [cnt] => 14
        )

    [6] => Array
        (
            [player1] => 11
            [player2] => 6
            [lost] => 18.2
            [win] => 11.2
            [etap] => 1/8
            [cnt] => 11
        )

    [7] => Array
        (
            [player1] => 7
            [player2] => 10
            [lost] => 19.1
            [win] => 12.1
            [etap] => 1/8
            [cnt] => 10
        )

    [8] => Array
        (
            [player1] => 15
            [player2] => 2
            [lost] => 19.2
            [win] => 12.2
            [etap] => 1/8
            [cnt] => 15
        )

    [9] => Array
        (
            [player1] => 9.1
            [player2] => 9.2
            [lost] => 23.1
            [win] => 13.1
            [etap] => 1/4
        )

    [10] => Array
        (
            [player1] => 10.1
            [player2] => 10.2
            [lost] => 23.2
            [win] => 13.2
            [etap] => 1/4
        )

    [11] => Array
        (
            [player1] => 11.1
            [player2] => 11.2
            [lost] => 24.1
            [win] => 14.1
            [etap] => 1/4
        )

    [12] => Array
        (
            [player1] => 12.1
            [player2] => 12.2
            [lost] => 24.2
            [win] => 14.2
            [etap] => 1/4
        )

    [13] => Array
        (
            [player1] => 13.1
            [player2] => 13.2
            [lost] => 26.1
            [win] => 15.1
            [etap] => 1/2
        )

    [14] => Array
        (
            [player1] => 14.1
            [player2] => 14.2
            [lost] => 26.2
            [win] => 15.2
            [etap] => 1/2
        )

    [15] => Array
        (
            [player1] => 15.1
            [player2] => 15.2
            [lost] => 
            [win] => 
            [etap] => Фінал
        )

    [16] => Array
        (
            [player1] => 16.1
            [player2] => 16.2
            [lost] => 27.1
            [win] => 20.1
            [etap] => за 9 місце 1/4
            [cnt] => 13
            [isGame1] => 1
            [isGame2] => 2
        )

    [17] => Array
        (
            [player1] => 17.1
            [player2] => 17.2
            [lost] => 27.2
            [win] => 20.2
            [etap] => за 9 місце 1/4
            [cnt] => 13
            [isGame1] => 3
            [isGame2] => 4
        )

    [18] => Array
        (
            [player1] => 18.1
            [player2] => 18.2
            [lost] => 28.1
            [win] => 21.1
            [etap] => за 9 місце 1/4
            [cnt] => 13
            [isGame1] => 5
            [isGame2] => 6
        )

    [19] => Array
        (
            [player1] => 19.1
            [player2] => 19.2
            [lost] => 28.2
            [win] => 21.2
            [etap] => за 9 місце 1/4
            [cnt] => 13
            [isGame1] => 7
            [isGame2] => 8
        )

    [20] => Array
        (
            [player1] => 20.1
            [player2] => 20.2
            [lost] => 30.1
            [win] => 22.1
            [etap] => за 9 місце 1/2
            [cnt] => 9
            [isGame1] => 16
            [isGame2] => 17
            [isArray] => 1,2,3,4
            [isCnt] => 2
        )

    [21] => Array
        (
            [player1] => 21.1
            [player2] => 21.2
            [lost] => 30.2
            [win] => 22.2
            [etap] => за 9 місце 1/2
            [cnt] => 9
            [isGame1] => 18
            [isGame2] => 19
            [isArray] => 5,6,7,8
            [isCnt] => 2
        )

    [22] => Array
        (
            [player1] => 22.1
            [player2] => 22.2
            [lost] => 
            [win] => 
            [etap] => за 9 місце
            [cnt] => 10
        )

    [23] => Array
        (
            [player1] => 23.1
            [player2] => 23.2
            [lost] => 31.1
            [win] => 25.1
            [etap] => за 5 місце 1/2
            [cnt] => 9
        )

    [24] => Array
        (
            [player1] => 24.1
            [player2] => 24.2
            [lost] => 31.2
            [win] => 25.2
            [etap] => за 3 місце 1/2
            [cnt] => 9
        )

    [25] => Array
        (
            [player1] => 25.1
            [player2] => 25.2
            [lost] => 
            [win] => 
            [etap] => за 5 місце
        )

    [26] => Array
        (
            [player1] => 26.1
            [player2] => 26.2
            [lost] => 
            [win] => 
            [etap] => за 3 місце
        )

    [27] => Array
        (
            [player1] => 27.1
            [player2] => 27.2
            [lost] => 32.1
            [win] => 29.1
            [etap] => за 13 місце 1/2
            [isGame1] => 16
            [isGame2] => 17
        )

    [28] => Array
        (
            [player1] => 28.1
            [player2] => 28.2
            [lost] => 32.2
            [win] => 29.2
            [etap] => за 13 місце 1/2
            [isGame1] => 18
            [isGame2] => 19
        )

    [29] => Array
        (
            [player1] => 29.1
            [player2] => 29.2
            [lost] => 
            [win] => 
            [etap] => за 13 місце
            [cnt] => 14
        )

    [30] => Array
        (
            [player1] => 30.1
            [player2] => 30.2
            [lost] => 
            [win] => 
            [etap] => за 11 місце
            [isGame1] => 20
            [isGame2] => 21
        )

    [31] => Array
        (
            [player1] => 31.1
            [player2] => 31.2
            [lost] => 
            [win] => 
            [etap] => за 7 місце
        )

    [32] => Array
        (
            [player1] => 32.1
            [player2] => 32.2
            [lost] => 
            [win] => 
            [etap] => за 15 місце
            [isGame1] => 27
            [isGame2] => 28
        )

)

[2025-07-14 01:43:42] [INFO] (D:\laragon\www\orion\modules\grp_turnirs\reiting\triger\after.edit_ok.php:47) Array
(
    [etap_id] => 3480
    [group_num] => 
    [olimp16_num] => 10
    [win_player] => 
    [lose_player] => 
)

[2025-07-14 01:43:42] [INFO] (D:\laragon\www\orion\modules\grp_turnirs\reiting\triger\after.edit_ok.php:217) 10
[2025-07-14 01:43:42] [INFO] (D:\laragon\www\orion\modules\grp_turnirs\reiting\triger\after.edit_ok.php:223) Array
(
    [1] => Array
        (
            [player1] => 1
            [player2] => 16
            [lost] => 16.1
            [win] => 9.1
            [etap] => 1/8
            [cnt] => 16
        )

    [2] => Array
        (
            [player1] => 9
            [player2] => 8
            [lost] => 16.2
            [win] => 9.2
            [etap] => 1/8
            [cnt] => 9
        )

    [3] => Array
        (
            [player1] => 5
            [player2] => 12
            [lost] => 17.1
            [win] => 10.1
            [etap] => 1/8
            [cnt] => 12
        )

    [4] => Array
        (
            [player1] => 13
            [player2] => 4
            [lost] => 17.2
            [win] => 10.2
            [etap] => 1/8
            [cnt] => 13
        )

    [5] => Array
        (
            [player1] => 3
            [player2] => 14
            [lost] => 18.1
            [win] => 11.1
            [etap] => 1/8
            [cnt] => 14
        )

    [6] => Array
        (
            [player1] => 11
            [player2] => 6
            [lost] => 18.2
            [win] => 11.2
            [etap] => 1/8
            [cnt] => 11
        )

    [7] => Array
        (
            [player1] => 7
            [player2] => 10
            [lost] => 19.1
            [win] => 12.1
            [etap] => 1/8
            [cnt] => 10
        )

    [8] => Array
        (
            [player1] => 15
            [player2] => 2
            [lost] => 19.2
            [win] => 12.2
            [etap] => 1/8
            [cnt] => 15
        )

    [9] => Array
        (
            [player1] => 9.1
            [player2] => 9.2
            [lost] => 23.1
            [win] => 13.1
            [etap] => 1/4
        )

    [10] => Array
        (
            [player1] => 10.1
            [player2] => 10.2
            [lost] => 23.2
            [win] => 13.2
            [etap] => 1/4
        )

    [11] => Array
        (
            [player1] => 11.1
            [player2] => 11.2
            [lost] => 24.1
            [win] => 14.1
            [etap] => 1/4
        )

    [12] => Array
        (
            [player1] => 12.1
            [player2] => 12.2
            [lost] => 24.2
            [win] => 14.2
            [etap] => 1/4
        )

    [13] => Array
        (
            [player1] => 13.1
            [player2] => 13.2
            [lost] => 26.1
            [win] => 15.1
            [etap] => 1/2
        )

    [14] => Array
        (
            [player1] => 14.1
            [player2] => 14.2
            [lost] => 26.2
            [win] => 15.2
            [etap] => 1/2
        )

    [15] => Array
        (
            [player1] => 15.1
            [player2] => 15.2
            [lost] => 
            [win] => 
            [etap] => Фінал
        )

    [16] => Array
        (
            [player1] => 16.1
            [player2] => 16.2
            [lost] => 27.1
            [win] => 20.1
            [etap] => за 9 місце 1/4
            [cnt] => 13
            [isGame1] => 1
            [isGame2] => 2
        )

    [17] => Array
        (
            [player1] => 17.1
            [player2] => 17.2
            [lost] => 27.2
            [win] => 20.2
            [etap] => за 9 місце 1/4
            [cnt] => 13
            [isGame1] => 3
            [isGame2] => 4
        )

    [18] => Array
        (
            [player1] => 18.1
            [player2] => 18.2
            [lost] => 28.1
            [win] => 21.1
            [etap] => за 9 місце 1/4
            [cnt] => 13
            [isGame1] => 5
            [isGame2] => 6
        )

    [19] => Array
        (
            [player1] => 19.1
            [player2] => 19.2
            [lost] => 28.2
            [win] => 21.2
            [etap] => за 9 місце 1/4
            [cnt] => 13
            [isGame1] => 7
            [isGame2] => 8
        )

    [20] => Array
        (
            [player1] => 20.1
            [player2] => 20.2
            [lost] => 30.1
            [win] => 22.1
            [etap] => за 9 місце 1/2
            [cnt] => 9
            [isGame1] => 16
            [isGame2] => 17
            [isArray] => 1,2,3,4
            [isCnt] => 2
        )

    [21] => Array
        (
            [player1] => 21.1
            [player2] => 21.2
            [lost] => 30.2
            [win] => 22.2
            [etap] => за 9 місце 1/2
            [cnt] => 9
            [isGame1] => 18
            [isGame2] => 19
            [isArray] => 5,6,7,8
            [isCnt] => 2
        )

    [22] => Array
        (
            [player1] => 22.1
            [player2] => 22.2
            [lost] => 
            [win] => 
            [etap] => за 9 місце
            [cnt] => 10
        )

    [23] => Array
        (
            [player1] => 23.1
            [player2] => 23.2
            [lost] => 31.1
            [win] => 25.1
            [etap] => за 5 місце 1/2
            [cnt] => 9
        )

    [24] => Array
        (
            [player1] => 24.1
            [player2] => 24.2
            [lost] => 31.2
            [win] => 25.2
            [etap] => за 3 місце 1/2
            [cnt] => 9
        )

    [25] => Array
        (
            [player1] => 25.1
            [player2] => 25.2
            [lost] => 
            [win] => 
            [etap] => за 5 місце
        )

    [26] => Array
        (
            [player1] => 26.1
            [player2] => 26.2
            [lost] => 
            [win] => 
            [etap] => за 3 місце
        )

    [27] => Array
        (
            [player1] => 27.1
            [player2] => 27.2
            [lost] => 32.1
            [win] => 29.1
            [etap] => за 13 місце 1/2
            [isGame1] => 16
            [isGame2] => 17
        )

    [28] => Array
        (
            [player1] => 28.1
            [player2] => 28.2
            [lost] => 32.2
            [win] => 29.2
            [etap] => за 13 місце 1/2
            [isGame1] => 18
            [isGame2] => 19
        )

    [29] => Array
        (
            [player1] => 29.1
            [player2] => 29.2
            [lost] => 
            [win] => 
            [etap] => за 13 місце
            [cnt] => 14
        )

    [30] => Array
        (
            [player1] => 30.1
            [player2] => 30.2
            [lost] => 
            [win] => 
            [etap] => за 11 місце
            [isGame1] => 20
            [isGame2] => 21
        )

    [31] => Array
        (
            [player1] => 31.1
            [player2] => 31.2
            [lost] => 
            [win] => 
            [etap] => за 7 місце
        )

    [32] => Array
        (
            [player1] => 32.1
            [player2] => 32.2
            [lost] => 
            [win] => 
            [etap] => за 15 місце
            [isGame1] => 27
            [isGame2] => 28
        )

)

[2025-07-14 01:43:46] [INFO] (D:\laragon\www\orion\modules\grp_turnirs\reiting\triger\after.edit_ok.php:47) Array
(
    [etap_id] => 3480
    [group_num] => 
    [olimp16_num] => 11
    [win_player] => 
    [lose_player] => 
)

[2025-07-14 01:43:46] [INFO] (D:\laragon\www\orion\modules\grp_turnirs\reiting\triger\after.edit_ok.php:217) 11
[2025-07-14 01:43:46] [INFO] (D:\laragon\www\orion\modules\grp_turnirs\reiting\triger\after.edit_ok.php:223) Array
(
    [1] => Array
        (
            [player1] => 1
            [player2] => 16
            [lost] => 16.1
            [win] => 9.1
            [etap] => 1/8
            [cnt] => 16
        )

    [2] => Array
        (
            [player1] => 9
            [player2] => 8
            [lost] => 16.2
            [win] => 9.2
            [etap] => 1/8
            [cnt] => 9
        )

    [3] => Array
        (
            [player1] => 5
            [player2] => 12
            [lost] => 17.1
            [win] => 10.1
            [etap] => 1/8
            [cnt] => 12
        )

    [4] => Array
        (
            [player1] => 13
            [player2] => 4
            [lost] => 17.2
            [win] => 10.2
            [etap] => 1/8
            [cnt] => 13
        )

    [5] => Array
        (
            [player1] => 3
            [player2] => 14
            [lost] => 18.1
            [win] => 11.1
            [etap] => 1/8
            [cnt] => 14
        )

    [6] => Array
        (
            [player1] => 11
            [player2] => 6
            [lost] => 18.2
            [win] => 11.2
            [etap] => 1/8
            [cnt] => 11
        )

    [7] => Array
        (
            [player1] => 7
            [player2] => 10
            [lost] => 19.1
            [win] => 12.1
            [etap] => 1/8
            [cnt] => 10
        )

    [8] => Array
        (
            [player1] => 15
            [player2] => 2
            [lost] => 19.2
            [win] => 12.2
            [etap] => 1/8
            [cnt] => 15
        )

    [9] => Array
        (
            [player1] => 9.1
            [player2] => 9.2
            [lost] => 23.1
            [win] => 13.1
            [etap] => 1/4
        )

    [10] => Array
        (
            [player1] => 10.1
            [player2] => 10.2
            [lost] => 23.2
            [win] => 13.2
            [etap] => 1/4
        )

    [11] => Array
        (
            [player1] => 11.1
            [player2] => 11.2
            [lost] => 24.1
            [win] => 14.1
            [etap] => 1/4
        )

    [12] => Array
        (
            [player1] => 12.1
            [player2] => 12.2
            [lost] => 24.2
            [win] => 14.2
            [etap] => 1/4
        )

    [13] => Array
        (
            [player1] => 13.1
            [player2] => 13.2
            [lost] => 26.1
            [win] => 15.1
            [etap] => 1/2
        )

    [14] => Array
        (
            [player1] => 14.1
            [player2] => 14.2
            [lost] => 26.2
            [win] => 15.2
            [etap] => 1/2
        )

    [15] => Array
        (
            [player1] => 15.1
            [player2] => 15.2
            [lost] => 
            [win] => 
            [etap] => Фінал
        )

    [16] => Array
        (
            [player1] => 16.1
            [player2] => 16.2
            [lost] => 27.1
            [win] => 20.1
            [etap] => за 9 місце 1/4
            [cnt] => 13
            [isGame1] => 1
            [isGame2] => 2
        )

    [17] => Array
        (
            [player1] => 17.1
            [player2] => 17.2
            [lost] => 27.2
            [win] => 20.2
            [etap] => за 9 місце 1/4
            [cnt] => 13
            [isGame1] => 3
            [isGame2] => 4
        )

    [18] => Array
        (
            [player1] => 18.1
            [player2] => 18.2
            [lost] => 28.1
            [win] => 21.1
            [etap] => за 9 місце 1/4
            [cnt] => 13
            [isGame1] => 5
            [isGame2] => 6
        )

    [19] => Array
        (
            [player1] => 19.1
            [player2] => 19.2
            [lost] => 28.2
            [win] => 21.2
            [etap] => за 9 місце 1/4
            [cnt] => 13
            [isGame1] => 7
            [isGame2] => 8
        )

    [20] => Array
        (
            [player1] => 20.1
            [player2] => 20.2
            [lost] => 30.1
            [win] => 22.1
            [etap] => за 9 місце 1/2
            [cnt] => 9
            [isGame1] => 16
            [isGame2] => 17
            [isArray] => 1,2,3,4
            [isCnt] => 2
        )

    [21] => Array
        (
            [player1] => 21.1
            [player2] => 21.2
            [lost] => 30.2
            [win] => 22.2
            [etap] => за 9 місце 1/2
            [cnt] => 9
            [isGame1] => 18
            [isGame2] => 19
            [isArray] => 5,6,7,8
            [isCnt] => 2
        )

    [22] => Array
        (
            [player1] => 22.1
            [player2] => 22.2
            [lost] => 
            [win] => 
            [etap] => за 9 місце
            [cnt] => 10
        )

    [23] => Array
        (
            [player1] => 23.1
            [player2] => 23.2
            [lost] => 31.1
            [win] => 25.1
            [etap] => за 5 місце 1/2
            [cnt] => 9
        )

    [24] => Array
        (
            [player1] => 24.1
            [player2] => 24.2
            [lost] => 31.2
            [win] => 25.2
            [etap] => за 3 місце 1/2
            [cnt] => 9
        )

    [25] => Array
        (
            [player1] => 25.1
            [player2] => 25.2
            [lost] => 
            [win] => 
            [etap] => за 5 місце
        )

    [26] => Array
        (
            [player1] => 26.1
            [player2] => 26.2
            [lost] => 
            [win] => 
            [etap] => за 3 місце
        )

    [27] => Array
        (
            [player1] => 27.1
            [player2] => 27.2
            [lost] => 32.1
            [win] => 29.1
            [etap] => за 13 місце 1/2
            [isGame1] => 16
            [isGame2] => 17
        )

    [28] => Array
        (
            [player1] => 28.1
            [player2] => 28.2
            [lost] => 32.2
            [win] => 29.2
            [etap] => за 13 місце 1/2
            [isGame1] => 18
            [isGame2] => 19
        )

    [29] => Array
        (
            [player1] => 29.1
            [player2] => 29.2
            [lost] => 
            [win] => 
            [etap] => за 13 місце
            [cnt] => 14
        )

    [30] => Array
        (
            [player1] => 30.1
            [player2] => 30.2
            [lost] => 
            [win] => 
            [etap] => за 11 місце
            [isGame1] => 20
            [isGame2] => 21
        )

    [31] => Array
        (
            [player1] => 31.1
            [player2] => 31.2
            [lost] => 
            [win] => 
            [etap] => за 7 місце
        )

    [32] => Array
        (
            [player1] => 32.1
            [player2] => 32.2
            [lost] => 
            [win] => 
            [etap] => за 15 місце
            [isGame1] => 27
            [isGame2] => 28
        )

)

[2025-07-14 01:43:51] [INFO] (D:\laragon\www\orion\modules\grp_turnirs\reiting\triger\after.edit_ok.php:47) Array
(
    [etap_id] => 3480
    [group_num] => 
    [olimp16_num] => 12
    [win_player] => 
    [lose_player] => 
)

[2025-07-14 01:43:51] [INFO] (D:\laragon\www\orion\modules\grp_turnirs\reiting\triger\after.edit_ok.php:217) 12
[2025-07-14 01:43:51] [INFO] (D:\laragon\www\orion\modules\grp_turnirs\reiting\triger\after.edit_ok.php:223) Array
(
    [1] => Array
        (
            [player1] => 1
            [player2] => 16
            [lost] => 16.1
            [win] => 9.1
            [etap] => 1/8
            [cnt] => 16
        )

    [2] => Array
        (
            [player1] => 9
            [player2] => 8
            [lost] => 16.2
            [win] => 9.2
            [etap] => 1/8
            [cnt] => 9
        )

    [3] => Array
        (
            [player1] => 5
            [player2] => 12
            [lost] => 17.1
            [win] => 10.1
            [etap] => 1/8
            [cnt] => 12
        )

    [4] => Array
        (
            [player1] => 13
            [player2] => 4
            [lost] => 17.2
            [win] => 10.2
            [etap] => 1/8
            [cnt] => 13
        )

    [5] => Array
        (
            [player1] => 3
            [player2] => 14
            [lost] => 18.1
            [win] => 11.1
            [etap] => 1/8
            [cnt] => 14
        )

    [6] => Array
        (
            [player1] => 11
            [player2] => 6
            [lost] => 18.2
            [win] => 11.2
            [etap] => 1/8
            [cnt] => 11
        )

    [7] => Array
        (
            [player1] => 7
            [player2] => 10
            [lost] => 19.1
            [win] => 12.1
            [etap] => 1/8
            [cnt] => 10
        )

    [8] => Array
        (
            [player1] => 15
            [player2] => 2
            [lost] => 19.2
            [win] => 12.2
            [etap] => 1/8
            [cnt] => 15
        )

    [9] => Array
        (
            [player1] => 9.1
            [player2] => 9.2
            [lost] => 23.1
            [win] => 13.1
            [etap] => 1/4
        )

    [10] => Array
        (
            [player1] => 10.1
            [player2] => 10.2
            [lost] => 23.2
            [win] => 13.2
            [etap] => 1/4
        )

    [11] => Array
        (
            [player1] => 11.1
            [player2] => 11.2
            [lost] => 24.1
            [win] => 14.1
            [etap] => 1/4
        )

    [12] => Array
        (
            [player1] => 12.1
            [player2] => 12.2
            [lost] => 24.2
            [win] => 14.2
            [etap] => 1/4
        )

    [13] => Array
        (
            [player1] => 13.1
            [player2] => 13.2
            [lost] => 26.1
            [win] => 15.1
            [etap] => 1/2
        )

    [14] => Array
        (
            [player1] => 14.1
            [player2] => 14.2
            [lost] => 26.2
            [win] => 15.2
            [etap] => 1/2
        )

    [15] => Array
        (
            [player1] => 15.1
            [player2] => 15.2
            [lost] => 
            [win] => 
            [etap] => Фінал
        )

    [16] => Array
        (
            [player1] => 16.1
            [player2] => 16.2
            [lost] => 27.1
            [win] => 20.1
            [etap] => за 9 місце 1/4
            [cnt] => 13
            [isGame1] => 1
            [isGame2] => 2
        )

    [17] => Array
        (
            [player1] => 17.1
            [player2] => 17.2
            [lost] => 27.2
            [win] => 20.2
            [etap] => за 9 місце 1/4
            [cnt] => 13
            [isGame1] => 3
            [isGame2] => 4
        )

    [18] => Array
        (
            [player1] => 18.1
            [player2] => 18.2
            [lost] => 28.1
            [win] => 21.1
            [etap] => за 9 місце 1/4
            [cnt] => 13
            [isGame1] => 5
            [isGame2] => 6
        )

    [19] => Array
        (
            [player1] => 19.1
            [player2] => 19.2
            [lost] => 28.2
            [win] => 21.2
            [etap] => за 9 місце 1/4
            [cnt] => 13
            [isGame1] => 7
            [isGame2] => 8
        )

    [20] => Array
        (
            [player1] => 20.1
            [player2] => 20.2
            [lost] => 30.1
            [win] => 22.1
            [etap] => за 9 місце 1/2
            [cnt] => 9
            [isGame1] => 16
            [isGame2] => 17
            [isArray] => 1,2,3,4
            [isCnt] => 2
        )

    [21] => Array
        (
            [player1] => 21.1
            [player2] => 21.2
            [lost] => 30.2
            [win] => 22.2
            [etap] => за 9 місце 1/2
            [cnt] => 9
            [isGame1] => 18
            [isGame2] => 19
            [isArray] => 5,6,7,8
            [isCnt] => 2
        )

    [22] => Array
        (
            [player1] => 22.1
            [player2] => 22.2
            [lost] => 
            [win] => 
            [etap] => за 9 місце
            [cnt] => 10
        )

    [23] => Array
        (
            [player1] => 23.1
            [player2] => 23.2
            [lost] => 31.1
            [win] => 25.1
            [etap] => за 5 місце 1/2
            [cnt] => 9
        )

    [24] => Array
        (
            [player1] => 24.1
            [player2] => 24.2
            [lost] => 31.2
            [win] => 25.2
            [etap] => за 3 місце 1/2
            [cnt] => 9
        )

    [25] => Array
        (
            [player1] => 25.1
            [player2] => 25.2
            [lost] => 
            [win] => 
            [etap] => за 5 місце
        )

    [26] => Array
        (
            [player1] => 26.1
            [player2] => 26.2
            [lost] => 
            [win] => 
            [etap] => за 3 місце
        )

    [27] => Array
        (
            [player1] => 27.1
            [player2] => 27.2
            [lost] => 32.1
            [win] => 29.1
            [etap] => за 13 місце 1/2
            [isGame1] => 16
            [isGame2] => 17
        )

    [28] => Array
        (
            [player1] => 28.1
            [player2] => 28.2
            [lost] => 32.2
            [win] => 29.2
            [etap] => за 13 місце 1/2
            [isGame1] => 18
            [isGame2] => 19
        )

    [29] => Array
        (
            [player1] => 29.1
            [player2] => 29.2
            [lost] => 
            [win] => 
            [etap] => за 13 місце
            [cnt] => 14
        )

    [30] => Array
        (
            [player1] => 30.1
            [player2] => 30.2
            [lost] => 
            [win] => 
            [etap] => за 11 місце
            [isGame1] => 20
            [isGame2] => 21
        )

    [31] => Array
        (
            [player1] => 31.1
            [player2] => 31.2
            [lost] => 
            [win] => 
            [etap] => за 7 місце
        )

    [32] => Array
        (
            [player1] => 32.1
            [player2] => 32.2
            [lost] => 
            [win] => 
            [etap] => за 15 місце
            [isGame1] => 27
            [isGame2] => 28
        )

)

[2025-07-14 01:44:04] [INFO] (D:\laragon\www\orion\modules\grp_turnirs\reiting\triger\after.edit_ok.php:47) Array
(
    [etap_id] => 3480
    [group_num] => 
    [olimp16_num] => 13
    [win_player] => 
    [lose_player] => 
)

[2025-07-14 01:44:04] [INFO] (D:\laragon\www\orion\modules\grp_turnirs\reiting\triger\after.edit_ok.php:217) 13
[2025-07-14 01:44:04] [INFO] (D:\laragon\www\orion\modules\grp_turnirs\reiting\triger\after.edit_ok.php:223) Array
(
    [1] => Array
        (
            [player1] => 1
            [player2] => 16
            [lost] => 16.1
            [win] => 9.1
            [etap] => 1/8
            [cnt] => 16
        )

    [2] => Array
        (
            [player1] => 9
            [player2] => 8
            [lost] => 16.2
            [win] => 9.2
            [etap] => 1/8
            [cnt] => 9
        )

    [3] => Array
        (
            [player1] => 5
            [player2] => 12
            [lost] => 17.1
            [win] => 10.1
            [etap] => 1/8
            [cnt] => 12
        )

    [4] => Array
        (
            [player1] => 13
            [player2] => 4
            [lost] => 17.2
            [win] => 10.2
            [etap] => 1/8
            [cnt] => 13
        )

    [5] => Array
        (
            [player1] => 3
            [player2] => 14
            [lost] => 18.1
            [win] => 11.1
            [etap] => 1/8
            [cnt] => 14
        )

    [6] => Array
        (
            [player1] => 11
            [player2] => 6
            [lost] => 18.2
            [win] => 11.2
            [etap] => 1/8
            [cnt] => 11
        )

    [7] => Array
        (
            [player1] => 7
            [player2] => 10
            [lost] => 19.1
            [win] => 12.1
            [etap] => 1/8
            [cnt] => 10
        )

    [8] => Array
        (
            [player1] => 15
            [player2] => 2
            [lost] => 19.2
            [win] => 12.2
            [etap] => 1/8
            [cnt] => 15
        )

    [9] => Array
        (
            [player1] => 9.1
            [player2] => 9.2
            [lost] => 23.1
            [win] => 13.1
            [etap] => 1/4
        )

    [10] => Array
        (
            [player1] => 10.1
            [player2] => 10.2
            [lost] => 23.2
            [win] => 13.2
            [etap] => 1/4
        )

    [11] => Array
        (
            [player1] => 11.1
            [player2] => 11.2
            [lost] => 24.1
            [win] => 14.1
            [etap] => 1/4
        )

    [12] => Array
        (
            [player1] => 12.1
            [player2] => 12.2
            [lost] => 24.2
            [win] => 14.2
            [etap] => 1/4
        )

    [13] => Array
        (
            [player1] => 13.1
            [player2] => 13.2
            [lost] => 26.1
            [win] => 15.1
            [etap] => 1/2
        )

    [14] => Array
        (
            [player1] => 14.1
            [player2] => 14.2
            [lost] => 26.2
            [win] => 15.2
            [etap] => 1/2
        )

    [15] => Array
        (
            [player1] => 15.1
            [player2] => 15.2
            [lost] => 
            [win] => 
            [etap] => Фінал
        )

    [16] => Array
        (
            [player1] => 16.1
            [player2] => 16.2
            [lost] => 27.1
            [win] => 20.1
            [etap] => за 9 місце 1/4
            [cnt] => 13
            [isGame1] => 1
            [isGame2] => 2
        )

    [17] => Array
        (
            [player1] => 17.1
            [player2] => 17.2
            [lost] => 27.2
            [win] => 20.2
            [etap] => за 9 місце 1/4
            [cnt] => 13
            [isGame1] => 3
            [isGame2] => 4
        )

    [18] => Array
        (
            [player1] => 18.1
            [player2] => 18.2
            [lost] => 28.1
            [win] => 21.1
            [etap] => за 9 місце 1/4
            [cnt] => 13
            [isGame1] => 5
            [isGame2] => 6
        )

    [19] => Array
        (
            [player1] => 19.1
            [player2] => 19.2
            [lost] => 28.2
            [win] => 21.2
            [etap] => за 9 місце 1/4
            [cnt] => 13
            [isGame1] => 7
            [isGame2] => 8
        )

    [20] => Array
        (
            [player1] => 20.1
            [player2] => 20.2
            [lost] => 30.1
            [win] => 22.1
            [etap] => за 9 місце 1/2
            [cnt] => 9
            [isGame1] => 16
            [isGame2] => 17
            [isArray] => 1,2,3,4
            [isCnt] => 2
        )

    [21] => Array
        (
            [player1] => 21.1
            [player2] => 21.2
            [lost] => 30.2
            [win] => 22.2
            [etap] => за 9 місце 1/2
            [cnt] => 9
            [isGame1] => 18
            [isGame2] => 19
            [isArray] => 5,6,7,8
            [isCnt] => 2
        )

    [22] => Array
        (
            [player1] => 22.1
            [player2] => 22.2
            [lost] => 
            [win] => 
            [etap] => за 9 місце
            [cnt] => 10
        )

    [23] => Array
        (
            [player1] => 23.1
            [player2] => 23.2
            [lost] => 31.1
            [win] => 25.1
            [etap] => за 5 місце 1/2
            [cnt] => 9
        )

    [24] => Array
        (
            [player1] => 24.1
            [player2] => 24.2
            [lost] => 31.2
            [win] => 25.2
            [etap] => за 3 місце 1/2
            [cnt] => 9
        )

    [25] => Array
        (
            [player1] => 25.1
            [player2] => 25.2
            [lost] => 
            [win] => 
            [etap] => за 5 місце
        )

    [26] => Array
        (
            [player1] => 26.1
            [player2] => 26.2
            [lost] => 
            [win] => 
            [etap] => за 3 місце
        )

    [27] => Array
        (
            [player1] => 27.1
            [player2] => 27.2
            [lost] => 32.1
            [win] => 29.1
            [etap] => за 13 місце 1/2
            [isGame1] => 16
            [isGame2] => 17
        )

    [28] => Array
        (
            [player1] => 28.1
            [player2] => 28.2
            [lost] => 32.2
            [win] => 29.2
            [etap] => за 13 місце 1/2
            [isGame1] => 18
            [isGame2] => 19
        )

    [29] => Array
        (
            [player1] => 29.1
            [player2] => 29.2
            [lost] => 
            [win] => 
            [etap] => за 13 місце
            [cnt] => 14
        )

    [30] => Array
        (
            [player1] => 30.1
            [player2] => 30.2
            [lost] => 
            [win] => 
            [etap] => за 11 місце
            [isGame1] => 20
            [isGame2] => 21
        )

    [31] => Array
        (
            [player1] => 31.1
            [player2] => 31.2
            [lost] => 
            [win] => 
            [etap] => за 7 місце
        )

    [32] => Array
        (
            [player1] => 32.1
            [player2] => 32.2
            [lost] => 
            [win] => 
            [etap] => за 15 місце
            [isGame1] => 27
            [isGame2] => 28
        )

)

[2025-07-14 01:44:06] [INFO] (D:\laragon\www\orion\modules\grp_turnirs\reiting\triger\after.edit_ok.php:47) Array
(
    [etap_id] => 3480
    [group_num] => 
    [olimp16_num] => 14
    [win_player] => 
    [lose_player] => 
)

[2025-07-14 01:44:06] [INFO] (D:\laragon\www\orion\modules\grp_turnirs\reiting\triger\after.edit_ok.php:217) 14
[2025-07-14 01:44:06] [INFO] (D:\laragon\www\orion\modules\grp_turnirs\reiting\triger\after.edit_ok.php:223) Array
(
    [1] => Array
        (
            [player1] => 1
            [player2] => 16
            [lost] => 16.1
            [win] => 9.1
            [etap] => 1/8
            [cnt] => 16
        )

    [2] => Array
        (
            [player1] => 9
            [player2] => 8
            [lost] => 16.2
            [win] => 9.2
            [etap] => 1/8
            [cnt] => 9
        )

    [3] => Array
        (
            [player1] => 5
            [player2] => 12
            [lost] => 17.1
            [win] => 10.1
            [etap] => 1/8
            [cnt] => 12
        )

    [4] => Array
        (
            [player1] => 13
            [player2] => 4
            [lost] => 17.2
            [win] => 10.2
            [etap] => 1/8
            [cnt] => 13
        )

    [5] => Array
        (
            [player1] => 3
            [player2] => 14
            [lost] => 18.1
            [win] => 11.1
            [etap] => 1/8
            [cnt] => 14
        )

    [6] => Array
        (
            [player1] => 11
            [player2] => 6
            [lost] => 18.2
            [win] => 11.2
            [etap] => 1/8
            [cnt] => 11
        )

    [7] => Array
        (
            [player1] => 7
            [player2] => 10
            [lost] => 19.1
            [win] => 12.1
            [etap] => 1/8
            [cnt] => 10
        )

    [8] => Array
        (
            [player1] => 15
            [player2] => 2
            [lost] => 19.2
            [win] => 12.2
            [etap] => 1/8
            [cnt] => 15
        )

    [9] => Array
        (
            [player1] => 9.1
            [player2] => 9.2
            [lost] => 23.1
            [win] => 13.1
            [etap] => 1/4
        )

    [10] => Array
        (
            [player1] => 10.1
            [player2] => 10.2
            [lost] => 23.2
            [win] => 13.2
            [etap] => 1/4
        )

    [11] => Array
        (
            [player1] => 11.1
            [player2] => 11.2
            [lost] => 24.1
            [win] => 14.1
            [etap] => 1/4
        )

    [12] => Array
        (
            [player1] => 12.1
            [player2] => 12.2
            [lost] => 24.2
            [win] => 14.2
            [etap] => 1/4
        )

    [13] => Array
        (
            [player1] => 13.1
            [player2] => 13.2
            [lost] => 26.1
            [win] => 15.1
            [etap] => 1/2
        )

    [14] => Array
        (
            [player1] => 14.1
            [player2] => 14.2
            [lost] => 26.2
            [win] => 15.2
            [etap] => 1/2
        )

    [15] => Array
        (
            [player1] => 15.1
            [player2] => 15.2
            [lost] => 
            [win] => 
            [etap] => Фінал
        )

    [16] => Array
        (
            [player1] => 16.1
            [player2] => 16.2
            [lost] => 27.1
            [win] => 20.1
            [etap] => за 9 місце 1/4
            [cnt] => 13
            [isGame1] => 1
            [isGame2] => 2
        )

    [17] => Array
        (
            [player1] => 17.1
            [player2] => 17.2
            [lost] => 27.2
            [win] => 20.2
            [etap] => за 9 місце 1/4
            [cnt] => 13
            [isGame1] => 3
            [isGame2] => 4
        )

    [18] => Array
        (
            [player1] => 18.1
            [player2] => 18.2
            [lost] => 28.1
            [win] => 21.1
            [etap] => за 9 місце 1/4
            [cnt] => 13
            [isGame1] => 5
            [isGame2] => 6
        )

    [19] => Array
        (
            [player1] => 19.1
            [player2] => 19.2
            [lost] => 28.2
            [win] => 21.2
            [etap] => за 9 місце 1/4
            [cnt] => 13
            [isGame1] => 7
            [isGame2] => 8
        )

    [20] => Array
        (
            [player1] => 20.1
            [player2] => 20.2
            [lost] => 30.1
            [win] => 22.1
            [etap] => за 9 місце 1/2
            [cnt] => 9
            [isGame1] => 16
            [isGame2] => 17
            [isArray] => 1,2,3,4
            [isCnt] => 2
        )

    [21] => Array
        (
            [player1] => 21.1
            [player2] => 21.2
            [lost] => 30.2
            [win] => 22.2
            [etap] => за 9 місце 1/2
            [cnt] => 9
            [isGame1] => 18
            [isGame2] => 19
            [isArray] => 5,6,7,8
            [isCnt] => 2
        )

    [22] => Array
        (
            [player1] => 22.1
            [player2] => 22.2
            [lost] => 
            [win] => 
            [etap] => за 9 місце
            [cnt] => 10
        )

    [23] => Array
        (
            [player1] => 23.1
            [player2] => 23.2
            [lost] => 31.1
            [win] => 25.1
            [etap] => за 5 місце 1/2
            [cnt] => 9
        )

    [24] => Array
        (
            [player1] => 24.1
            [player2] => 24.2
            [lost] => 31.2
            [win] => 25.2
            [etap] => за 3 місце 1/2
            [cnt] => 9
        )

    [25] => Array
        (
            [player1] => 25.1
            [player2] => 25.2
            [lost] => 
            [win] => 
            [etap] => за 5 місце
        )

    [26] => Array
        (
            [player1] => 26.1
            [player2] => 26.2
            [lost] => 
            [win] => 
            [etap] => за 3 місце
        )

    [27] => Array
        (
            [player1] => 27.1
            [player2] => 27.2
            [lost] => 32.1
            [win] => 29.1
            [etap] => за 13 місце 1/2
            [isGame1] => 16
            [isGame2] => 17
        )

    [28] => Array
        (
            [player1] => 28.1
            [player2] => 28.2
            [lost] => 32.2
            [win] => 29.2
            [etap] => за 13 місце 1/2
            [isGame1] => 18
            [isGame2] => 19
        )

    [29] => Array
        (
            [player1] => 29.1
            [player2] => 29.2
            [lost] => 
            [win] => 
            [etap] => за 13 місце
            [cnt] => 14
        )

    [30] => Array
        (
            [player1] => 30.1
            [player2] => 30.2
            [lost] => 
            [win] => 
            [etap] => за 11 місце
            [isGame1] => 20
            [isGame2] => 21
        )

    [31] => Array
        (
            [player1] => 31.1
            [player2] => 31.2
            [lost] => 
            [win] => 
            [etap] => за 7 місце
        )

    [32] => Array
        (
            [player1] => 32.1
            [player2] => 32.2
            [lost] => 
            [win] => 
            [etap] => за 15 місце
            [isGame1] => 27
            [isGame2] => 28
        )

)

[2025-07-14 01:44:19] [INFO] (D:\laragon\www\orion\modules\grp_turnirs\reiting\triger\after.edit_ok.php:47) Array
(
    [etap_id] => 3480
    [group_num] => 
    [olimp16_num] => 15
    [win_player] => 
    [lose_player] => 
)

[2025-07-14 01:44:19] [INFO] (D:\laragon\www\orion\modules\grp_turnirs\reiting\triger\after.edit_ok.php:217) 15
[2025-07-14 01:44:19] [INFO] (D:\laragon\www\orion\modules\grp_turnirs\reiting\triger\after.edit_ok.php:223) Array
(
    [1] => Array
        (
            [player1] => 1
            [player2] => 16
            [lost] => 16.1
            [win] => 9.1
            [etap] => 1/8
            [cnt] => 16
        )

    [2] => Array
        (
            [player1] => 9
            [player2] => 8
            [lost] => 16.2
            [win] => 9.2
            [etap] => 1/8
            [cnt] => 9
        )

    [3] => Array
        (
            [player1] => 5
            [player2] => 12
            [lost] => 17.1
            [win] => 10.1
            [etap] => 1/8
            [cnt] => 12
        )

    [4] => Array
        (
            [player1] => 13
            [player2] => 4
            [lost] => 17.2
            [win] => 10.2
            [etap] => 1/8
            [cnt] => 13
        )

    [5] => Array
        (
            [player1] => 3
            [player2] => 14
            [lost] => 18.1
            [win] => 11.1
            [etap] => 1/8
            [cnt] => 14
        )

    [6] => Array
        (
            [player1] => 11
            [player2] => 6
            [lost] => 18.2
            [win] => 11.2
            [etap] => 1/8
            [cnt] => 11
        )

    [7] => Array
        (
            [player1] => 7
            [player2] => 10
            [lost] => 19.1
            [win] => 12.1
            [etap] => 1/8
            [cnt] => 10
        )

    [8] => Array
        (
            [player1] => 15
            [player2] => 2
            [lost] => 19.2
            [win] => 12.2
            [etap] => 1/8
            [cnt] => 15
        )

    [9] => Array
        (
            [player1] => 9.1
            [player2] => 9.2
            [lost] => 23.1
            [win] => 13.1
            [etap] => 1/4
        )

    [10] => Array
        (
            [player1] => 10.1
            [player2] => 10.2
            [lost] => 23.2
            [win] => 13.2
            [etap] => 1/4
        )

    [11] => Array
        (
            [player1] => 11.1
            [player2] => 11.2
            [lost] => 24.1
            [win] => 14.1
            [etap] => 1/4
        )

    [12] => Array
        (
            [player1] => 12.1
            [player2] => 12.2
            [lost] => 24.2
            [win] => 14.2
            [etap] => 1/4
        )

    [13] => Array
        (
            [player1] => 13.1
            [player2] => 13.2
            [lost] => 26.1
            [win] => 15.1
            [etap] => 1/2
        )

    [14] => Array
        (
            [player1] => 14.1
            [player2] => 14.2
            [lost] => 26.2
            [win] => 15.2
            [etap] => 1/2
        )

    [15] => Array
        (
            [player1] => 15.1
            [player2] => 15.2
            [lost] => 
            [win] => 
            [etap] => Фінал
        )

    [16] => Array
        (
            [player1] => 16.1
            [player2] => 16.2
            [lost] => 27.1
            [win] => 20.1
            [etap] => за 9 місце 1/4
            [cnt] => 13
            [isGame1] => 1
            [isGame2] => 2
        )

    [17] => Array
        (
            [player1] => 17.1
            [player2] => 17.2
            [lost] => 27.2
            [win] => 20.2
            [etap] => за 9 місце 1/4
            [cnt] => 13
            [isGame1] => 3
            [isGame2] => 4
        )

    [18] => Array
        (
            [player1] => 18.1
            [player2] => 18.2
            [lost] => 28.1
            [win] => 21.1
            [etap] => за 9 місце 1/4
            [cnt] => 13
            [isGame1] => 5
            [isGame2] => 6
        )

    [19] => Array
        (
            [player1] => 19.1
            [player2] => 19.2
            [lost] => 28.2
            [win] => 21.2
            [etap] => за 9 місце 1/4
            [cnt] => 13
            [isGame1] => 7
            [isGame2] => 8
        )

    [20] => Array
        (
            [player1] => 20.1
            [player2] => 20.2
            [lost] => 30.1
            [win] => 22.1
            [etap] => за 9 місце 1/2
            [cnt] => 9
            [isGame1] => 16
            [isGame2] => 17
            [isArray] => 1,2,3,4
            [isCnt] => 2
        )

    [21] => Array
        (
            [player1] => 21.1
            [player2] => 21.2
            [lost] => 30.2
            [win] => 22.2
            [etap] => за 9 місце 1/2
            [cnt] => 9
            [isGame1] => 18
            [isGame2] => 19
            [isArray] => 5,6,7,8
            [isCnt] => 2
        )

    [22] => Array
        (
            [player1] => 22.1
            [player2] => 22.2
            [lost] => 
            [win] => 
            [etap] => за 9 місце
            [cnt] => 10
        )

    [23] => Array
        (
            [player1] => 23.1
            [player2] => 23.2
            [lost] => 31.1
            [win] => 25.1
            [etap] => за 5 місце 1/2
            [cnt] => 9
        )

    [24] => Array
        (
            [player1] => 24.1
            [player2] => 24.2
            [lost] => 31.2
            [win] => 25.2
            [etap] => за 3 місце 1/2
            [cnt] => 9
        )

    [25] => Array
        (
            [player1] => 25.1
            [player2] => 25.2
            [lost] => 
            [win] => 
            [etap] => за 5 місце
        )

    [26] => Array
        (
            [player1] => 26.1
            [player2] => 26.2
            [lost] => 
            [win] => 
            [etap] => за 3 місце
        )

    [27] => Array
        (
            [player1] => 27.1
            [player2] => 27.2
            [lost] => 32.1
            [win] => 29.1
            [etap] => за 13 місце 1/2
            [isGame1] => 16
            [isGame2] => 17
        )

    [28] => Array
        (
            [player1] => 28.1
            [player2] => 28.2
            [lost] => 32.2
            [win] => 29.2
            [etap] => за 13 місце 1/2
            [isGame1] => 18
            [isGame2] => 19
        )

    [29] => Array
        (
            [player1] => 29.1
            [player2] => 29.2
            [lost] => 
            [win] => 
            [etap] => за 13 місце
            [cnt] => 14
        )

    [30] => Array
        (
            [player1] => 30.1
            [player2] => 30.2
            [lost] => 
            [win] => 
            [etap] => за 11 місце
            [isGame1] => 20
            [isGame2] => 21
        )

    [31] => Array
        (
            [player1] => 31.1
            [player2] => 31.2
            [lost] => 
            [win] => 
            [etap] => за 7 місце
        )

    [32] => Array
        (
            [player1] => 32.1
            [player2] => 32.2
            [lost] => 
            [win] => 
            [etap] => за 15 місце
            [isGame1] => 27
            [isGame2] => 28
        )

)

[2025-07-14 01:44:23] [INFO] (D:\laragon\www\orion\modules\grp_turnirs\reiting\triger\after.edit_ok.php:47) Array
(
    [etap_id] => 3480
    [group_num] => 
    [olimp16_num] => 26
    [win_player] => 
    [lose_player] => 
)

[2025-07-14 01:44:23] [INFO] (D:\laragon\www\orion\modules\grp_turnirs\reiting\triger\after.edit_ok.php:217) 26
[2025-07-14 01:44:23] [INFO] (D:\laragon\www\orion\modules\grp_turnirs\reiting\triger\after.edit_ok.php:223) Array
(
    [1] => Array
        (
            [player1] => 1
            [player2] => 16
            [lost] => 16.1
            [win] => 9.1
            [etap] => 1/8
            [cnt] => 16
        )

    [2] => Array
        (
            [player1] => 9
            [player2] => 8
            [lost] => 16.2
            [win] => 9.2
            [etap] => 1/8
            [cnt] => 9
        )

    [3] => Array
        (
            [player1] => 5
            [player2] => 12
            [lost] => 17.1
            [win] => 10.1
            [etap] => 1/8
            [cnt] => 12
        )

    [4] => Array
        (
            [player1] => 13
            [player2] => 4
            [lost] => 17.2
            [win] => 10.2
            [etap] => 1/8
            [cnt] => 13
        )

    [5] => Array
        (
            [player1] => 3
            [player2] => 14
            [lost] => 18.1
            [win] => 11.1
            [etap] => 1/8
            [cnt] => 14
        )

    [6] => Array
        (
            [player1] => 11
            [player2] => 6
            [lost] => 18.2
            [win] => 11.2
            [etap] => 1/8
            [cnt] => 11
        )

    [7] => Array
        (
            [player1] => 7
            [player2] => 10
            [lost] => 19.1
            [win] => 12.1
            [etap] => 1/8
            [cnt] => 10
        )

    [8] => Array
        (
            [player1] => 15
            [player2] => 2
            [lost] => 19.2
            [win] => 12.2
            [etap] => 1/8
            [cnt] => 15
        )

    [9] => Array
        (
            [player1] => 9.1
            [player2] => 9.2
            [lost] => 23.1
            [win] => 13.1
            [etap] => 1/4
        )

    [10] => Array
        (
            [player1] => 10.1
            [player2] => 10.2
            [lost] => 23.2
            [win] => 13.2
            [etap] => 1/4
        )

    [11] => Array
        (
            [player1] => 11.1
            [player2] => 11.2
            [lost] => 24.1
            [win] => 14.1
            [etap] => 1/4
        )

    [12] => Array
        (
            [player1] => 12.1
            [player2] => 12.2
            [lost] => 24.2
            [win] => 14.2
            [etap] => 1/4
        )

    [13] => Array
        (
            [player1] => 13.1
            [player2] => 13.2
            [lost] => 26.1
            [win] => 15.1
            [etap] => 1/2
        )

    [14] => Array
        (
            [player1] => 14.1
            [player2] => 14.2
            [lost] => 26.2
            [win] => 15.2
            [etap] => 1/2
        )

    [15] => Array
        (
            [player1] => 15.1
            [player2] => 15.2
            [lost] => 
            [win] => 
            [etap] => Фінал
        )

    [16] => Array
        (
            [player1] => 16.1
            [player2] => 16.2
            [lost] => 27.1
            [win] => 20.1
            [etap] => за 9 місце 1/4
            [cnt] => 13
            [isGame1] => 1
            [isGame2] => 2
        )

    [17] => Array
        (
            [player1] => 17.1
            [player2] => 17.2
            [lost] => 27.2
            [win] => 20.2
            [etap] => за 9 місце 1/4
            [cnt] => 13
            [isGame1] => 3
            [isGame2] => 4
        )

    [18] => Array
        (
            [player1] => 18.1
            [player2] => 18.2
            [lost] => 28.1
            [win] => 21.1
            [etap] => за 9 місце 1/4
            [cnt] => 13
            [isGame1] => 5
            [isGame2] => 6
        )

    [19] => Array
        (
            [player1] => 19.1
            [player2] => 19.2
            [lost] => 28.2
            [win] => 21.2
            [etap] => за 9 місце 1/4
            [cnt] => 13
            [isGame1] => 7
            [isGame2] => 8
        )

    [20] => Array
        (
            [player1] => 20.1
            [player2] => 20.2
            [lost] => 30.1
            [win] => 22.1
            [etap] => за 9 місце 1/2
            [cnt] => 9
            [isGame1] => 16
            [isGame2] => 17
            [isArray] => 1,2,3,4
            [isCnt] => 2
        )

    [21] => Array
        (
            [player1] => 21.1
            [player2] => 21.2
            [lost] => 30.2
            [win] => 22.2
            [etap] => за 9 місце 1/2
            [cnt] => 9
            [isGame1] => 18
            [isGame2] => 19
            [isArray] => 5,6,7,8
            [isCnt] => 2
        )

    [22] => Array
        (
            [player1] => 22.1
            [player2] => 22.2
            [lost] => 
            [win] => 
            [etap] => за 9 місце
            [cnt] => 10
        )

    [23] => Array
        (
            [player1] => 23.1
            [player2] => 23.2
            [lost] => 31.1
            [win] => 25.1
            [etap] => за 5 місце 1/2
            [cnt] => 9
        )

    [24] => Array
        (
            [player1] => 24.1
            [player2] => 24.2
            [lost] => 31.2
            [win] => 25.2
            [etap] => за 3 місце 1/2
            [cnt] => 9
        )

    [25] => Array
        (
            [player1] => 25.1
            [player2] => 25.2
            [lost] => 
            [win] => 
            [etap] => за 5 місце
        )

    [26] => Array
        (
            [player1] => 26.1
            [player2] => 26.2
            [lost] => 
            [win] => 
            [etap] => за 3 місце
        )

    [27] => Array
        (
            [player1] => 27.1
            [player2] => 27.2
            [lost] => 32.1
            [win] => 29.1
            [etap] => за 13 місце 1/2
            [isGame1] => 16
            [isGame2] => 17
        )

    [28] => Array
        (
            [player1] => 28.1
            [player2] => 28.2
            [lost] => 32.2
            [win] => 29.2
            [etap] => за 13 місце 1/2
            [isGame1] => 18
            [isGame2] => 19
        )

    [29] => Array
        (
            [player1] => 29.1
            [player2] => 29.2
            [lost] => 
            [win] => 
            [etap] => за 13 місце
            [cnt] => 14
        )

    [30] => Array
        (
            [player1] => 30.1
            [player2] => 30.2
            [lost] => 
            [win] => 
            [etap] => за 11 місце
            [isGame1] => 20
            [isGame2] => 21
        )

    [31] => Array
        (
            [player1] => 31.1
            [player2] => 31.2
            [lost] => 
            [win] => 
            [etap] => за 7 місце
        )

    [32] => Array
        (
            [player1] => 32.1
            [player2] => 32.2
            [lost] => 
            [win] => 
            [etap] => за 15 місце
            [isGame1] => 27
            [isGame2] => 28
        )

)

