[2025-06-22 15:03:00] [NOTICE] (D:\Dropbox\OpenServer\domains\orion\func\error_func.php:29) Creation of dynamic property auth_users::$timestamp is deprecated
[2025-06-22 15:03:00] [NOTICE] (D:\Dropbox\OpenServer\domains\orion\func\error_func.php:29) Creation of dynamic property auth_users::$ip is deprecated
[2025-06-22 15:03:00] [NOTICE] (D:\Dropbox\OpenServer\domains\orion\func\error_func.php:29) Creation of dynamic property auth_users::$ip_net is deprecated
[2025-06-22 15:03:00] [NOTICE] (D:\Dropbox\OpenServer\domains\orion\func\error_func.php:29) Creation of dynamic property auth_users::$browser is deprecated
[2025-06-22 15:03:01] [NOTICE] (D:\Dropbox\OpenServer\domains\orion\func\error_func.php:29) Creation of dynamic property auth_users::$timestamp is deprecated
[2025-06-22 15:03:01] [NOTICE] (D:\Dropbox\OpenServer\domains\orion\func\error_func.php:29) Creation of dynamic property auth_users::$ip is deprecated
[2025-06-22 15:03:01] [NOTICE] (D:\Dropbox\OpenServer\domains\orion\func\error_func.php:29) Creation of dynamic property auth_users::$ip_net is deprecated
[2025-06-22 15:03:01] [NOTICE] (D:\Dropbox\OpenServer\domains\orion\func\error_func.php:29) Creation of dynamic property auth_users::$browser is deprecated
[2025-06-22 15:03:01] [NOTICE] (D:\Dropbox\OpenServer\domains\orion\func\error_func.php:29) Creation of dynamic property ActionModule::$aEditField is deprecated
[2025-06-22 15:03:01] [NOTICE] (D:\Dropbox\OpenServer\domains\orion\func\error_func.php:29) Creation of dynamic property ShowAction::$aEditField is deprecated
[2025-06-22 15:17:20] [NOTICE] (D:\Dropbox\OpenServer\domains\orion\func\error_func.php:29) Creation of dynamic property auth_users::$timestamp is deprecated
[2025-06-22 15:17:20] [NOTICE] (D:\Dropbox\OpenServer\domains\orion\func\error_func.php:29) Creation of dynamic property auth_users::$ip is deprecated
[2025-06-22 15:17:20] [NOTICE] (D:\Dropbox\OpenServer\domains\orion\func\error_func.php:29) Creation of dynamic property auth_users::$ip_net is deprecated
[2025-06-22 15:17:20] [NOTICE] (D:\Dropbox\OpenServer\domains\orion\func\error_func.php:29) Creation of dynamic property auth_users::$browser is deprecated
[2025-06-22 15:17:20] [NOTICE] (D:\Dropbox\OpenServer\domains\orion\func\error_func.php:29) Creation of dynamic property auth_users::$timestamp is deprecated
[2025-06-22 15:17:20] [NOTICE] (D:\Dropbox\OpenServer\domains\orion\func\error_func.php:29) Creation of dynamic property auth_users::$ip is deprecated
[2025-06-22 15:17:20] [NOTICE] (D:\Dropbox\OpenServer\domains\orion\func\error_func.php:29) Creation of dynamic property auth_users::$ip_net is deprecated
[2025-06-22 15:17:20] [NOTICE] (D:\Dropbox\OpenServer\domains\orion\func\error_func.php:29) Creation of dynamic property auth_users::$browser is deprecated
[2025-06-22 15:17:20] [NOTICE] (D:\Dropbox\OpenServer\domains\orion\func\error_func.php:29) Creation of dynamic property ActionModule::$aEditField is deprecated
[2025-06-22 15:17:20] [NOTICE] (D:\Dropbox\OpenServer\domains\orion\func\error_func.php:29) Creation of dynamic property ListTable::$nameZ is deprecated
[2025-06-22 15:17:20] [NOTICE] (D:\Dropbox\OpenServer\domains\orion\func\error_func.php:29) Creation of dynamic property ListTable::$table_class is deprecated
[2025-06-22 15:17:20] [NOTICE] (D:\Dropbox\OpenServer\domains\orion\func\error_func.php:29) Creation of dynamic property ListTable::$theed_tr_class is deprecated
[2025-06-22 15:17:20] [NOTICE] (D:\Dropbox\OpenServer\domains\orion\func\error_func.php:29) Creation of dynamic property ListTable::$nameZList is deprecated
[2025-06-22 15:17:20] [NOTICE] (D:\Dropbox\OpenServer\domains\orion\func\error_func.php:29) Creation of dynamic property ListTable::$aFilters is deprecated
[2025-06-22 15:17:20] [NOTICE] (D:\Dropbox\OpenServer\domains\orion\func\error_func.php:29) Creation of dynamic property ListTable::$wintype is deprecated
[2025-06-22 15:17:20] [NOTICE] (D:\Dropbox\OpenServer\domains\orion\func\error_func.php:29) Creation of dynamic property ListTable::$field_result is deprecated
[2025-06-22 15:17:20] [NOTICE] (D:\Dropbox\OpenServer\domains\orion\func\error_func.php:29) Creation of dynamic property ListTable::$field_result_name is deprecated
[2025-06-22 15:17:20] [NOTICE] (D:\Dropbox\OpenServer\domains\orion\func\error_func.php:29) Creation of dynamic property SqlSelect::$parent_field is deprecated
[2025-06-22 15:17:20] [NOTICE] (D:\Dropbox\OpenServer\domains\orion\func\error_func.php:29) Creation of dynamic property SqlSelect::$out_module_id is deprecated
[2025-06-22 15:17:20] [NOTICE] (D:\Dropbox\OpenServer\domains\orion\func\error_func.php:29) Creation of dynamic property SqlSelect::$out_module_result is deprecated
[2025-06-22 15:17:20] [NOTICE] (D:\Dropbox\OpenServer\domains\orion\func\error_func.php:29) Creation of dynamic property ListTable::$filter is deprecated
[2025-06-22 15:17:20] [NOTICE] (D:\Dropbox\OpenServer\domains\orion\func\error_func.php:29) Creation of dynamic property ListTable::$page_items is deprecated
[2025-06-22 15:17:25] [NOTICE] (D:\Dropbox\OpenServer\domains\orion\func\error_func.php:29) Creation of dynamic property auth_users::$timestamp is deprecated
[2025-06-22 15:17:25] [NOTICE] (D:\Dropbox\OpenServer\domains\orion\func\error_func.php:29) Creation of dynamic property auth_users::$ip is deprecated
[2025-06-22 15:17:25] [NOTICE] (D:\Dropbox\OpenServer\domains\orion\func\error_func.php:29) Creation of dynamic property auth_users::$ip_net is deprecated
[2025-06-22 15:17:25] [NOTICE] (D:\Dropbox\OpenServer\domains\orion\func\error_func.php:29) Creation of dynamic property auth_users::$browser is deprecated
[2025-06-22 15:17:26] [NOTICE] (D:\Dropbox\OpenServer\domains\orion\func\error_func.php:29) Creation of dynamic property ActionModule::$aEditField is deprecated
[2025-06-22 15:17:26] [NOTICE] (D:\Dropbox\OpenServer\domains\orion\func\error_func.php:29) Creation of dynamic property ListTable::$nameZ is deprecated
[2025-06-22 15:17:26] [NOTICE] (D:\Dropbox\OpenServer\domains\orion\func\error_func.php:29) Creation of dynamic property ListTable::$table_class is deprecated
[2025-06-22 15:17:26] [NOTICE] (D:\Dropbox\OpenServer\domains\orion\func\error_func.php:29) Creation of dynamic property ListTable::$theed_tr_class is deprecated
[2025-06-22 15:17:26] [NOTICE] (D:\Dropbox\OpenServer\domains\orion\func\error_func.php:29) Creation of dynamic property ListTable::$nameZList is deprecated
[2025-06-22 15:17:26] [NOTICE] (D:\Dropbox\OpenServer\domains\orion\func\error_func.php:29) Creation of dynamic property ListTable::$aFilters is deprecated
[2025-06-22 15:17:26] [NOTICE] (D:\Dropbox\OpenServer\domains\orion\func\error_func.php:29) Creation of dynamic property ListTable::$wintype is deprecated
[2025-06-22 15:17:26] [NOTICE] (D:\Dropbox\OpenServer\domains\orion\func\error_func.php:29) Creation of dynamic property ListTable::$field_result is deprecated
[2025-06-22 15:17:26] [NOTICE] (D:\Dropbox\OpenServer\domains\orion\func\error_func.php:29) Creation of dynamic property ListTable::$field_result_name is deprecated
[2025-06-22 15:17:26] [NOTICE] (D:\Dropbox\OpenServer\domains\orion\func\error_func.php:29) Creation of dynamic property SqlSelect::$parent_field is deprecated
[2025-06-22 15:17:26] [NOTICE] (D:\Dropbox\OpenServer\domains\orion\func\error_func.php:29) Creation of dynamic property SqlSelect::$out_module_id is deprecated
[2025-06-22 15:17:26] [NOTICE] (D:\Dropbox\OpenServer\domains\orion\func\error_func.php:29) Creation of dynamic property SqlSelect::$out_module_result is deprecated
[2025-06-22 15:17:31] [NOTICE] (D:\Dropbox\OpenServer\domains\orion\func\error_func.php:29) Creation of dynamic property ListTable::$page_items is deprecated
[2025-06-22 15:17:31] [NOTICE] (D:\Dropbox\OpenServer\domains\orion\func\error_func.php:29) Creation of dynamic property auth_users::$timestamp is deprecated
[2025-06-22 15:17:31] [NOTICE] (D:\Dropbox\OpenServer\domains\orion\func\error_func.php:29) Creation of dynamic property auth_users::$ip is deprecated
[2025-06-22 15:17:31] [NOTICE] (D:\Dropbox\OpenServer\domains\orion\func\error_func.php:29) Creation of dynamic property auth_users::$ip_net is deprecated
[2025-06-22 15:17:31] [NOTICE] (D:\Dropbox\OpenServer\domains\orion\func\error_func.php:29) Creation of dynamic property auth_users::$browser is deprecated
[2025-06-22 15:17:31] [NOTICE] (D:\Dropbox\OpenServer\domains\orion\func\error_func.php:29) Creation of dynamic property auth_users::$timestamp is deprecated
[2025-06-22 15:17:31] [NOTICE] (D:\Dropbox\OpenServer\domains\orion\func\error_func.php:29) Creation of dynamic property auth_users::$ip is deprecated
[2025-06-22 15:17:31] [NOTICE] (D:\Dropbox\OpenServer\domains\orion\func\error_func.php:29) Creation of dynamic property auth_users::$ip_net is deprecated
[2025-06-22 15:17:31] [NOTICE] (D:\Dropbox\OpenServer\domains\orion\func\error_func.php:29) Creation of dynamic property auth_users::$browser is deprecated
[2025-06-22 15:17:31] [NOTICE] (D:\Dropbox\OpenServer\domains\orion\func\error_func.php:29) Creation of dynamic property ActionModule::$aEditField is deprecated
[2025-06-22 15:17:31] [NOTICE] (D:\Dropbox\OpenServer\domains\orion\func\error_func.php:29) Creation of dynamic property ListTable::$nameZ is deprecated
[2025-06-22 15:17:31] [NOTICE] (D:\Dropbox\OpenServer\domains\orion\func\error_func.php:29) Creation of dynamic property ListTable::$table_class is deprecated
[2025-06-22 15:17:31] [NOTICE] (D:\Dropbox\OpenServer\domains\orion\func\error_func.php:29) Creation of dynamic property ListTable::$theed_tr_class is deprecated
[2025-06-22 15:17:31] [NOTICE] (D:\Dropbox\OpenServer\domains\orion\func\error_func.php:29) Creation of dynamic property ListTable::$nameZList is deprecated
[2025-06-22 15:17:31] [NOTICE] (D:\Dropbox\OpenServer\domains\orion\func\error_func.php:29) Creation of dynamic property ListTable::$aFilters is deprecated
[2025-06-22 15:17:31] [NOTICE] (D:\Dropbox\OpenServer\domains\orion\func\error_func.php:29) Creation of dynamic property ListTable::$wintype is deprecated
[2025-06-22 15:17:31] [NOTICE] (D:\Dropbox\OpenServer\domains\orion\func\error_func.php:29) Creation of dynamic property ListTable::$field_result is deprecated
[2025-06-22 15:17:31] [NOTICE] (D:\Dropbox\OpenServer\domains\orion\func\error_func.php:29) Creation of dynamic property ListTable::$field_result_name is deprecated
[2025-06-22 15:17:31] [NOTICE] (D:\Dropbox\OpenServer\domains\orion\func\error_func.php:29) Creation of dynamic property SqlSelect::$parent_field is deprecated
[2025-06-22 15:17:31] [NOTICE] (D:\Dropbox\OpenServer\domains\orion\func\error_func.php:29) Creation of dynamic property SqlSelect::$out_module_id is deprecated
[2025-06-22 15:17:31] [NOTICE] (D:\Dropbox\OpenServer\domains\orion\func\error_func.php:29) Creation of dynamic property SqlSelect::$out_module_result is deprecated
[2025-06-22 15:17:31] [NOTICE] (D:\Dropbox\OpenServer\domains\orion\func\error_func.php:29) Creation of dynamic property ListTable::$page_items is deprecated
[2025-06-22 15:17:34] [NOTICE] (D:\Dropbox\OpenServer\domains\orion\func\error_func.php:29) Creation of dynamic property auth_users::$timestamp is deprecated
[2025-06-22 15:17:34] [NOTICE] (D:\Dropbox\OpenServer\domains\orion\func\error_func.php:29) Creation of dynamic property auth_users::$ip is deprecated
[2025-06-22 15:17:34] [NOTICE] (D:\Dropbox\OpenServer\domains\orion\func\error_func.php:29) Creation of dynamic property auth_users::$ip_net is deprecated
[2025-06-22 15:17:34] [NOTICE] (D:\Dropbox\OpenServer\domains\orion\func\error_func.php:29) Creation of dynamic property auth_users::$browser is deprecated
[2025-06-22 15:17:34] [NOTICE] (D:\Dropbox\OpenServer\domains\orion\func\error_func.php:29) Creation of dynamic property ActionModule::$aEditField is deprecated
[2025-06-22 15:17:34] [NOTICE] (D:\Dropbox\OpenServer\domains\orion\func\error_func.php:29) Creation of dynamic property ActionModule::$id_aParent is deprecated
[2025-06-22 15:17:34] [NOTICE] (D:\Dropbox\OpenServer\domains\orion\func\error_func.php:29) Creation of dynamic property ActionModule::$name_aParent is deprecated
[2025-06-22 15:17:34] [NOTICE] (D:\Dropbox\OpenServer\domains\orion\func\error_func.php:29) Creation of dynamic property ListTable::$nameZ is deprecated
[2025-06-22 15:17:34] [NOTICE] (D:\Dropbox\OpenServer\domains\orion\func\error_func.php:29) Creation of dynamic property ListTable::$table_class is deprecated
[2025-06-22 15:17:34] [NOTICE] (D:\Dropbox\OpenServer\domains\orion\func\error_func.php:29) Creation of dynamic property ListTable::$theed_tr_class is deprecated
[2025-06-22 15:17:34] [NOTICE] (D:\Dropbox\OpenServer\domains\orion\func\error_func.php:29) Creation of dynamic property ListTable::$nameZList is deprecated
[2025-06-22 15:17:34] [NOTICE] (D:\Dropbox\OpenServer\domains\orion\func\error_func.php:29) Creation of dynamic property ListTable::$aFilters is deprecated
[2025-06-22 15:17:34] [NOTICE] (D:\Dropbox\OpenServer\domains\orion\func\error_func.php:29) Creation of dynamic property ListTable::$wintype is deprecated
[2025-06-22 15:17:34] [NOTICE] (D:\Dropbox\OpenServer\domains\orion\func\error_func.php:29) Creation of dynamic property ListTable::$field_result is deprecated
[2025-06-22 15:17:34] [NOTICE] (D:\Dropbox\OpenServer\domains\orion\func\error_func.php:29) Creation of dynamic property ListTable::$field_result_name is deprecated
[2025-06-22 15:17:34] [NOTICE] (D:\Dropbox\OpenServer\domains\orion\func\error_func.php:29) Creation of dynamic property ListTable::$id_aParent is deprecated
[2025-06-22 15:17:34] [NOTICE] (D:\Dropbox\OpenServer\domains\orion\func\error_func.php:29) Creation of dynamic property SqlSelect::$parent_field is deprecated
[2025-06-22 15:17:34] [NOTICE] (D:\Dropbox\OpenServer\domains\orion\func\error_func.php:29) Creation of dynamic property SqlSelect::$out_module_id is deprecated
[2025-06-22 15:17:34] [NOTICE] (D:\Dropbox\OpenServer\domains\orion\func\error_func.php:29) Creation of dynamic property SqlSelect::$out_module_result is deprecated
[2025-06-22 15:17:34] [NOTICE] (D:\Dropbox\OpenServer\domains\orion\func\error_func.php:29) Creation of dynamic property ListTable::$page_items is deprecated
[2025-06-22 15:17:37] [NOTICE] (D:\Dropbox\OpenServer\domains\orion\func\error_func.php:29) Creation of dynamic property auth_users::$timestamp is deprecated
[2025-06-22 15:17:37] [NOTICE] (D:\Dropbox\OpenServer\domains\orion\func\error_func.php:29) Creation of dynamic property auth_users::$ip is deprecated
[2025-06-22 15:17:37] [NOTICE] (D:\Dropbox\OpenServer\domains\orion\func\error_func.php:29) Creation of dynamic property auth_users::$ip_net is deprecated
[2025-06-22 15:17:37] [NOTICE] (D:\Dropbox\OpenServer\domains\orion\func\error_func.php:29) Creation of dynamic property auth_users::$browser is deprecated
[2025-06-22 15:17:37] [NOTICE] (D:\Dropbox\OpenServer\domains\orion\func\error_func.php:29) Creation of dynamic property ActionModule::$aEditField is deprecated
[2025-06-22 15:17:37] [NOTICE] (D:\Dropbox\OpenServer\domains\orion\func\error_func.php:29) Creation of dynamic property ShowAction::$aEditField is deprecated
[2025-06-22 15:17:39] [NOTICE] (D:\Dropbox\OpenServer\domains\orion\func\error_func.php:29) Creation of dynamic property auth_users::$timestamp is deprecated
[2025-06-22 15:17:39] [NOTICE] (D:\Dropbox\OpenServer\domains\orion\func\error_func.php:29) Creation of dynamic property auth_users::$ip is deprecated
[2025-06-22 15:17:39] [NOTICE] (D:\Dropbox\OpenServer\domains\orion\func\error_func.php:29) Creation of dynamic property auth_users::$ip_net is deprecated
[2025-06-22 15:17:39] [NOTICE] (D:\Dropbox\OpenServer\domains\orion\func\error_func.php:29) Creation of dynamic property auth_users::$browser is deprecated
[2025-06-22 15:17:39] [NOTICE] (D:\Dropbox\OpenServer\domains\orion\func\error_func.php:29) Creation of dynamic property ActionModule::$aEditField is deprecated
[2025-06-22 15:17:39] [NOTICE] (D:\Dropbox\OpenServer\domains\orion\func\error_func.php:29) Creation of dynamic property ListTable::$nameZ is deprecated
[2025-06-22 15:17:39] [NOTICE] (D:\Dropbox\OpenServer\domains\orion\func\error_func.php:29) Creation of dynamic property ListTable::$table_class is deprecated
[2025-06-22 15:17:39] [NOTICE] (D:\Dropbox\OpenServer\domains\orion\func\error_func.php:29) Creation of dynamic property ListTable::$theed_tr_class is deprecated
[2025-06-22 15:17:39] [NOTICE] (D:\Dropbox\OpenServer\domains\orion\func\error_func.php:29) Creation of dynamic property ListTable::$nameZList is deprecated
[2025-06-22 15:17:39] [NOTICE] (D:\Dropbox\OpenServer\domains\orion\func\error_func.php:29) Creation of dynamic property ListTable::$aFilters is deprecated
[2025-06-22 15:17:39] [NOTICE] (D:\Dropbox\OpenServer\domains\orion\func\error_func.php:29) Creation of dynamic property ListTable::$wintype is deprecated
[2025-06-22 15:17:39] [NOTICE] (D:\Dropbox\OpenServer\domains\orion\func\error_func.php:29) Creation of dynamic property ListTable::$field_result is deprecated
[2025-06-22 15:17:39] [NOTICE] (D:\Dropbox\OpenServer\domains\orion\func\error_func.php:29) Creation of dynamic property ListTable::$field_result_name is deprecated
[2025-06-22 15:17:39] [NOTICE] (D:\Dropbox\OpenServer\domains\orion\func\error_func.php:29) Creation of dynamic property SqlSelect::$parent_field is deprecated
[2025-06-22 15:17:39] [NOTICE] (D:\Dropbox\OpenServer\domains\orion\func\error_func.php:29) Creation of dynamic property SqlSelect::$out_module_id is deprecated
[2025-06-22 15:17:39] [NOTICE] (D:\Dropbox\OpenServer\domains\orion\func\error_func.php:29) Creation of dynamic property SqlSelect::$out_module_result is deprecated
[2025-06-22 15:17:39] [NOTICE] (D:\Dropbox\OpenServer\domains\orion\func\error_func.php:29) Creation of dynamic property ListTable::$page_items is deprecated
[2025-06-22 15:17:40] [NOTICE] (D:\Dropbox\OpenServer\domains\orion\func\error_func.php:29) Creation of dynamic property auth_users::$timestamp is deprecated
[2025-06-22 15:17:40] [NOTICE] (D:\Dropbox\OpenServer\domains\orion\func\error_func.php:29) Creation of dynamic property auth_users::$ip is deprecated
[2025-06-22 15:17:40] [NOTICE] (D:\Dropbox\OpenServer\domains\orion\func\error_func.php:29) Creation of dynamic property auth_users::$ip_net is deprecated
[2025-06-22 15:17:40] [NOTICE] (D:\Dropbox\OpenServer\domains\orion\func\error_func.php:29) Creation of dynamic property auth_users::$browser is deprecated
[2025-06-22 15:17:40] [NOTICE] (D:\Dropbox\OpenServer\domains\orion\func\error_func.php:29) Creation of dynamic property ActionModule::$aEditField is deprecated
[2025-06-22 15:17:40] [NOTICE] (D:\Dropbox\OpenServer\domains\orion\func\error_func.php:29) Creation of dynamic property ShowAction::$aEditField is deprecated
[2025-06-22 15:17:46] [NOTICE] (D:\Dropbox\OpenServer\domains\orion\func\error_func.php:29) Creation of dynamic property auth_users::$timestamp is deprecated
[2025-06-22 15:17:46] [NOTICE] (D:\Dropbox\OpenServer\domains\orion\func\error_func.php:29) Creation of dynamic property auth_users::$ip is deprecated
[2025-06-22 15:17:46] [NOTICE] (D:\Dropbox\OpenServer\domains\orion\func\error_func.php:29) Creation of dynamic property auth_users::$ip_net is deprecated
[2025-06-22 15:17:46] [NOTICE] (D:\Dropbox\OpenServer\domains\orion\func\error_func.php:29) Creation of dynamic property auth_users::$browser is deprecated
[2025-06-22 15:17:46] [NOTICE] (D:\Dropbox\OpenServer\domains\orion\func\error_func.php:29) Creation of dynamic property ActionModule::$aEditField is deprecated
[2025-06-22 15:17:46] [NOTICE] (D:\Dropbox\OpenServer\domains\orion\func\error_func.php:29) Creation of dynamic property ListTable::$nameZ is deprecated
[2025-06-22 15:17:46] [NOTICE] (D:\Dropbox\OpenServer\domains\orion\func\error_func.php:29) Creation of dynamic property ListTable::$table_class is deprecated
[2025-06-22 15:17:46] [NOTICE] (D:\Dropbox\OpenServer\domains\orion\func\error_func.php:29) Creation of dynamic property ListTable::$theed_tr_class is deprecated
[2025-06-22 15:17:46] [NOTICE] (D:\Dropbox\OpenServer\domains\orion\func\error_func.php:29) Creation of dynamic property ListTable::$nameZList is deprecated
[2025-06-22 15:17:46] [NOTICE] (D:\Dropbox\OpenServer\domains\orion\func\error_func.php:29) Creation of dynamic property ListTable::$aFilters is deprecated
[2025-06-22 15:17:46] [NOTICE] (D:\Dropbox\OpenServer\domains\orion\func\error_func.php:29) Creation of dynamic property ListTable::$wintype is deprecated
[2025-06-22 15:17:46] [NOTICE] (D:\Dropbox\OpenServer\domains\orion\func\error_func.php:29) Creation of dynamic property ListTable::$field_result is deprecated
[2025-06-22 15:17:46] [NOTICE] (D:\Dropbox\OpenServer\domains\orion\func\error_func.php:29) Creation of dynamic property ListTable::$field_result_name is deprecated
[2025-06-22 15:17:46] [NOTICE] (D:\Dropbox\OpenServer\domains\orion\func\error_func.php:29) Creation of dynamic property SqlSelect::$parent_field is deprecated
[2025-06-22 15:17:46] [NOTICE] (D:\Dropbox\OpenServer\domains\orion\func\error_func.php:29) Creation of dynamic property SqlSelect::$out_module_id is deprecated
[2025-06-22 15:17:46] [NOTICE] (D:\Dropbox\OpenServer\domains\orion\func\error_func.php:29) Creation of dynamic property SqlSelect::$out_module_result is deprecated
[2025-06-22 15:17:46] [NOTICE] (D:\Dropbox\OpenServer\domains\orion\func\error_func.php:29) Creation of dynamic property ListTable::$page_items is deprecated
[2025-06-22 15:17:48] [NOTICE] (D:\Dropbox\OpenServer\domains\orion\func\error_func.php:29) Creation of dynamic property auth_users::$timestamp is deprecated
[2025-06-22 15:17:48] [NOTICE] (D:\Dropbox\OpenServer\domains\orion\func\error_func.php:29) Creation of dynamic property auth_users::$ip is deprecated
[2025-06-22 15:17:48] [NOTICE] (D:\Dropbox\OpenServer\domains\orion\func\error_func.php:29) Creation of dynamic property auth_users::$ip_net is deprecated
[2025-06-22 15:17:48] [NOTICE] (D:\Dropbox\OpenServer\domains\orion\func\error_func.php:29) Creation of dynamic property auth_users::$browser is deprecated
[2025-06-22 15:17:48] [NOTICE] (D:\Dropbox\OpenServer\domains\orion\func\error_func.php:29) Creation of dynamic property ActionModule::$aEditField is deprecated
[2025-06-22 15:17:48] [NOTICE] (D:\Dropbox\OpenServer\domains\orion\func\error_func.php:29) Creation of dynamic property ShowAction::$aEditField is deprecated
[2025-06-22 15:17:50] [NOTICE] (D:\Dropbox\OpenServer\domains\orion\func\error_func.php:29) Creation of dynamic property auth_users::$timestamp is deprecated
[2025-06-22 15:17:50] [NOTICE] (D:\Dropbox\OpenServer\domains\orion\func\error_func.php:29) Creation of dynamic property auth_users::$ip is deprecated
[2025-06-22 15:17:50] [NOTICE] (D:\Dropbox\OpenServer\domains\orion\func\error_func.php:29) Creation of dynamic property auth_users::$ip_net is deprecated
[2025-06-22 15:17:50] [NOTICE] (D:\Dropbox\OpenServer\domains\orion\func\error_func.php:29) Creation of dynamic property auth_users::$browser is deprecated
[2025-06-22 15:17:50] [NOTICE] (D:\Dropbox\OpenServer\domains\orion\func\error_func.php:29) Creation of dynamic property auth_users::$timestamp is deprecated
[2025-06-22 15:17:50] [NOTICE] (D:\Dropbox\OpenServer\domains\orion\func\error_func.php:29) Creation of dynamic property auth_users::$ip is deprecated
[2025-06-22 15:17:50] [NOTICE] (D:\Dropbox\OpenServer\domains\orion\func\error_func.php:29) Creation of dynamic property auth_users::$ip_net is deprecated
[2025-06-22 15:17:50] [NOTICE] (D:\Dropbox\OpenServer\domains\orion\func\error_func.php:29) Creation of dynamic property auth_users::$browser is deprecated
[2025-06-22 15:17:50] [NOTICE] (D:\Dropbox\OpenServer\domains\orion\func\error_func.php:29) Creation of dynamic property ActionModule::$aEditField is deprecated
[2025-06-22 15:17:50] [NOTICE] (D:\Dropbox\OpenServer\domains\orion\func\error_func.php:29) Creation of dynamic property ShowAction::$aEditField is deprecated
[2025-06-22 15:18:01] [NOTICE] (D:\Dropbox\OpenServer\domains\orion\func\error_func.php:29) Creation of dynamic property auth_users::$timestamp is deprecated
[2025-06-22 15:18:01] [NOTICE] (D:\Dropbox\OpenServer\domains\orion\func\error_func.php:29) Creation of dynamic property auth_users::$ip is deprecated
[2025-06-22 15:18:01] [NOTICE] (D:\Dropbox\OpenServer\domains\orion\func\error_func.php:29) Creation of dynamic property auth_users::$ip_net is deprecated
[2025-06-22 15:18:01] [NOTICE] (D:\Dropbox\OpenServer\domains\orion\func\error_func.php:29) Creation of dynamic property auth_users::$browser is deprecated
[2025-06-22 15:18:01] [NOTICE] (D:\Dropbox\OpenServer\domains\orion\func\error_func.php:29) Creation of dynamic property ActionModule::$aEditField is deprecated
[2025-06-22 15:18:02] [NOTICE] (D:\Dropbox\OpenServer\domains\orion\func\error_func.php:29) Creation of dynamic property ActionModule::$id_aParent is deprecated
[2025-06-22 15:18:02] [NOTICE] (D:\Dropbox\OpenServer\domains\orion\func\error_func.php:29) Creation of dynamic property ActionModule::$name_aParent is deprecated
[2025-06-22 15:18:02] [NOTICE] (D:\Dropbox\OpenServer\domains\orion\func\error_func.php:29) Creation of dynamic property ListTable::$nameZ is deprecated
[2025-06-22 15:18:02] [NOTICE] (D:\Dropbox\OpenServer\domains\orion\func\error_func.php:29) Creation of dynamic property ListTable::$table_class is deprecated
[2025-06-22 15:18:02] [NOTICE] (D:\Dropbox\OpenServer\domains\orion\func\error_func.php:29) Creation of dynamic property ListTable::$theed_tr_class is deprecated
[2025-06-22 15:18:02] [NOTICE] (D:\Dropbox\OpenServer\domains\orion\func\error_func.php:29) Creation of dynamic property ListTable::$nameZList is deprecated
[2025-06-22 15:18:02] [NOTICE] (D:\Dropbox\OpenServer\domains\orion\func\error_func.php:29) Creation of dynamic property ListTable::$aFilters is deprecated
[2025-06-22 15:18:02] [NOTICE] (D:\Dropbox\OpenServer\domains\orion\func\error_func.php:29) Creation of dynamic property ListTable::$wintype is deprecated
[2025-06-22 15:18:02] [NOTICE] (D:\Dropbox\OpenServer\domains\orion\func\error_func.php:29) Creation of dynamic property ListTable::$field_result is deprecated
[2025-06-22 15:18:02] [NOTICE] (D:\Dropbox\OpenServer\domains\orion\func\error_func.php:29) Creation of dynamic property ListTable::$field_result_name is deprecated
[2025-06-22 15:18:02] [NOTICE] (D:\Dropbox\OpenServer\domains\orion\func\error_func.php:29) Creation of dynamic property ListTable::$id_aParent is deprecated
[2025-06-22 15:18:02] [NOTICE] (D:\Dropbox\OpenServer\domains\orion\func\error_func.php:29) Creation of dynamic property SqlSelect::$parent_field is deprecated
[2025-06-22 15:18:02] [NOTICE] (D:\Dropbox\OpenServer\domains\orion\func\error_func.php:29) Creation of dynamic property SqlSelect::$out_module_id is deprecated
[2025-06-22 15:18:02] [NOTICE] (D:\Dropbox\OpenServer\domains\orion\func\error_func.php:29) Creation of dynamic property SqlSelect::$out_module_result is deprecated
[2025-06-22 15:18:02] [NOTICE] (D:\Dropbox\OpenServer\domains\orion\func\error_func.php:29) Creation of dynamic property ListTable::$page_items is deprecated
[2025-06-22 15:18:03] [NOTICE] (D:\Dropbox\OpenServer\domains\orion\func\error_func.php:29) Creation of dynamic property auth_users::$timestamp is deprecated
[2025-06-22 15:18:03] [NOTICE] (D:\Dropbox\OpenServer\domains\orion\func\error_func.php:29) Creation of dynamic property auth_users::$ip is deprecated
[2025-06-22 15:18:03] [NOTICE] (D:\Dropbox\OpenServer\domains\orion\func\error_func.php:29) Creation of dynamic property auth_users::$ip_net is deprecated
[2025-06-22 15:18:03] [NOTICE] (D:\Dropbox\OpenServer\domains\orion\func\error_func.php:29) Creation of dynamic property auth_users::$browser is deprecated
[2025-06-22 15:18:03] [NOTICE] (D:\Dropbox\OpenServer\domains\orion\func\error_func.php:29) Creation of dynamic property ActionModule::$aEditField is deprecated
[2025-06-22 15:18:03] [NOTICE] (D:\Dropbox\OpenServer\domains\orion\func\error_func.php:29) Creation of dynamic property ActionModule::$id_aParent is deprecated
[2025-06-22 15:18:03] [NOTICE] (D:\Dropbox\OpenServer\domains\orion\func\error_func.php:29) Creation of dynamic property ActionModule::$name_aParent is deprecated
[2025-06-22 15:18:03] [NOTICE] (D:\Dropbox\OpenServer\domains\orion\func\error_func.php:29) Creation of dynamic property ListTable::$nameZ is deprecated
[2025-06-22 15:18:03] [NOTICE] (D:\Dropbox\OpenServer\domains\orion\func\error_func.php:29) Creation of dynamic property ListTable::$table_class is deprecated
[2025-06-22 15:18:03] [NOTICE] (D:\Dropbox\OpenServer\domains\orion\func\error_func.php:29) Creation of dynamic property ListTable::$theed_tr_class is deprecated
[2025-06-22 15:18:03] [NOTICE] (D:\Dropbox\OpenServer\domains\orion\func\error_func.php:29) Creation of dynamic property ListTable::$nameZList is deprecated
[2025-06-22 15:18:03] [NOTICE] (D:\Dropbox\OpenServer\domains\orion\func\error_func.php:29) Creation of dynamic property ListTable::$aFilters is deprecated
[2025-06-22 15:18:03] [NOTICE] (D:\Dropbox\OpenServer\domains\orion\func\error_func.php:29) Creation of dynamic property ListTable::$wintype is deprecated
[2025-06-22 15:18:03] [NOTICE] (D:\Dropbox\OpenServer\domains\orion\func\error_func.php:29) Creation of dynamic property ListTable::$field_result is deprecated
[2025-06-22 15:18:03] [NOTICE] (D:\Dropbox\OpenServer\domains\orion\func\error_func.php:29) Creation of dynamic property ListTable::$field_result_name is deprecated
[2025-06-22 15:18:03] [NOTICE] (D:\Dropbox\OpenServer\domains\orion\func\error_func.php:29) Creation of dynamic property ListTable::$id_aParent is deprecated
[2025-06-22 15:18:03] [NOTICE] (D:\Dropbox\OpenServer\domains\orion\func\error_func.php:29) Creation of dynamic property SqlSelect::$parent_field is deprecated
[2025-06-22 15:18:03] [NOTICE] (D:\Dropbox\OpenServer\domains\orion\func\error_func.php:29) Creation of dynamic property SqlSelect::$out_module_id is deprecated
[2025-06-22 15:18:03] [NOTICE] (D:\Dropbox\OpenServer\domains\orion\func\error_func.php:29) Creation of dynamic property SqlSelect::$out_module_result is deprecated
[2025-06-22 15:18:03] [NOTICE] (D:\Dropbox\OpenServer\domains\orion\func\error_func.php:29) Creation of dynamic property ListTable::$page_items is deprecated
[2025-06-22 15:18:03] [NOTICE] (D:\Dropbox\OpenServer\domains\orion\func\error_func.php:29) Creation of dynamic property auth_users::$timestamp is deprecated
[2025-06-22 15:18:03] [NOTICE] (D:\Dropbox\OpenServer\domains\orion\func\error_func.php:29) Creation of dynamic property auth_users::$ip is deprecated
[2025-06-22 15:18:03] [NOTICE] (D:\Dropbox\OpenServer\domains\orion\func\error_func.php:29) Creation of dynamic property auth_users::$ip_net is deprecated
[2025-06-22 15:18:03] [NOTICE] (D:\Dropbox\OpenServer\domains\orion\func\error_func.php:29) Creation of dynamic property auth_users::$browser is deprecated
[2025-06-22 15:18:03] [NOTICE] (D:\Dropbox\OpenServer\domains\orion\func\error_func.php:29) Creation of dynamic property ActionModule::$aEditField is deprecated
[2025-06-22 15:18:03] [NOTICE] (D:\Dropbox\OpenServer\domains\orion\func\error_func.php:29) Creation of dynamic property ShowAction::$aEditField is deprecated
[2025-06-22 15:18:04] [NOTICE] (D:\Dropbox\OpenServer\domains\orion\func\error_func.php:29) Creation of dynamic property auth_users::$timestamp is deprecated
[2025-06-22 15:18:04] [NOTICE] (D:\Dropbox\OpenServer\domains\orion\func\error_func.php:29) Creation of dynamic property auth_users::$ip is deprecated
[2025-06-22 15:18:04] [NOTICE] (D:\Dropbox\OpenServer\domains\orion\func\error_func.php:29) Creation of dynamic property auth_users::$ip_net is deprecated
[2025-06-22 15:18:04] [NOTICE] (D:\Dropbox\OpenServer\domains\orion\func\error_func.php:29) Creation of dynamic property auth_users::$browser is deprecated
[2025-06-22 15:18:04] [NOTICE] (D:\Dropbox\OpenServer\domains\orion\func\error_func.php:29) Creation of dynamic property ActionModule::$aEditField is deprecated
[2025-06-22 15:18:04] [NOTICE] (D:\Dropbox\OpenServer\domains\orion\func\error_func.php:29) Creation of dynamic property ShowAction::$aEditField is deprecated
[2025-06-22 15:18:17] [NOTICE] (D:\Dropbox\OpenServer\domains\orion\func\error_func.php:29) Creation of dynamic property auth_users::$timestamp is deprecated
[2025-06-22 15:18:17] [NOTICE] (D:\Dropbox\OpenServer\domains\orion\func\error_func.php:29) Creation of dynamic property auth_users::$ip is deprecated
[2025-06-22 15:18:17] [NOTICE] (D:\Dropbox\OpenServer\domains\orion\func\error_func.php:29) Creation of dynamic property auth_users::$ip_net is deprecated
[2025-06-22 15:18:17] [NOTICE] (D:\Dropbox\OpenServer\domains\orion\func\error_func.php:29) Creation of dynamic property auth_users::$browser is deprecated
[2025-06-22 15:18:17] [NOTICE] (D:\Dropbox\OpenServer\domains\orion\func\error_func.php:29) Creation of dynamic property ActionModule::$aEditField is deprecated
[2025-06-22 15:18:17] [NOTICE] (D:\Dropbox\OpenServer\domains\orion\func\error_func.php:29) Creation of dynamic property ListTable::$nameZ is deprecated
[2025-06-22 15:18:17] [NOTICE] (D:\Dropbox\OpenServer\domains\orion\func\error_func.php:29) Creation of dynamic property ListTable::$table_class is deprecated
[2025-06-22 15:18:17] [NOTICE] (D:\Dropbox\OpenServer\domains\orion\func\error_func.php:29) Creation of dynamic property ListTable::$theed_tr_class is deprecated
[2025-06-22 15:18:17] [NOTICE] (D:\Dropbox\OpenServer\domains\orion\func\error_func.php:29) Creation of dynamic property ListTable::$nameZList is deprecated
[2025-06-22 15:18:17] [NOTICE] (D:\Dropbox\OpenServer\domains\orion\func\error_func.php:29) Creation of dynamic property ListTable::$aFilters is deprecated
[2025-06-22 15:18:17] [NOTICE] (D:\Dropbox\OpenServer\domains\orion\func\error_func.php:29) Creation of dynamic property ListTable::$wintype is deprecated
[2025-06-22 15:18:17] [NOTICE] (D:\Dropbox\OpenServer\domains\orion\func\error_func.php:29) Creation of dynamic property ListTable::$field_result is deprecated
[2025-06-22 15:18:17] [NOTICE] (D:\Dropbox\OpenServer\domains\orion\func\error_func.php:29) Creation of dynamic property ListTable::$field_result_name is deprecated
[2025-06-22 15:18:17] [NOTICE] (D:\Dropbox\OpenServer\domains\orion\func\error_func.php:29) Creation of dynamic property SqlSelect::$parent_field is deprecated
[2025-06-22 15:18:17] [NOTICE] (D:\Dropbox\OpenServer\domains\orion\func\error_func.php:29) Creation of dynamic property SqlSelect::$out_module_id is deprecated
[2025-06-22 15:18:17] [NOTICE] (D:\Dropbox\OpenServer\domains\orion\func\error_func.php:29) Creation of dynamic property SqlSelect::$out_module_result is deprecated
[2025-06-22 15:18:17] [NOTICE] (D:\Dropbox\OpenServer\domains\orion\func\error_func.php:29) Creation of dynamic property ListTable::$filter is deprecated
[2025-06-22 15:18:17] [NOTICE] (D:\Dropbox\OpenServer\domains\orion\func\error_func.php:29) Creation of dynamic property ListTable::$page_items is deprecated
[2025-06-22 15:18:18] [NOTICE] (D:\Dropbox\OpenServer\domains\orion\func\error_func.php:29) Creation of dynamic property auth_users::$timestamp is deprecated
[2025-06-22 15:18:18] [NOTICE] (D:\Dropbox\OpenServer\domains\orion\func\error_func.php:29) Creation of dynamic property auth_users::$ip is deprecated
[2025-06-22 15:18:18] [NOTICE] (D:\Dropbox\OpenServer\domains\orion\func\error_func.php:29) Creation of dynamic property auth_users::$ip_net is deprecated
[2025-06-22 15:18:18] [NOTICE] (D:\Dropbox\OpenServer\domains\orion\func\error_func.php:29) Creation of dynamic property auth_users::$browser is deprecated
[2025-06-22 15:18:18] [NOTICE] (D:\Dropbox\OpenServer\domains\orion\func\error_func.php:29) Creation of dynamic property ActionModule::$aEditField is deprecated
[2025-06-22 15:18:18] [NOTICE] (D:\Dropbox\OpenServer\domains\orion\func\error_func.php:29) Creation of dynamic property ListTable::$nameZ is deprecated
[2025-06-22 15:18:18] [NOTICE] (D:\Dropbox\OpenServer\domains\orion\func\error_func.php:29) Creation of dynamic property ListTable::$table_class is deprecated
[2025-06-22 15:18:18] [NOTICE] (D:\Dropbox\OpenServer\domains\orion\func\error_func.php:29) Creation of dynamic property ListTable::$theed_tr_class is deprecated
[2025-06-22 15:18:18] [NOTICE] (D:\Dropbox\OpenServer\domains\orion\func\error_func.php:29) Creation of dynamic property ListTable::$nameZList is deprecated
[2025-06-22 15:18:18] [NOTICE] (D:\Dropbox\OpenServer\domains\orion\func\error_func.php:29) Creation of dynamic property ListTable::$aFilters is deprecated
[2025-06-22 15:18:18] [NOTICE] (D:\Dropbox\OpenServer\domains\orion\func\error_func.php:29) Creation of dynamic property ListTable::$wintype is deprecated
[2025-06-22 15:18:18] [NOTICE] (D:\Dropbox\OpenServer\domains\orion\func\error_func.php:29) Creation of dynamic property ListTable::$field_result is deprecated
[2025-06-22 15:18:18] [NOTICE] (D:\Dropbox\OpenServer\domains\orion\func\error_func.php:29) Creation of dynamic property ListTable::$field_result_name is deprecated
[2025-06-22 15:18:18] [NOTICE] (D:\Dropbox\OpenServer\domains\orion\func\error_func.php:29) Creation of dynamic property SqlSelect::$parent_field is deprecated
[2025-06-22 15:18:18] [NOTICE] (D:\Dropbox\OpenServer\domains\orion\func\error_func.php:29) Creation of dynamic property SqlSelect::$out_module_id is deprecated
[2025-06-22 15:18:18] [NOTICE] (D:\Dropbox\OpenServer\domains\orion\func\error_func.php:29) Creation of dynamic property SqlSelect::$out_module_result is deprecated
[2025-06-22 15:18:18] [NOTICE] (D:\Dropbox\OpenServer\domains\orion\func\error_func.php:29) Creation of dynamic property ListTable::$page_items is deprecated
[2025-06-22 15:18:21] [NOTICE] (D:\Dropbox\OpenServer\domains\orion\func\error_func.php:29) Creation of dynamic property auth_users::$timestamp is deprecated
[2025-06-22 15:18:21] [NOTICE] (D:\Dropbox\OpenServer\domains\orion\func\error_func.php:29) Creation of dynamic property auth_users::$ip is deprecated
[2025-06-22 15:18:21] [NOTICE] (D:\Dropbox\OpenServer\domains\orion\func\error_func.php:29) Creation of dynamic property auth_users::$ip_net is deprecated
[2025-06-22 15:18:21] [NOTICE] (D:\Dropbox\OpenServer\domains\orion\func\error_func.php:29) Creation of dynamic property auth_users::$browser is deprecated
[2025-06-22 15:18:21] [NOTICE] (D:\Dropbox\OpenServer\domains\orion\func\error_func.php:29) Creation of dynamic property ActionModule::$aEditField is deprecated
[2025-06-22 15:18:21] [NOTICE] (D:\Dropbox\OpenServer\domains\orion\func\error_func.php:29) Creation of dynamic property ShowAction::$aEditField is deprecated
[2025-06-22 15:18:45] [NOTICE] (D:\Dropbox\OpenServer\domains\orion\func\error_func.php:29) Creation of dynamic property auth_users::$timestamp is deprecated
[2025-06-22 15:18:45] [NOTICE] (D:\Dropbox\OpenServer\domains\orion\func\error_func.php:29) Creation of dynamic property auth_users::$ip is deprecated
[2025-06-22 15:18:45] [NOTICE] (D:\Dropbox\OpenServer\domains\orion\func\error_func.php:29) Creation of dynamic property auth_users::$ip_net is deprecated
[2025-06-22 15:18:45] [NOTICE] (D:\Dropbox\OpenServer\domains\orion\func\error_func.php:29) Creation of dynamic property auth_users::$browser is deprecated
[2025-06-22 15:18:45] [NOTICE] (D:\Dropbox\OpenServer\domains\orion\func\error_func.php:29) Creation of dynamic property ActionModule::$aEditField is deprecated
[2025-06-22 15:18:45] [NOTICE] (D:\Dropbox\OpenServer\domains\orion\func\error_func.php:29) Creation of dynamic property AvtorisAction::$aEditField is deprecated
[2025-06-22 15:18:52] [NOTICE] (D:\Dropbox\OpenServer\domains\orion\func\error_func.php:29) Creation of dynamic property auth_users::$timestamp is deprecated
[2025-06-22 15:18:52] [NOTICE] (D:\Dropbox\OpenServer\domains\orion\func\error_func.php:29) Creation of dynamic property auth_users::$ip is deprecated
[2025-06-22 15:18:52] [NOTICE] (D:\Dropbox\OpenServer\domains\orion\func\error_func.php:29) Creation of dynamic property auth_users::$ip_net is deprecated
[2025-06-22 15:18:52] [NOTICE] (D:\Dropbox\OpenServer\domains\orion\func\error_func.php:29) Creation of dynamic property auth_users::$browser is deprecated
[2025-06-22 15:18:52] [NOTICE] (D:\Dropbox\OpenServer\domains\orion\func\error_func.php:29) Creation of dynamic property auth_users::$user_login_ is deprecated
[2025-06-22 15:18:52] [WARNING] (D:\Dropbox\OpenServer\domains\orion\func\error_func.php:29) Trying to access array offset on false
[2025-06-22 15:18:52] [NOTICE] (D:\Dropbox\OpenServer\domains\orion\func\error_func.php:29) Automatic conversion of false to array is deprecated
[2025-06-22 15:18:52] [NOTICE] (D:\Dropbox\OpenServer\domains\orion\func\error_func.php:29) Creation of dynamic property ActionModule::$aEditField is deprecated
[2025-06-22 15:18:52] [NOTICE] (D:\Dropbox\OpenServer\domains\orion\func\error_func.php:29) Creation of dynamic property ListTable::$nameZ is deprecated
[2025-06-22 15:18:52] [NOTICE] (D:\Dropbox\OpenServer\domains\orion\func\error_func.php:29) Creation of dynamic property ListTable::$table_class is deprecated
[2025-06-22 15:18:52] [NOTICE] (D:\Dropbox\OpenServer\domains\orion\func\error_func.php:29) Creation of dynamic property ListTable::$theed_tr_class is deprecated
[2025-06-22 15:18:52] [NOTICE] (D:\Dropbox\OpenServer\domains\orion\func\error_func.php:29) Creation of dynamic property ListTable::$nameZList is deprecated
[2025-06-22 15:18:52] [NOTICE] (D:\Dropbox\OpenServer\domains\orion\func\error_func.php:29) Creation of dynamic property ListTable::$aFilters is deprecated
[2025-06-22 15:18:52] [NOTICE] (D:\Dropbox\OpenServer\domains\orion\func\error_func.php:29) Creation of dynamic property ListTable::$wintype is deprecated
[2025-06-22 15:18:52] [NOTICE] (D:\Dropbox\OpenServer\domains\orion\func\error_func.php:29) Creation of dynamic property ListTable::$field_result is deprecated
[2025-06-22 15:18:52] [NOTICE] (D:\Dropbox\OpenServer\domains\orion\func\error_func.php:29) Creation of dynamic property ListTable::$field_result_name is deprecated
[2025-06-22 15:18:52] [NOTICE] (D:\Dropbox\OpenServer\domains\orion\func\error_func.php:29) Creation of dynamic property SqlSelect::$parent_field is deprecated
[2025-06-22 15:18:52] [NOTICE] (D:\Dropbox\OpenServer\domains\orion\func\error_func.php:29) Creation of dynamic property SqlSelect::$out_module_id is deprecated
[2025-06-22 15:18:52] [NOTICE] (D:\Dropbox\OpenServer\domains\orion\func\error_func.php:29) Creation of dynamic property SqlSelect::$out_module_result is deprecated
[2025-06-22 15:18:52] [NOTICE] (D:\Dropbox\OpenServer\domains\orion\func\error_func.php:29) Creation of dynamic property ListTable::$filter is deprecated
[2025-06-22 15:18:52] [NOTICE] (D:\Dropbox\OpenServer\domains\orion\func\error_func.php:29) Creation of dynamic property ListTable::$page_items is deprecated
[2025-06-22 15:18:54] [NOTICE] (D:\Dropbox\OpenServer\domains\orion\func\error_func.php:29) Creation of dynamic property auth_users::$timestamp is deprecated
[2025-06-22 15:18:54] [NOTICE] (D:\Dropbox\OpenServer\domains\orion\func\error_func.php:29) Creation of dynamic property auth_users::$ip is deprecated
[2025-06-22 15:18:54] [NOTICE] (D:\Dropbox\OpenServer\domains\orion\func\error_func.php:29) Creation of dynamic property auth_users::$ip_net is deprecated
[2025-06-22 15:18:54] [NOTICE] (D:\Dropbox\OpenServer\domains\orion\func\error_func.php:29) Creation of dynamic property auth_users::$browser is deprecated
[2025-06-22 15:18:54] [NOTICE] (D:\Dropbox\OpenServer\domains\orion\func\error_func.php:29) Creation of dynamic property ActionModule::$aEditField is deprecated
[2025-06-22 15:18:54] [NOTICE] (D:\Dropbox\OpenServer\domains\orion\func\error_func.php:29) Creation of dynamic property AvtorisAction::$aEditField is deprecated
[2025-06-22 15:19:03] [NOTICE] (D:\Dropbox\OpenServer\domains\orion\func\error_func.php:29) Creation of dynamic property auth_users::$timestamp is deprecated
[2025-06-22 15:19:03] [NOTICE] (D:\Dropbox\OpenServer\domains\orion\func\error_func.php:29) Creation of dynamic property auth_users::$ip is deprecated
[2025-06-22 15:19:03] [NOTICE] (D:\Dropbox\OpenServer\domains\orion\func\error_func.php:29) Creation of dynamic property auth_users::$ip_net is deprecated
[2025-06-22 15:19:03] [NOTICE] (D:\Dropbox\OpenServer\domains\orion\func\error_func.php:29) Creation of dynamic property auth_users::$browser is deprecated
[2025-06-22 15:19:03] [NOTICE] (D:\Dropbox\OpenServer\domains\orion\func\error_func.php:29) Creation of dynamic property auth_users::$user_login_ is deprecated
[2025-06-22 15:19:03] [NOTICE] (D:\Dropbox\OpenServer\domains\orion\func\error_func.php:29) Creation of dynamic property ActionModule::$aEditField is deprecated
[2025-06-22 15:19:03] [NOTICE] (D:\Dropbox\OpenServer\domains\orion\func\error_func.php:29) Creation of dynamic property ListTable::$nameZ is deprecated
[2025-06-22 15:19:03] [NOTICE] (D:\Dropbox\OpenServer\domains\orion\func\error_func.php:29) Creation of dynamic property ListTable::$table_class is deprecated
[2025-06-22 15:19:03] [NOTICE] (D:\Dropbox\OpenServer\domains\orion\func\error_func.php:29) Creation of dynamic property ListTable::$theed_tr_class is deprecated
[2025-06-22 15:19:03] [NOTICE] (D:\Dropbox\OpenServer\domains\orion\func\error_func.php:29) Creation of dynamic property ListTable::$nameZList is deprecated
[2025-06-22 15:19:03] [NOTICE] (D:\Dropbox\OpenServer\domains\orion\func\error_func.php:29) Creation of dynamic property ListTable::$aFilters is deprecated
[2025-06-22 15:19:03] [NOTICE] (D:\Dropbox\OpenServer\domains\orion\func\error_func.php:29) Creation of dynamic property ListTable::$wintype is deprecated
[2025-06-22 15:19:03] [NOTICE] (D:\Dropbox\OpenServer\domains\orion\func\error_func.php:29) Creation of dynamic property ListTable::$field_result is deprecated
[2025-06-22 15:19:03] [NOTICE] (D:\Dropbox\OpenServer\domains\orion\func\error_func.php:29) Creation of dynamic property ListTable::$field_result_name is deprecated
[2025-06-22 15:19:03] [NOTICE] (D:\Dropbox\OpenServer\domains\orion\func\error_func.php:29) Creation of dynamic property SqlSelect::$parent_field is deprecated
[2025-06-22 15:19:03] [NOTICE] (D:\Dropbox\OpenServer\domains\orion\func\error_func.php:29) Creation of dynamic property SqlSelect::$out_module_id is deprecated
[2025-06-22 15:19:03] [NOTICE] (D:\Dropbox\OpenServer\domains\orion\func\error_func.php:29) Creation of dynamic property SqlSelect::$out_module_result is deprecated
[2025-06-22 15:19:03] [NOTICE] (D:\Dropbox\OpenServer\domains\orion\func\error_func.php:29) Creation of dynamic property ListTable::$filter is deprecated
[2025-06-22 15:19:03] [NOTICE] (D:\Dropbox\OpenServer\domains\orion\func\error_func.php:29) Creation of dynamic property ListTable::$page_items is deprecated
[2025-06-22 15:19:06] [NOTICE] (D:\Dropbox\OpenServer\domains\orion\func\error_func.php:29) Creation of dynamic property auth_users::$timestamp is deprecated
[2025-06-22 15:19:06] [NOTICE] (D:\Dropbox\OpenServer\domains\orion\func\error_func.php:29) Creation of dynamic property auth_users::$ip is deprecated
[2025-06-22 15:19:06] [NOTICE] (D:\Dropbox\OpenServer\domains\orion\func\error_func.php:29) Creation of dynamic property auth_users::$ip_net is deprecated
[2025-06-22 15:19:06] [NOTICE] (D:\Dropbox\OpenServer\domains\orion\func\error_func.php:29) Creation of dynamic property auth_users::$browser is deprecated
[2025-06-22 15:19:06] [NOTICE] (D:\Dropbox\OpenServer\domains\orion\func\error_func.php:29) Creation of dynamic property ActionModule::$aEditField is deprecated
[2025-06-22 15:19:06] [NOTICE] (D:\Dropbox\OpenServer\domains\orion\func\error_func.php:29) Creation of dynamic property ListTable::$nameZ is deprecated
[2025-06-22 15:19:06] [NOTICE] (D:\Dropbox\OpenServer\domains\orion\func\error_func.php:29) Creation of dynamic property ListTable::$table_class is deprecated
[2025-06-22 15:19:06] [NOTICE] (D:\Dropbox\OpenServer\domains\orion\func\error_func.php:29) Creation of dynamic property ListTable::$theed_tr_class is deprecated
[2025-06-22 15:19:06] [NOTICE] (D:\Dropbox\OpenServer\domains\orion\func\error_func.php:29) Creation of dynamic property ListTable::$nameZList is deprecated
[2025-06-22 15:19:06] [NOTICE] (D:\Dropbox\OpenServer\domains\orion\func\error_func.php:29) Creation of dynamic property ListTable::$aFilters is deprecated
[2025-06-22 15:19:06] [NOTICE] (D:\Dropbox\OpenServer\domains\orion\func\error_func.php:29) Creation of dynamic property ListTable::$wintype is deprecated
[2025-06-22 15:19:06] [NOTICE] (D:\Dropbox\OpenServer\domains\orion\func\error_func.php:29) Creation of dynamic property ListTable::$field_result is deprecated
[2025-06-22 15:19:06] [NOTICE] (D:\Dropbox\OpenServer\domains\orion\func\error_func.php:29) Creation of dynamic property ListTable::$field_result_name is deprecated
[2025-06-22 15:19:06] [NOTICE] (D:\Dropbox\OpenServer\domains\orion\func\error_func.php:29) Creation of dynamic property SqlSelect::$parent_field is deprecated
[2025-06-22 15:19:06] [NOTICE] (D:\Dropbox\OpenServer\domains\orion\func\error_func.php:29) Creation of dynamic property SqlSelect::$out_module_id is deprecated
[2025-06-22 15:19:06] [NOTICE] (D:\Dropbox\OpenServer\domains\orion\func\error_func.php:29) Creation of dynamic property SqlSelect::$out_module_result is deprecated
[2025-06-22 15:19:06] [NOTICE] (D:\Dropbox\OpenServer\domains\orion\func\error_func.php:29) Creation of dynamic property ListTable::$page_items is deprecated
[2025-06-22 15:19:08] [NOTICE] (D:\Dropbox\OpenServer\domains\orion\func\error_func.php:29) Creation of dynamic property auth_users::$timestamp is deprecated
[2025-06-22 15:19:08] [NOTICE] (D:\Dropbox\OpenServer\domains\orion\func\error_func.php:29) Creation of dynamic property auth_users::$ip is deprecated
[2025-06-22 15:19:08] [NOTICE] (D:\Dropbox\OpenServer\domains\orion\func\error_func.php:29) Creation of dynamic property auth_users::$ip_net is deprecated
[2025-06-22 15:19:08] [NOTICE] (D:\Dropbox\OpenServer\domains\orion\func\error_func.php:29) Creation of dynamic property auth_users::$browser is deprecated
[2025-06-22 15:19:08] [NOTICE] (D:\Dropbox\OpenServer\domains\orion\func\error_func.php:29) Creation of dynamic property ActionModule::$aEditField is deprecated
[2025-06-22 15:19:08] [NOTICE] (D:\Dropbox\OpenServer\domains\orion\func\error_func.php:29) Creation of dynamic property ShowAction::$aEditField is deprecated
[2025-06-22 15:19:12] [NOTICE] (D:\Dropbox\OpenServer\domains\orion\func\error_func.php:29) Creation of dynamic property auth_users::$timestamp is deprecated
[2025-06-22 15:19:12] [NOTICE] (D:\Dropbox\OpenServer\domains\orion\func\error_func.php:29) Creation of dynamic property auth_users::$ip is deprecated
[2025-06-22 15:19:12] [NOTICE] (D:\Dropbox\OpenServer\domains\orion\func\error_func.php:29) Creation of dynamic property auth_users::$ip_net is deprecated
[2025-06-22 15:19:12] [NOTICE] (D:\Dropbox\OpenServer\domains\orion\func\error_func.php:29) Creation of dynamic property auth_users::$browser is deprecated
[2025-06-22 15:19:12] [NOTICE] (D:\Dropbox\OpenServer\domains\orion\func\error_func.php:29) Creation of dynamic property ActionModule::$aEditField is deprecated
[2025-06-22 15:19:12] [NOTICE] (D:\Dropbox\OpenServer\domains\orion\func\error_func.php:29) Creation of dynamic property ListTable::$nameZ is deprecated
[2025-06-22 15:19:12] [NOTICE] (D:\Dropbox\OpenServer\domains\orion\func\error_func.php:29) Creation of dynamic property ListTable::$table_class is deprecated
[2025-06-22 15:19:12] [NOTICE] (D:\Dropbox\OpenServer\domains\orion\func\error_func.php:29) Creation of dynamic property ListTable::$theed_tr_class is deprecated
[2025-06-22 15:19:12] [NOTICE] (D:\Dropbox\OpenServer\domains\orion\func\error_func.php:29) Creation of dynamic property ListTable::$nameZList is deprecated
[2025-06-22 15:19:12] [NOTICE] (D:\Dropbox\OpenServer\domains\orion\func\error_func.php:29) Creation of dynamic property ListTable::$aFilters is deprecated
[2025-06-22 15:19:12] [NOTICE] (D:\Dropbox\OpenServer\domains\orion\func\error_func.php:29) Creation of dynamic property ListTable::$wintype is deprecated
[2025-06-22 15:19:12] [NOTICE] (D:\Dropbox\OpenServer\domains\orion\func\error_func.php:29) Creation of dynamic property ListTable::$field_result is deprecated
[2025-06-22 15:19:12] [NOTICE] (D:\Dropbox\OpenServer\domains\orion\func\error_func.php:29) Creation of dynamic property ListTable::$field_result_name is deprecated
[2025-06-22 15:19:12] [NOTICE] (D:\Dropbox\OpenServer\domains\orion\func\error_func.php:29) Creation of dynamic property SqlSelect::$parent_field is deprecated
[2025-06-22 15:19:12] [NOTICE] (D:\Dropbox\OpenServer\domains\orion\func\error_func.php:29) Creation of dynamic property SqlSelect::$out_module_id is deprecated
[2025-06-22 15:19:12] [NOTICE] (D:\Dropbox\OpenServer\domains\orion\func\error_func.php:29) Creation of dynamic property SqlSelect::$out_module_result is deprecated
[2025-06-22 15:19:12] [NOTICE] (D:\Dropbox\OpenServer\domains\orion\func\error_func.php:29) Creation of dynamic property ListTable::$page_items is deprecated
[2025-06-22 15:19:16] [NOTICE] (D:\Dropbox\OpenServer\domains\orion\func\error_func.php:29) Creation of dynamic property auth_users::$timestamp is deprecated
[2025-06-22 15:19:16] [NOTICE] (D:\Dropbox\OpenServer\domains\orion\func\error_func.php:29) Creation of dynamic property auth_users::$ip is deprecated
[2025-06-22 15:19:16] [NOTICE] (D:\Dropbox\OpenServer\domains\orion\func\error_func.php:29) Creation of dynamic property auth_users::$ip_net is deprecated
[2025-06-22 15:19:16] [NOTICE] (D:\Dropbox\OpenServer\domains\orion\func\error_func.php:29) Creation of dynamic property auth_users::$browser is deprecated
[2025-06-22 15:19:16] [NOTICE] (D:\Dropbox\OpenServer\domains\orion\func\error_func.php:29) Creation of dynamic property ActionModule::$aEditField is deprecated
[2025-06-22 15:19:16] [NOTICE] (D:\Dropbox\OpenServer\domains\orion\func\error_func.php:29) Creation of dynamic property FormEdit::$aEditField is deprecated
[2025-06-22 15:19:16] [NOTICE] (D:\Dropbox\OpenServer\domains\orion\func\error_func.php:29) Creation of dynamic property FormEdit::$nameZ is deprecated
[2025-06-22 15:19:16] [NOTICE] (D:\Dropbox\OpenServer\domains\orion\func\error_func.php:29) Creation of dynamic property FormEdit::$nameZEdit is deprecated
[2025-06-22 15:19:16] [NOTICE] (D:\Dropbox\OpenServer\domains\orion\func\error_func.php:29) Creation of dynamic property FormEdit::$aTabs is deprecated
[2025-06-22 15:19:16] [NOTICE] (D:\Dropbox\OpenServer\domains\orion\func\error_func.php:29) Creation of dynamic property FormEdit::$submenu is deprecated
[2025-06-22 15:19:22] [NOTICE] (D:\Dropbox\OpenServer\domains\orion\func\error_func.php:29) Creation of dynamic property auth_users::$timestamp is deprecated
[2025-06-22 15:19:22] [NOTICE] (D:\Dropbox\OpenServer\domains\orion\func\error_func.php:29) Creation of dynamic property auth_users::$ip is deprecated
[2025-06-22 15:19:22] [NOTICE] (D:\Dropbox\OpenServer\domains\orion\func\error_func.php:29) Creation of dynamic property auth_users::$ip_net is deprecated
[2025-06-22 15:19:22] [NOTICE] (D:\Dropbox\OpenServer\domains\orion\func\error_func.php:29) Creation of dynamic property auth_users::$browser is deprecated
[2025-06-22 15:19:22] [NOTICE] (D:\Dropbox\OpenServer\domains\orion\func\error_func.php:29) Creation of dynamic property ActionModule::$aEditField is deprecated
[2025-06-22 15:19:22] [NOTICE] (D:\Dropbox\OpenServer\domains\orion\func\error_func.php:29) Creation of dynamic property FormSave::$aEditField is deprecated
[2025-06-22 15:19:22] [NOTICE] (D:\Dropbox\OpenServer\domains\orion\func\error_func.php:29) Creation of dynamic property ListTable::$nameZ is deprecated
[2025-06-22 15:19:22] [NOTICE] (D:\Dropbox\OpenServer\domains\orion\func\error_func.php:29) Creation of dynamic property ListTable::$table_class is deprecated
[2025-06-22 15:19:22] [NOTICE] (D:\Dropbox\OpenServer\domains\orion\func\error_func.php:29) Creation of dynamic property ListTable::$theed_tr_class is deprecated
[2025-06-22 15:19:22] [NOTICE] (D:\Dropbox\OpenServer\domains\orion\func\error_func.php:29) Creation of dynamic property ListTable::$nameZList is deprecated
[2025-06-22 15:19:22] [NOTICE] (D:\Dropbox\OpenServer\domains\orion\func\error_func.php:29) Creation of dynamic property ListTable::$aFilters is deprecated
[2025-06-22 15:19:22] [NOTICE] (D:\Dropbox\OpenServer\domains\orion\func\error_func.php:29) Creation of dynamic property ListTable::$wintype is deprecated
[2025-06-22 15:19:22] [NOTICE] (D:\Dropbox\OpenServer\domains\orion\func\error_func.php:29) Creation of dynamic property ListTable::$field_result is deprecated
[2025-06-22 15:19:22] [NOTICE] (D:\Dropbox\OpenServer\domains\orion\func\error_func.php:29) Creation of dynamic property ListTable::$field_result_name is deprecated
[2025-06-22 15:19:22] [NOTICE] (D:\Dropbox\OpenServer\domains\orion\func\error_func.php:29) Creation of dynamic property SqlSelect::$parent_field is deprecated
[2025-06-22 15:19:22] [NOTICE] (D:\Dropbox\OpenServer\domains\orion\func\error_func.php:29) Creation of dynamic property SqlSelect::$out_module_id is deprecated
[2025-06-22 15:19:22] [NOTICE] (D:\Dropbox\OpenServer\domains\orion\func\error_func.php:29) Creation of dynamic property SqlSelect::$out_module_result is deprecated
[2025-06-22 15:19:22] [NOTICE] (D:\Dropbox\OpenServer\domains\orion\func\error_func.php:29) Creation of dynamic property ListTable::$page_items is deprecated
[2025-06-22 15:19:22] [WARNING] (D:\Dropbox\OpenServer\domains\orion\func\error_func.php:29) Undefined array key "last_insert_id"
[2025-06-22 15:19:22] [NOTICE] (D:\Dropbox\OpenServer\domains\orion\func\error_func.php:29) Creation of dynamic property ListTable::$nameZ is deprecated
[2025-06-22 15:19:22] [NOTICE] (D:\Dropbox\OpenServer\domains\orion\func\error_func.php:29) Creation of dynamic property ListTable::$table_class is deprecated
[2025-06-22 15:19:22] [NOTICE] (D:\Dropbox\OpenServer\domains\orion\func\error_func.php:29) Creation of dynamic property ListTable::$theed_tr_class is deprecated
[2025-06-22 15:19:22] [NOTICE] (D:\Dropbox\OpenServer\domains\orion\func\error_func.php:29) Creation of dynamic property ListTable::$nameZList is deprecated
[2025-06-22 15:19:22] [NOTICE] (D:\Dropbox\OpenServer\domains\orion\func\error_func.php:29) Creation of dynamic property ListTable::$aFilters is deprecated
[2025-06-22 15:19:22] [NOTICE] (D:\Dropbox\OpenServer\domains\orion\func\error_func.php:29) Creation of dynamic property ListTable::$wintype is deprecated
[2025-06-22 15:19:22] [NOTICE] (D:\Dropbox\OpenServer\domains\orion\func\error_func.php:29) Creation of dynamic property ListTable::$field_result is deprecated
[2025-06-22 15:19:22] [NOTICE] (D:\Dropbox\OpenServer\domains\orion\func\error_func.php:29) Creation of dynamic property ListTable::$field_result_name is deprecated
[2025-06-22 15:19:22] [NOTICE] (D:\Dropbox\OpenServer\domains\orion\func\error_func.php:29) Creation of dynamic property SqlSelect::$parent_field is deprecated
[2025-06-22 15:19:22] [NOTICE] (D:\Dropbox\OpenServer\domains\orion\func\error_func.php:29) Creation of dynamic property SqlSelect::$out_module_id is deprecated
[2025-06-22 15:19:22] [NOTICE] (D:\Dropbox\OpenServer\domains\orion\func\error_func.php:29) Creation of dynamic property SqlSelect::$out_module_result is deprecated
[2025-06-22 15:19:23] [NOTICE] (D:\Dropbox\OpenServer\domains\orion\func\error_func.php:29) Creation of dynamic property ListTable::$page_items is deprecated
[2025-06-22 15:19:25] [NOTICE] (D:\Dropbox\OpenServer\domains\orion\func\error_func.php:29) Creation of dynamic property auth_users::$timestamp is deprecated
[2025-06-22 15:19:25] [NOTICE] (D:\Dropbox\OpenServer\domains\orion\func\error_func.php:29) Creation of dynamic property auth_users::$ip is deprecated
[2025-06-22 15:19:25] [NOTICE] (D:\Dropbox\OpenServer\domains\orion\func\error_func.php:29) Creation of dynamic property auth_users::$ip_net is deprecated
[2025-06-22 15:19:25] [NOTICE] (D:\Dropbox\OpenServer\domains\orion\func\error_func.php:29) Creation of dynamic property auth_users::$browser is deprecated
[2025-06-22 15:19:25] [NOTICE] (D:\Dropbox\OpenServer\domains\orion\func\error_func.php:29) Creation of dynamic property ActionModule::$aEditField is deprecated
[2025-06-22 15:19:25] [NOTICE] (D:\Dropbox\OpenServer\domains\orion\func\error_func.php:29) Creation of dynamic property ShowAction::$aEditField is deprecated
[2025-06-22 15:20:02] [NOTICE] (D:\Dropbox\OpenServer\domains\orion\func\error_func.php:29) Creation of dynamic property auth_users::$timestamp is deprecated
[2025-06-22 15:20:02] [NOTICE] (D:\Dropbox\OpenServer\domains\orion\func\error_func.php:29) Creation of dynamic property auth_users::$ip is deprecated
[2025-06-22 15:20:02] [NOTICE] (D:\Dropbox\OpenServer\domains\orion\func\error_func.php:29) Creation of dynamic property auth_users::$ip_net is deprecated
[2025-06-22 15:20:02] [NOTICE] (D:\Dropbox\OpenServer\domains\orion\func\error_func.php:29) Creation of dynamic property auth_users::$browser is deprecated
[2025-06-22 15:20:02] [NOTICE] (D:\Dropbox\OpenServer\domains\orion\func\error_func.php:29) Creation of dynamic property ActionModule::$aEditField is deprecated
[2025-06-22 15:20:02] [NOTICE] (D:\Dropbox\OpenServer\domains\orion\func\error_func.php:29) Creation of dynamic property ActionModule::$id_aParent is deprecated
[2025-06-22 15:20:02] [NOTICE] (D:\Dropbox\OpenServer\domains\orion\func\error_func.php:29) Creation of dynamic property ActionModule::$name_aParent is deprecated
[2025-06-22 15:20:02] [NOTICE] (D:\Dropbox\OpenServer\domains\orion\func\error_func.php:29) Creation of dynamic property ListTable::$nameZ is deprecated
[2025-06-22 15:20:02] [NOTICE] (D:\Dropbox\OpenServer\domains\orion\func\error_func.php:29) Creation of dynamic property ListTable::$table_class is deprecated
[2025-06-22 15:20:02] [NOTICE] (D:\Dropbox\OpenServer\domains\orion\func\error_func.php:29) Creation of dynamic property ListTable::$theed_tr_class is deprecated
[2025-06-22 15:20:02] [NOTICE] (D:\Dropbox\OpenServer\domains\orion\func\error_func.php:29) Creation of dynamic property ListTable::$nameZList is deprecated
[2025-06-22 15:20:02] [NOTICE] (D:\Dropbox\OpenServer\domains\orion\func\error_func.php:29) Creation of dynamic property ListTable::$aFilters is deprecated
[2025-06-22 15:20:02] [NOTICE] (D:\Dropbox\OpenServer\domains\orion\func\error_func.php:29) Creation of dynamic property ListTable::$wintype is deprecated
[2025-06-22 15:20:02] [NOTICE] (D:\Dropbox\OpenServer\domains\orion\func\error_func.php:29) Creation of dynamic property ListTable::$field_result is deprecated
[2025-06-22 15:20:02] [NOTICE] (D:\Dropbox\OpenServer\domains\orion\func\error_func.php:29) Creation of dynamic property ListTable::$field_result_name is deprecated
[2025-06-22 15:20:02] [NOTICE] (D:\Dropbox\OpenServer\domains\orion\func\error_func.php:29) Creation of dynamic property ListTable::$id_aParent is deprecated
[2025-06-22 15:20:02] [NOTICE] (D:\Dropbox\OpenServer\domains\orion\func\error_func.php:29) Creation of dynamic property SqlSelect::$parent_field is deprecated
[2025-06-22 15:20:02] [NOTICE] (D:\Dropbox\OpenServer\domains\orion\func\error_func.php:29) Creation of dynamic property SqlSelect::$out_module_id is deprecated
[2025-06-22 15:20:02] [NOTICE] (D:\Dropbox\OpenServer\domains\orion\func\error_func.php:29) Creation of dynamic property SqlSelect::$out_module_result is deprecated
[2025-06-22 15:20:02] [NOTICE] (D:\Dropbox\OpenServer\domains\orion\func\error_func.php:29) Creation of dynamic property ListTable::$page_items is deprecated
[2025-06-22 15:20:10] [NOTICE] (D:\Dropbox\OpenServer\domains\orion\func\error_func.php:29) Creation of dynamic property auth_users::$timestamp is deprecated
[2025-06-22 15:20:10] [NOTICE] (D:\Dropbox\OpenServer\domains\orion\func\error_func.php:29) Creation of dynamic property auth_users::$ip is deprecated
[2025-06-22 15:20:10] [NOTICE] (D:\Dropbox\OpenServer\domains\orion\func\error_func.php:29) Creation of dynamic property auth_users::$ip_net is deprecated
[2025-06-22 15:20:10] [NOTICE] (D:\Dropbox\OpenServer\domains\orion\func\error_func.php:29) Creation of dynamic property auth_users::$browser is deprecated
[2025-06-22 15:20:10] [NOTICE] (D:\Dropbox\OpenServer\domains\orion\func\error_func.php:29) Creation of dynamic property ActionModule::$aEditField is deprecated
[2025-06-22 15:20:10] [NOTICE] (D:\Dropbox\OpenServer\domains\orion\func\error_func.php:29) Creation of dynamic property ActionModule::$id_aParent is deprecated
[2025-06-22 15:20:10] [NOTICE] (D:\Dropbox\OpenServer\domains\orion\func\error_func.php:29) Creation of dynamic property ActionModule::$name_aParent is deprecated
[2025-06-22 15:20:10] [NOTICE] (D:\Dropbox\OpenServer\domains\orion\func\error_func.php:29) Creation of dynamic property FormEdit::$aEditField is deprecated
[2025-06-22 15:20:10] [NOTICE] (D:\Dropbox\OpenServer\domains\orion\func\error_func.php:29) Creation of dynamic property FormEdit::$nameZ is deprecated
[2025-06-22 15:20:10] [NOTICE] (D:\Dropbox\OpenServer\domains\orion\func\error_func.php:29) Creation of dynamic property FormEdit::$nameZEdit is deprecated
[2025-06-22 15:20:10] [NOTICE] (D:\Dropbox\OpenServer\domains\orion\func\error_func.php:29) Creation of dynamic property FormEdit::$aTabs is deprecated
[2025-06-22 15:20:10] [NOTICE] (D:\Dropbox\OpenServer\domains\orion\func\error_func.php:29) Creation of dynamic property FormEdit::$id_aParent is deprecated
[2025-06-22 15:20:10] [NOTICE] (D:\Dropbox\OpenServer\domains\orion\func\error_func.php:29) Creation of dynamic property FormEdit::$name_aParent is deprecated
[2025-06-22 15:20:10] [NOTICE] (D:\Dropbox\OpenServer\domains\orion\func\error_func.php:29) Creation of dynamic property FormEdit::$submenu is deprecated
[2025-06-22 15:20:13] [NOTICE] (D:\Dropbox\OpenServer\domains\orion\func\error_func.php:29) Creation of dynamic property auth_users::$timestamp is deprecated
[2025-06-22 15:20:13] [NOTICE] (D:\Dropbox\OpenServer\domains\orion\func\error_func.php:29) Creation of dynamic property auth_users::$ip is deprecated
[2025-06-22 15:20:13] [NOTICE] (D:\Dropbox\OpenServer\domains\orion\func\error_func.php:29) Creation of dynamic property auth_users::$ip_net is deprecated
[2025-06-22 15:20:13] [NOTICE] (D:\Dropbox\OpenServer\domains\orion\func\error_func.php:29) Creation of dynamic property auth_users::$browser is deprecated
[2025-06-22 15:20:13] [NOTICE] (D:\Dropbox\OpenServer\domains\orion\func\error_func.php:29) Creation of dynamic property ActionModule::$aEditField is deprecated
[2025-06-22 15:20:13] [NOTICE] (D:\Dropbox\OpenServer\domains\orion\func\error_func.php:29) Creation of dynamic property ActionModule::$id_aParent is deprecated
[2025-06-22 15:20:13] [NOTICE] (D:\Dropbox\OpenServer\domains\orion\func\error_func.php:29) Creation of dynamic property ActionModule::$name_aParent is deprecated
[2025-06-22 15:20:13] [NOTICE] (D:\Dropbox\OpenServer\domains\orion\func\error_func.php:29) Creation of dynamic property ListTable::$nameZ is deprecated
[2025-06-22 15:20:13] [NOTICE] (D:\Dropbox\OpenServer\domains\orion\func\error_func.php:29) Creation of dynamic property ListTable::$table_class is deprecated
[2025-06-22 15:20:13] [NOTICE] (D:\Dropbox\OpenServer\domains\orion\func\error_func.php:29) Creation of dynamic property ListTable::$theed_tr_class is deprecated
[2025-06-22 15:20:13] [NOTICE] (D:\Dropbox\OpenServer\domains\orion\func\error_func.php:29) Creation of dynamic property ListTable::$nameZList is deprecated
[2025-06-22 15:20:13] [NOTICE] (D:\Dropbox\OpenServer\domains\orion\func\error_func.php:29) Creation of dynamic property ListTable::$aFilters is deprecated
[2025-06-22 15:20:13] [NOTICE] (D:\Dropbox\OpenServer\domains\orion\func\error_func.php:29) Creation of dynamic property ListTable::$wintype is deprecated
[2025-06-22 15:20:13] [NOTICE] (D:\Dropbox\OpenServer\domains\orion\func\error_func.php:29) Creation of dynamic property ListTable::$field_result is deprecated
[2025-06-22 15:20:13] [NOTICE] (D:\Dropbox\OpenServer\domains\orion\func\error_func.php:29) Creation of dynamic property ListTable::$field_result_name is deprecated
[2025-06-22 15:20:13] [NOTICE] (D:\Dropbox\OpenServer\domains\orion\func\error_func.php:29) Creation of dynamic property ListTable::$id_aParent is deprecated
[2025-06-22 15:20:13] [NOTICE] (D:\Dropbox\OpenServer\domains\orion\func\error_func.php:29) Creation of dynamic property SqlSelect::$parent_field is deprecated
[2025-06-22 15:20:13] [NOTICE] (D:\Dropbox\OpenServer\domains\orion\func\error_func.php:29) Creation of dynamic property SqlSelect::$out_module_id is deprecated
[2025-06-22 15:20:13] [NOTICE] (D:\Dropbox\OpenServer\domains\orion\func\error_func.php:29) Creation of dynamic property SqlSelect::$out_module_result is deprecated
[2025-06-22 15:20:13] [NOTICE] (D:\Dropbox\OpenServer\domains\orion\func\error_func.php:29) Creation of dynamic property ListTable::$page_items is deprecated
[2025-06-22 15:20:14] [NOTICE] (D:\Dropbox\OpenServer\domains\orion\func\error_func.php:29) Creation of dynamic property auth_users::$timestamp is deprecated
[2025-06-22 15:20:14] [NOTICE] (D:\Dropbox\OpenServer\domains\orion\func\error_func.php:29) Creation of dynamic property auth_users::$ip is deprecated
[2025-06-22 15:20:14] [NOTICE] (D:\Dropbox\OpenServer\domains\orion\func\error_func.php:29) Creation of dynamic property auth_users::$ip_net is deprecated
[2025-06-22 15:20:14] [NOTICE] (D:\Dropbox\OpenServer\domains\orion\func\error_func.php:29) Creation of dynamic property auth_users::$browser is deprecated
[2025-06-22 15:20:14] [NOTICE] (D:\Dropbox\OpenServer\domains\orion\func\error_func.php:29) Creation of dynamic property ActionModule::$aEditField is deprecated
[2025-06-22 15:20:14] [NOTICE] (D:\Dropbox\OpenServer\domains\orion\func\error_func.php:29) Creation of dynamic property ActionModule::$id_aParent is deprecated
[2025-06-22 15:20:14] [NOTICE] (D:\Dropbox\OpenServer\domains\orion\func\error_func.php:29) Creation of dynamic property ActionModule::$name_aParent is deprecated
[2025-06-22 15:20:14] [NOTICE] (D:\Dropbox\OpenServer\domains\orion\func\error_func.php:29) Creation of dynamic property FormAdd::$aEditField is deprecated
[2025-06-22 15:20:14] [NOTICE] (D:\Dropbox\OpenServer\domains\orion\func\error_func.php:29) Creation of dynamic property FormAdd::$nameZ is deprecated
[2025-06-22 15:20:14] [NOTICE] (D:\Dropbox\OpenServer\domains\orion\func\error_func.php:29) Creation of dynamic property FormAdd::$nameZEdit is deprecated
[2025-06-22 15:20:14] [NOTICE] (D:\Dropbox\OpenServer\domains\orion\func\error_func.php:29) Creation of dynamic property FormAdd::$aTabs is deprecated
[2025-06-22 15:20:14] [NOTICE] (D:\Dropbox\OpenServer\domains\orion\func\error_func.php:29) Creation of dynamic property FormAdd::$isAdd is deprecated
[2025-06-22 15:20:14] [NOTICE] (D:\Dropbox\OpenServer\domains\orion\func\error_func.php:29) Creation of dynamic property FormAdd::$id_aParent is deprecated
[2025-06-22 15:20:14] [NOTICE] (D:\Dropbox\OpenServer\domains\orion\func\error_func.php:29) Creation of dynamic property FormAdd::$name_aParent is deprecated
[2025-06-22 15:20:14] [NOTICE] (D:\Dropbox\OpenServer\domains\orion\func\error_func.php:29) Creation of dynamic property FormAdd::$name_list_parent is deprecated
[2025-06-22 15:20:14] [NOTICE] (D:\Dropbox\OpenServer\domains\orion\func\error_func.php:29) Creation of dynamic property FormAdd::$submenu is deprecated
[2025-06-22 15:20:22] [NOTICE] (D:\Dropbox\OpenServer\domains\orion\func\error_func.php:29) Creation of dynamic property auth_users::$timestamp is deprecated
[2025-06-22 15:20:22] [NOTICE] (D:\Dropbox\OpenServer\domains\orion\func\error_func.php:29) Creation of dynamic property auth_users::$ip is deprecated
[2025-06-22 15:20:22] [NOTICE] (D:\Dropbox\OpenServer\domains\orion\func\error_func.php:29) Creation of dynamic property auth_users::$ip_net is deprecated
[2025-06-22 15:20:22] [NOTICE] (D:\Dropbox\OpenServer\domains\orion\func\error_func.php:29) Creation of dynamic property auth_users::$browser is deprecated
[2025-06-22 15:20:22] [NOTICE] (D:\Dropbox\OpenServer\domains\orion\func\error_func.php:29) Creation of dynamic property ActionModule::$aEditField is deprecated
[2025-06-22 15:20:22] [NOTICE] (D:\Dropbox\OpenServer\domains\orion\func\error_func.php:29) Creation of dynamic property ActionModule::$id_aParent is deprecated
[2025-06-22 15:20:22] [NOTICE] (D:\Dropbox\OpenServer\domains\orion\func\error_func.php:29) Creation of dynamic property ActionModule::$name_aParent is deprecated
[2025-06-22 15:20:22] [NOTICE] (D:\Dropbox\OpenServer\domains\orion\func\error_func.php:29) Creation of dynamic property FormSave::$aEditField is deprecated
[2025-06-22 15:20:22] [NOTICE] (D:\Dropbox\OpenServer\domains\orion\func\error_func.php:29) Creation of dynamic property FormSave::$id_aParent is deprecated
[2025-06-22 15:20:22] [NOTICE] (D:\Dropbox\OpenServer\domains\orion\func\error_func.php:29) Creation of dynamic property FormSave::$name_aParent is deprecated
[2025-06-22 15:20:22] [NOTICE] (D:\Dropbox\OpenServer\domains\orion\func\error_func.php:29) Creation of dynamic property ListTable::$nameZ is deprecated
[2025-06-22 15:20:22] [NOTICE] (D:\Dropbox\OpenServer\domains\orion\func\error_func.php:29) Creation of dynamic property ListTable::$table_class is deprecated
[2025-06-22 15:20:22] [NOTICE] (D:\Dropbox\OpenServer\domains\orion\func\error_func.php:29) Creation of dynamic property ListTable::$theed_tr_class is deprecated
[2025-06-22 15:20:22] [NOTICE] (D:\Dropbox\OpenServer\domains\orion\func\error_func.php:29) Creation of dynamic property ListTable::$nameZList is deprecated
[2025-06-22 15:20:22] [NOTICE] (D:\Dropbox\OpenServer\domains\orion\func\error_func.php:29) Creation of dynamic property ListTable::$aFilters is deprecated
[2025-06-22 15:20:22] [NOTICE] (D:\Dropbox\OpenServer\domains\orion\func\error_func.php:29) Creation of dynamic property ListTable::$wintype is deprecated
[2025-06-22 15:20:22] [NOTICE] (D:\Dropbox\OpenServer\domains\orion\func\error_func.php:29) Creation of dynamic property ListTable::$field_result is deprecated
[2025-06-22 15:20:22] [NOTICE] (D:\Dropbox\OpenServer\domains\orion\func\error_func.php:29) Creation of dynamic property ListTable::$field_result_name is deprecated
[2025-06-22 15:20:22] [NOTICE] (D:\Dropbox\OpenServer\domains\orion\func\error_func.php:29) Creation of dynamic property ListTable::$id_aParent is deprecated
[2025-06-22 15:20:22] [NOTICE] (D:\Dropbox\OpenServer\domains\orion\func\error_func.php:29) Creation of dynamic property SqlSelect::$parent_field is deprecated
[2025-06-22 15:20:22] [NOTICE] (D:\Dropbox\OpenServer\domains\orion\func\error_func.php:29) Creation of dynamic property SqlSelect::$out_module_id is deprecated
[2025-06-22 15:20:22] [NOTICE] (D:\Dropbox\OpenServer\domains\orion\func\error_func.php:29) Creation of dynamic property SqlSelect::$out_module_result is deprecated
[2025-06-22 15:20:22] [NOTICE] (D:\Dropbox\OpenServer\domains\orion\func\error_func.php:29) Creation of dynamic property ListTable::$page_items is deprecated
[2025-06-22 15:20:22] [INFO] (D:\Dropbox\OpenServer\domains\orion\modules\grp_turnirs\etaps\func\func.etaps.php:921) Array
(
    [name_etap] => ГРУПИ
    [type_etap] => 1
    [istochnik_posev] => 0
    [cnt_people] => 17
    [cnt_grp] => 4
    [mesto_from] => 1
    [is_perenos] => 0
)

[2025-06-22 15:20:22] [NOTICE] (D:\Dropbox\OpenServer\domains\orion\func\error_func.php:29) Creation of dynamic property ListTable::$nameZ is deprecated
[2025-06-22 15:20:22] [NOTICE] (D:\Dropbox\OpenServer\domains\orion\func\error_func.php:29) Creation of dynamic property ListTable::$table_class is deprecated
[2025-06-22 15:20:22] [NOTICE] (D:\Dropbox\OpenServer\domains\orion\func\error_func.php:29) Creation of dynamic property ListTable::$theed_tr_class is deprecated
[2025-06-22 15:20:22] [NOTICE] (D:\Dropbox\OpenServer\domains\orion\func\error_func.php:29) Creation of dynamic property ListTable::$nameZList is deprecated
[2025-06-22 15:20:22] [NOTICE] (D:\Dropbox\OpenServer\domains\orion\func\error_func.php:29) Creation of dynamic property ListTable::$aFilters is deprecated
[2025-06-22 15:20:22] [NOTICE] (D:\Dropbox\OpenServer\domains\orion\func\error_func.php:29) Creation of dynamic property ListTable::$wintype is deprecated
[2025-06-22 15:20:22] [NOTICE] (D:\Dropbox\OpenServer\domains\orion\func\error_func.php:29) Creation of dynamic property ListTable::$field_result is deprecated
[2025-06-22 15:20:22] [NOTICE] (D:\Dropbox\OpenServer\domains\orion\func\error_func.php:29) Creation of dynamic property ListTable::$field_result_name is deprecated
[2025-06-22 15:20:22] [NOTICE] (D:\Dropbox\OpenServer\domains\orion\func\error_func.php:29) Creation of dynamic property ListTable::$id_aParent is deprecated
[2025-06-22 15:20:22] [NOTICE] (D:\Dropbox\OpenServer\domains\orion\func\error_func.php:29) Creation of dynamic property SqlSelect::$parent_field is deprecated
[2025-06-22 15:20:22] [NOTICE] (D:\Dropbox\OpenServer\domains\orion\func\error_func.php:29) Creation of dynamic property SqlSelect::$out_module_id is deprecated
[2025-06-22 15:20:22] [NOTICE] (D:\Dropbox\OpenServer\domains\orion\func\error_func.php:29) Creation of dynamic property SqlSelect::$out_module_result is deprecated
[2025-06-22 15:20:22] [NOTICE] (D:\Dropbox\OpenServer\domains\orion\func\error_func.php:29) Creation of dynamic property ListTable::$page_items is deprecated
[2025-06-22 15:20:24] [NOTICE] (D:\Dropbox\OpenServer\domains\orion\func\error_func.php:29) Creation of dynamic property auth_users::$timestamp is deprecated
[2025-06-22 15:20:24] [NOTICE] (D:\Dropbox\OpenServer\domains\orion\func\error_func.php:29) Creation of dynamic property auth_users::$ip is deprecated
[2025-06-22 15:20:24] [NOTICE] (D:\Dropbox\OpenServer\domains\orion\func\error_func.php:29) Creation of dynamic property auth_users::$ip_net is deprecated
[2025-06-22 15:20:24] [NOTICE] (D:\Dropbox\OpenServer\domains\orion\func\error_func.php:29) Creation of dynamic property auth_users::$browser is deprecated
[2025-06-22 15:20:24] [NOTICE] (D:\Dropbox\OpenServer\domains\orion\func\error_func.php:29) Creation of dynamic property ActionModule::$aEditField is deprecated
[2025-06-22 15:20:24] [NOTICE] (D:\Dropbox\OpenServer\domains\orion\func\error_func.php:29) Creation of dynamic property ShowAction::$aEditField is deprecated
[2025-06-22 15:20:26] [NOTICE] (D:\Dropbox\OpenServer\domains\orion\func\error_func.php:29) Creation of dynamic property auth_users::$timestamp is deprecated
[2025-06-22 15:20:26] [NOTICE] (D:\Dropbox\OpenServer\domains\orion\func\error_func.php:29) Creation of dynamic property auth_users::$ip is deprecated
[2025-06-22 15:20:26] [NOTICE] (D:\Dropbox\OpenServer\domains\orion\func\error_func.php:29) Creation of dynamic property auth_users::$ip_net is deprecated
[2025-06-22 15:20:26] [NOTICE] (D:\Dropbox\OpenServer\domains\orion\func\error_func.php:29) Creation of dynamic property auth_users::$browser is deprecated
[2025-06-22 15:20:26] [NOTICE] (D:\Dropbox\OpenServer\domains\orion\func\error_func.php:29) Creation of dynamic property ActionModule::$aEditField is deprecated
[2025-06-22 15:20:26] [NOTICE] (D:\Dropbox\OpenServer\domains\orion\func\error_func.php:29) Creation of dynamic property ShowAction::$aEditField is deprecated
[2025-06-22 15:22:46] [NOTICE] (D:\Dropbox\OpenServer\domains\orion\func\error_func.php:29) Creation of dynamic property auth_users::$timestamp is deprecated
[2025-06-22 15:22:46] [NOTICE] (D:\Dropbox\OpenServer\domains\orion\func\error_func.php:29) Creation of dynamic property auth_users::$ip is deprecated
[2025-06-22 15:22:46] [NOTICE] (D:\Dropbox\OpenServer\domains\orion\func\error_func.php:29) Creation of dynamic property auth_users::$ip_net is deprecated
[2025-06-22 15:22:46] [NOTICE] (D:\Dropbox\OpenServer\domains\orion\func\error_func.php:29) Creation of dynamic property auth_users::$browser is deprecated
[2025-06-22 15:22:46] [NOTICE] (D:\Dropbox\OpenServer\domains\orion\func\error_func.php:29) Creation of dynamic property ActionModule::$aEditField is deprecated
[2025-06-22 15:22:46] [NOTICE] (D:\Dropbox\OpenServer\domains\orion\func\error_func.php:29) Creation of dynamic property ActionModule::$id_aParent is deprecated
[2025-06-22 15:22:46] [NOTICE] (D:\Dropbox\OpenServer\domains\orion\func\error_func.php:29) Creation of dynamic property ActionModule::$name_aParent is deprecated
[2025-06-22 15:22:46] [NOTICE] (D:\Dropbox\OpenServer\domains\orion\func\error_func.php:29) Creation of dynamic property ListTable::$nameZ is deprecated
[2025-06-22 15:22:46] [NOTICE] (D:\Dropbox\OpenServer\domains\orion\func\error_func.php:29) Creation of dynamic property ListTable::$table_class is deprecated
[2025-06-22 15:22:46] [NOTICE] (D:\Dropbox\OpenServer\domains\orion\func\error_func.php:29) Creation of dynamic property ListTable::$theed_tr_class is deprecated
[2025-06-22 15:22:46] [NOTICE] (D:\Dropbox\OpenServer\domains\orion\func\error_func.php:29) Creation of dynamic property ListTable::$nameZList is deprecated
[2025-06-22 15:22:46] [NOTICE] (D:\Dropbox\OpenServer\domains\orion\func\error_func.php:29) Creation of dynamic property ListTable::$aFilters is deprecated
[2025-06-22 15:22:46] [NOTICE] (D:\Dropbox\OpenServer\domains\orion\func\error_func.php:29) Creation of dynamic property ListTable::$wintype is deprecated
[2025-06-22 15:22:46] [NOTICE] (D:\Dropbox\OpenServer\domains\orion\func\error_func.php:29) Creation of dynamic property ListTable::$field_result is deprecated
[2025-06-22 15:22:46] [NOTICE] (D:\Dropbox\OpenServer\domains\orion\func\error_func.php:29) Creation of dynamic property ListTable::$field_result_name is deprecated
[2025-06-22 15:22:46] [NOTICE] (D:\Dropbox\OpenServer\domains\orion\func\error_func.php:29) Creation of dynamic property ListTable::$id_aParent is deprecated
[2025-06-22 15:22:46] [NOTICE] (D:\Dropbox\OpenServer\domains\orion\func\error_func.php:29) Creation of dynamic property SqlSelect::$parent_field is deprecated
[2025-06-22 15:22:46] [NOTICE] (D:\Dropbox\OpenServer\domains\orion\func\error_func.php:29) Creation of dynamic property SqlSelect::$out_module_id is deprecated
[2025-06-22 15:22:46] [NOTICE] (D:\Dropbox\OpenServer\domains\orion\func\error_func.php:29) Creation of dynamic property SqlSelect::$out_module_result is deprecated
[2025-06-22 15:22:46] [NOTICE] (D:\Dropbox\OpenServer\domains\orion\func\error_func.php:29) Creation of dynamic property ListTable::$page_items is deprecated
[2025-06-22 15:22:54] [NOTICE] (D:\Dropbox\OpenServer\domains\orion\func\error_func.php:29) Creation of dynamic property auth_users::$timestamp is deprecated
[2025-06-22 15:22:54] [NOTICE] (D:\Dropbox\OpenServer\domains\orion\func\error_func.php:29) Creation of dynamic property auth_users::$ip is deprecated
[2025-06-22 15:22:54] [NOTICE] (D:\Dropbox\OpenServer\domains\orion\func\error_func.php:29) Creation of dynamic property auth_users::$ip_net is deprecated
[2025-06-22 15:22:54] [NOTICE] (D:\Dropbox\OpenServer\domains\orion\func\error_func.php:29) Creation of dynamic property auth_users::$browser is deprecated
[2025-06-22 15:22:54] [NOTICE] (D:\Dropbox\OpenServer\domains\orion\func\error_func.php:29) Creation of dynamic property ActionModule::$aEditField is deprecated
[2025-06-22 15:22:54] [NOTICE] (D:\Dropbox\OpenServer\domains\orion\func\error_func.php:29) Creation of dynamic property ActionModule::$id_aParent is deprecated
[2025-06-22 15:22:54] [NOTICE] (D:\Dropbox\OpenServer\domains\orion\func\error_func.php:29) Creation of dynamic property ActionModule::$name_aParent is deprecated
[2025-06-22 15:22:54] [NOTICE] (D:\Dropbox\OpenServer\domains\orion\func\error_func.php:29) Creation of dynamic property ListTable::$nameZ is deprecated
[2025-06-22 15:22:54] [NOTICE] (D:\Dropbox\OpenServer\domains\orion\func\error_func.php:29) Creation of dynamic property ListTable::$table_class is deprecated
[2025-06-22 15:22:54] [NOTICE] (D:\Dropbox\OpenServer\domains\orion\func\error_func.php:29) Creation of dynamic property ListTable::$theed_tr_class is deprecated
[2025-06-22 15:22:54] [NOTICE] (D:\Dropbox\OpenServer\domains\orion\func\error_func.php:29) Creation of dynamic property ListTable::$nameZList is deprecated
[2025-06-22 15:22:54] [NOTICE] (D:\Dropbox\OpenServer\domains\orion\func\error_func.php:29) Creation of dynamic property ListTable::$aFilters is deprecated
[2025-06-22 15:22:54] [NOTICE] (D:\Dropbox\OpenServer\domains\orion\func\error_func.php:29) Creation of dynamic property ListTable::$wintype is deprecated
[2025-06-22 15:22:54] [NOTICE] (D:\Dropbox\OpenServer\domains\orion\func\error_func.php:29) Creation of dynamic property ListTable::$field_result is deprecated
[2025-06-22 15:22:54] [NOTICE] (D:\Dropbox\OpenServer\domains\orion\func\error_func.php:29) Creation of dynamic property ListTable::$field_result_name is deprecated
[2025-06-22 15:22:54] [NOTICE] (D:\Dropbox\OpenServer\domains\orion\func\error_func.php:29) Creation of dynamic property ListTable::$id_aParent is deprecated
[2025-06-22 15:22:54] [NOTICE] (D:\Dropbox\OpenServer\domains\orion\func\error_func.php:29) Creation of dynamic property SqlSelect::$parent_field is deprecated
[2025-06-22 15:22:54] [NOTICE] (D:\Dropbox\OpenServer\domains\orion\func\error_func.php:29) Creation of dynamic property SqlSelect::$out_module_id is deprecated
[2025-06-22 15:22:54] [NOTICE] (D:\Dropbox\OpenServer\domains\orion\func\error_func.php:29) Creation of dynamic property SqlSelect::$out_module_result is deprecated
[2025-06-22 15:22:54] [NOTICE] (D:\Dropbox\OpenServer\domains\orion\func\error_func.php:29) Creation of dynamic property ListTable::$page_items is deprecated
[2025-06-22 15:22:55] [NOTICE] (D:\Dropbox\OpenServer\domains\orion\func\error_func.php:29) Creation of dynamic property auth_users::$timestamp is deprecated
[2025-06-22 15:22:55] [NOTICE] (D:\Dropbox\OpenServer\domains\orion\func\error_func.php:29) Creation of dynamic property auth_users::$ip is deprecated
[2025-06-22 15:22:55] [NOTICE] (D:\Dropbox\OpenServer\domains\orion\func\error_func.php:29) Creation of dynamic property auth_users::$ip_net is deprecated
[2025-06-22 15:22:55] [NOTICE] (D:\Dropbox\OpenServer\domains\orion\func\error_func.php:29) Creation of dynamic property auth_users::$browser is deprecated
[2025-06-22 15:22:55] [NOTICE] (D:\Dropbox\OpenServer\domains\orion\func\error_func.php:29) Creation of dynamic property ActionModule::$aEditField is deprecated
[2025-06-22 15:22:55] [NOTICE] (D:\Dropbox\OpenServer\domains\orion\func\error_func.php:29) Creation of dynamic property ActionModule::$id_aParent is deprecated
[2025-06-22 15:22:55] [NOTICE] (D:\Dropbox\OpenServer\domains\orion\func\error_func.php:29) Creation of dynamic property ActionModule::$name_aParent is deprecated
[2025-06-22 15:22:55] [NOTICE] (D:\Dropbox\OpenServer\domains\orion\func\error_func.php:29) Creation of dynamic property FormAdd::$aEditField is deprecated
[2025-06-22 15:22:55] [NOTICE] (D:\Dropbox\OpenServer\domains\orion\func\error_func.php:29) Creation of dynamic property FormAdd::$nameZ is deprecated
[2025-06-22 15:22:55] [NOTICE] (D:\Dropbox\OpenServer\domains\orion\func\error_func.php:29) Creation of dynamic property FormAdd::$nameZEdit is deprecated
[2025-06-22 15:22:55] [NOTICE] (D:\Dropbox\OpenServer\domains\orion\func\error_func.php:29) Creation of dynamic property FormAdd::$aTabs is deprecated
[2025-06-22 15:22:55] [NOTICE] (D:\Dropbox\OpenServer\domains\orion\func\error_func.php:29) Creation of dynamic property FormAdd::$isAdd is deprecated
[2025-06-22 15:22:55] [NOTICE] (D:\Dropbox\OpenServer\domains\orion\func\error_func.php:29) Creation of dynamic property FormAdd::$id_aParent is deprecated
[2025-06-22 15:22:55] [NOTICE] (D:\Dropbox\OpenServer\domains\orion\func\error_func.php:29) Creation of dynamic property FormAdd::$name_aParent is deprecated
[2025-06-22 15:22:55] [NOTICE] (D:\Dropbox\OpenServer\domains\orion\func\error_func.php:29) Creation of dynamic property FormAdd::$name_list_parent is deprecated
[2025-06-22 15:22:55] [NOTICE] (D:\Dropbox\OpenServer\domains\orion\func\error_func.php:29) Creation of dynamic property FormAdd::$submenu is deprecated
[2025-06-22 15:23:02] [NOTICE] (D:\Dropbox\OpenServer\domains\orion\func\error_func.php:29) Creation of dynamic property auth_users::$timestamp is deprecated
[2025-06-22 15:23:02] [NOTICE] (D:\Dropbox\OpenServer\domains\orion\func\error_func.php:29) Creation of dynamic property auth_users::$ip is deprecated
[2025-06-22 15:23:02] [NOTICE] (D:\Dropbox\OpenServer\domains\orion\func\error_func.php:29) Creation of dynamic property auth_users::$ip_net is deprecated
[2025-06-22 15:23:02] [NOTICE] (D:\Dropbox\OpenServer\domains\orion\func\error_func.php:29) Creation of dynamic property auth_users::$browser is deprecated
[2025-06-22 15:23:02] [NOTICE] (D:\Dropbox\OpenServer\domains\orion\func\error_func.php:29) Creation of dynamic property ActionModule::$aEditField is deprecated
[2025-06-22 15:23:02] [NOTICE] (D:\Dropbox\OpenServer\domains\orion\func\error_func.php:29) Creation of dynamic property ActionModule::$id_aParent is deprecated
[2025-06-22 15:23:02] [NOTICE] (D:\Dropbox\OpenServer\domains\orion\func\error_func.php:29) Creation of dynamic property ActionModule::$name_aParent is deprecated
[2025-06-22 15:23:02] [NOTICE] (D:\Dropbox\OpenServer\domains\orion\func\error_func.php:29) Creation of dynamic property FormSave::$aEditField is deprecated
[2025-06-22 15:23:02] [NOTICE] (D:\Dropbox\OpenServer\domains\orion\func\error_func.php:29) Creation of dynamic property FormSave::$id_aParent is deprecated
[2025-06-22 15:23:02] [NOTICE] (D:\Dropbox\OpenServer\domains\orion\func\error_func.php:29) Creation of dynamic property FormSave::$name_aParent is deprecated
[2025-06-22 15:23:02] [NOTICE] (D:\Dropbox\OpenServer\domains\orion\func\error_func.php:29) Creation of dynamic property ListTable::$nameZ is deprecated
[2025-06-22 15:23:02] [NOTICE] (D:\Dropbox\OpenServer\domains\orion\func\error_func.php:29) Creation of dynamic property ListTable::$table_class is deprecated
[2025-06-22 15:23:02] [NOTICE] (D:\Dropbox\OpenServer\domains\orion\func\error_func.php:29) Creation of dynamic property ListTable::$theed_tr_class is deprecated
[2025-06-22 15:23:02] [NOTICE] (D:\Dropbox\OpenServer\domains\orion\func\error_func.php:29) Creation of dynamic property ListTable::$nameZList is deprecated
[2025-06-22 15:23:02] [NOTICE] (D:\Dropbox\OpenServer\domains\orion\func\error_func.php:29) Creation of dynamic property ListTable::$aFilters is deprecated
[2025-06-22 15:23:02] [NOTICE] (D:\Dropbox\OpenServer\domains\orion\func\error_func.php:29) Creation of dynamic property ListTable::$wintype is deprecated
[2025-06-22 15:23:02] [NOTICE] (D:\Dropbox\OpenServer\domains\orion\func\error_func.php:29) Creation of dynamic property ListTable::$field_result is deprecated
[2025-06-22 15:23:02] [NOTICE] (D:\Dropbox\OpenServer\domains\orion\func\error_func.php:29) Creation of dynamic property ListTable::$field_result_name is deprecated
[2025-06-22 15:23:02] [NOTICE] (D:\Dropbox\OpenServer\domains\orion\func\error_func.php:29) Creation of dynamic property ListTable::$id_aParent is deprecated
[2025-06-22 15:23:02] [NOTICE] (D:\Dropbox\OpenServer\domains\orion\func\error_func.php:29) Creation of dynamic property SqlSelect::$parent_field is deprecated
[2025-06-22 15:23:02] [NOTICE] (D:\Dropbox\OpenServer\domains\orion\func\error_func.php:29) Creation of dynamic property SqlSelect::$out_module_id is deprecated
[2025-06-22 15:23:02] [NOTICE] (D:\Dropbox\OpenServer\domains\orion\func\error_func.php:29) Creation of dynamic property SqlSelect::$out_module_result is deprecated
[2025-06-22 15:23:02] [NOTICE] (D:\Dropbox\OpenServer\domains\orion\func\error_func.php:29) Creation of dynamic property ListTable::$page_items is deprecated
[2025-06-22 15:23:02] [INFO] (D:\Dropbox\OpenServer\domains\orion\modules\grp_turnirs\etaps\func\func.etaps.php:921) Array
(
    [name_etap] => ГРУПИ
    [type_etap] => 1
    [istochnik_posev] => 0
    [cnt_people] => 17
    [cnt_grp] => 4
    [mesto_from] => 1
    [is_perenos] => 0
)

[2025-06-22 15:23:02] [NOTICE] (D:\Dropbox\OpenServer\domains\orion\func\error_func.php:29) Creation of dynamic property ListTable::$nameZ is deprecated
[2025-06-22 15:23:02] [NOTICE] (D:\Dropbox\OpenServer\domains\orion\func\error_func.php:29) Creation of dynamic property ListTable::$table_class is deprecated
[2025-06-22 15:23:02] [NOTICE] (D:\Dropbox\OpenServer\domains\orion\func\error_func.php:29) Creation of dynamic property ListTable::$theed_tr_class is deprecated
[2025-06-22 15:23:02] [NOTICE] (D:\Dropbox\OpenServer\domains\orion\func\error_func.php:29) Creation of dynamic property ListTable::$nameZList is deprecated
[2025-06-22 15:23:02] [NOTICE] (D:\Dropbox\OpenServer\domains\orion\func\error_func.php:29) Creation of dynamic property ListTable::$aFilters is deprecated
[2025-06-22 15:23:02] [NOTICE] (D:\Dropbox\OpenServer\domains\orion\func\error_func.php:29) Creation of dynamic property ListTable::$wintype is deprecated
[2025-06-22 15:23:02] [NOTICE] (D:\Dropbox\OpenServer\domains\orion\func\error_func.php:29) Creation of dynamic property ListTable::$field_result is deprecated
[2025-06-22 15:23:02] [NOTICE] (D:\Dropbox\OpenServer\domains\orion\func\error_func.php:29) Creation of dynamic property ListTable::$field_result_name is deprecated
[2025-06-22 15:23:02] [NOTICE] (D:\Dropbox\OpenServer\domains\orion\func\error_func.php:29) Creation of dynamic property ListTable::$id_aParent is deprecated
[2025-06-22 15:23:02] [NOTICE] (D:\Dropbox\OpenServer\domains\orion\func\error_func.php:29) Creation of dynamic property SqlSelect::$parent_field is deprecated
[2025-06-22 15:23:02] [NOTICE] (D:\Dropbox\OpenServer\domains\orion\func\error_func.php:29) Creation of dynamic property SqlSelect::$out_module_id is deprecated
[2025-06-22 15:23:02] [NOTICE] (D:\Dropbox\OpenServer\domains\orion\func\error_func.php:29) Creation of dynamic property SqlSelect::$out_module_result is deprecated
[2025-06-22 15:23:02] [NOTICE] (D:\Dropbox\OpenServer\domains\orion\func\error_func.php:29) Creation of dynamic property ListTable::$page_items is deprecated
[2025-06-22 15:23:04] [NOTICE] (D:\Dropbox\OpenServer\domains\orion\func\error_func.php:29) Creation of dynamic property auth_users::$timestamp is deprecated
[2025-06-22 15:23:04] [NOTICE] (D:\Dropbox\OpenServer\domains\orion\func\error_func.php:29) Creation of dynamic property auth_users::$ip is deprecated
[2025-06-22 15:23:04] [NOTICE] (D:\Dropbox\OpenServer\domains\orion\func\error_func.php:29) Creation of dynamic property auth_users::$ip_net is deprecated
[2025-06-22 15:23:04] [NOTICE] (D:\Dropbox\OpenServer\domains\orion\func\error_func.php:29) Creation of dynamic property auth_users::$browser is deprecated
[2025-06-22 15:23:04] [NOTICE] (D:\Dropbox\OpenServer\domains\orion\func\error_func.php:29) Creation of dynamic property ActionModule::$aEditField is deprecated
[2025-06-22 15:23:04] [NOTICE] (D:\Dropbox\OpenServer\domains\orion\func\error_func.php:29) Creation of dynamic property ShowAction::$aEditField is deprecated
[2025-06-22 15:23:06] [NOTICE] (D:\Dropbox\OpenServer\domains\orion\func\error_func.php:29) Creation of dynamic property auth_users::$timestamp is deprecated
[2025-06-22 15:23:06] [NOTICE] (D:\Dropbox\OpenServer\domains\orion\func\error_func.php:29) Creation of dynamic property auth_users::$ip is deprecated
[2025-06-22 15:23:06] [NOTICE] (D:\Dropbox\OpenServer\domains\orion\func\error_func.php:29) Creation of dynamic property auth_users::$ip_net is deprecated
[2025-06-22 15:23:06] [NOTICE] (D:\Dropbox\OpenServer\domains\orion\func\error_func.php:29) Creation of dynamic property auth_users::$browser is deprecated
[2025-06-22 15:23:06] [NOTICE] (D:\Dropbox\OpenServer\domains\orion\func\error_func.php:29) Creation of dynamic property ActionModule::$aEditField is deprecated
[2025-06-22 15:23:06] [NOTICE] (D:\Dropbox\OpenServer\domains\orion\func\error_func.php:29) Creation of dynamic property ShowAction::$aEditField is deprecated
[2025-06-22 15:28:30] [NOTICE] (D:\Dropbox\OpenServer\domains\orion\func\error_func.php:29) Creation of dynamic property auth_users::$timestamp is deprecated
[2025-06-22 15:28:30] [NOTICE] (D:\Dropbox\OpenServer\domains\orion\func\error_func.php:29) Creation of dynamic property auth_users::$ip is deprecated
[2025-06-22 15:28:30] [NOTICE] (D:\Dropbox\OpenServer\domains\orion\func\error_func.php:29) Creation of dynamic property auth_users::$ip_net is deprecated
[2025-06-22 15:28:30] [NOTICE] (D:\Dropbox\OpenServer\domains\orion\func\error_func.php:29) Creation of dynamic property auth_users::$browser is deprecated
[2025-06-22 15:28:30] [NOTICE] (D:\Dropbox\OpenServer\domains\orion\func\error_func.php:29) Creation of dynamic property ActionModule::$aEditField is deprecated
[2025-06-22 15:28:30] [NOTICE] (D:\Dropbox\OpenServer\domains\orion\func\error_func.php:29) Creation of dynamic property ShowAction::$aEditField is deprecated
[2025-06-22 15:28:34] [NOTICE] (D:\Dropbox\OpenServer\domains\orion\func\error_func.php:29) Creation of dynamic property auth_users::$timestamp is deprecated
[2025-06-22 15:28:34] [NOTICE] (D:\Dropbox\OpenServer\domains\orion\func\error_func.php:29) Creation of dynamic property auth_users::$ip is deprecated
[2025-06-22 15:28:34] [NOTICE] (D:\Dropbox\OpenServer\domains\orion\func\error_func.php:29) Creation of dynamic property auth_users::$ip_net is deprecated
[2025-06-22 15:28:34] [NOTICE] (D:\Dropbox\OpenServer\domains\orion\func\error_func.php:29) Creation of dynamic property auth_users::$browser is deprecated
[2025-06-22 15:28:34] [NOTICE] (D:\Dropbox\OpenServer\domains\orion\func\error_func.php:29) Creation of dynamic property ActionModule::$aEditField is deprecated
[2025-06-22 15:28:34] [NOTICE] (D:\Dropbox\OpenServer\domains\orion\func\error_func.php:29) Creation of dynamic property ActionModule::$id_aParent is deprecated
[2025-06-22 15:28:34] [NOTICE] (D:\Dropbox\OpenServer\domains\orion\func\error_func.php:29) Creation of dynamic property ActionModule::$name_aParent is deprecated
[2025-06-22 15:28:34] [NOTICE] (D:\Dropbox\OpenServer\domains\orion\func\error_func.php:29) Creation of dynamic property ListTable::$nameZ is deprecated
[2025-06-22 15:28:34] [NOTICE] (D:\Dropbox\OpenServer\domains\orion\func\error_func.php:29) Creation of dynamic property ListTable::$table_class is deprecated
[2025-06-22 15:28:34] [NOTICE] (D:\Dropbox\OpenServer\domains\orion\func\error_func.php:29) Creation of dynamic property ListTable::$theed_tr_class is deprecated
[2025-06-22 15:28:34] [NOTICE] (D:\Dropbox\OpenServer\domains\orion\func\error_func.php:29) Creation of dynamic property ListTable::$nameZList is deprecated
[2025-06-22 15:28:34] [NOTICE] (D:\Dropbox\OpenServer\domains\orion\func\error_func.php:29) Creation of dynamic property ListTable::$aFilters is deprecated
[2025-06-22 15:28:34] [NOTICE] (D:\Dropbox\OpenServer\domains\orion\func\error_func.php:29) Creation of dynamic property ListTable::$wintype is deprecated
[2025-06-22 15:28:34] [NOTICE] (D:\Dropbox\OpenServer\domains\orion\func\error_func.php:29) Creation of dynamic property ListTable::$field_result is deprecated
[2025-06-22 15:28:34] [NOTICE] (D:\Dropbox\OpenServer\domains\orion\func\error_func.php:29) Creation of dynamic property ListTable::$field_result_name is deprecated
[2025-06-22 15:28:34] [NOTICE] (D:\Dropbox\OpenServer\domains\orion\func\error_func.php:29) Creation of dynamic property ListTable::$id_aParent is deprecated
[2025-06-22 15:28:34] [NOTICE] (D:\Dropbox\OpenServer\domains\orion\func\error_func.php:29) Creation of dynamic property SqlSelect::$parent_field is deprecated
[2025-06-22 15:28:34] [NOTICE] (D:\Dropbox\OpenServer\domains\orion\func\error_func.php:29) Creation of dynamic property SqlSelect::$out_module_id is deprecated
[2025-06-22 15:28:34] [NOTICE] (D:\Dropbox\OpenServer\domains\orion\func\error_func.php:29) Creation of dynamic property SqlSelect::$out_module_result is deprecated
[2025-06-22 15:28:34] [NOTICE] (D:\Dropbox\OpenServer\domains\orion\func\error_func.php:29) Creation of dynamic property ListTable::$page_items is deprecated
[2025-06-22 15:28:39] [NOTICE] (D:\Dropbox\OpenServer\domains\orion\func\error_func.php:29) Creation of dynamic property auth_users::$timestamp is deprecated
[2025-06-22 15:28:39] [NOTICE] (D:\Dropbox\OpenServer\domains\orion\func\error_func.php:29) Creation of dynamic property auth_users::$ip is deprecated
[2025-06-22 15:28:39] [NOTICE] (D:\Dropbox\OpenServer\domains\orion\func\error_func.php:29) Creation of dynamic property auth_users::$ip_net is deprecated
[2025-06-22 15:28:39] [NOTICE] (D:\Dropbox\OpenServer\domains\orion\func\error_func.php:29) Creation of dynamic property auth_users::$browser is deprecated
[2025-06-22 15:28:39] [NOTICE] (D:\Dropbox\OpenServer\domains\orion\func\error_func.php:29) Creation of dynamic property ActionModule::$aEditField is deprecated
[2025-06-22 15:28:39] [NOTICE] (D:\Dropbox\OpenServer\domains\orion\func\error_func.php:29) Creation of dynamic property ActionModule::$id_aParent is deprecated
[2025-06-22 15:28:39] [NOTICE] (D:\Dropbox\OpenServer\domains\orion\func\error_func.php:29) Creation of dynamic property ActionModule::$name_aParent is deprecated
[2025-06-22 15:28:39] [NOTICE] (D:\Dropbox\OpenServer\domains\orion\func\error_func.php:29) Creation of dynamic property ListTable::$nameZ is deprecated
[2025-06-22 15:28:39] [NOTICE] (D:\Dropbox\OpenServer\domains\orion\func\error_func.php:29) Creation of dynamic property ListTable::$table_class is deprecated
[2025-06-22 15:28:39] [NOTICE] (D:\Dropbox\OpenServer\domains\orion\func\error_func.php:29) Creation of dynamic property ListTable::$theed_tr_class is deprecated
[2025-06-22 15:28:39] [NOTICE] (D:\Dropbox\OpenServer\domains\orion\func\error_func.php:29) Creation of dynamic property ListTable::$nameZList is deprecated
[2025-06-22 15:28:39] [NOTICE] (D:\Dropbox\OpenServer\domains\orion\func\error_func.php:29) Creation of dynamic property ListTable::$aFilters is deprecated
[2025-06-22 15:28:39] [NOTICE] (D:\Dropbox\OpenServer\domains\orion\func\error_func.php:29) Creation of dynamic property ListTable::$wintype is deprecated
[2025-06-22 15:28:39] [NOTICE] (D:\Dropbox\OpenServer\domains\orion\func\error_func.php:29) Creation of dynamic property ListTable::$field_result is deprecated
[2025-06-22 15:28:39] [NOTICE] (D:\Dropbox\OpenServer\domains\orion\func\error_func.php:29) Creation of dynamic property ListTable::$field_result_name is deprecated
[2025-06-22 15:28:39] [NOTICE] (D:\Dropbox\OpenServer\domains\orion\func\error_func.php:29) Creation of dynamic property ListTable::$id_aParent is deprecated
[2025-06-22 15:28:39] [NOTICE] (D:\Dropbox\OpenServer\domains\orion\func\error_func.php:29) Creation of dynamic property SqlSelect::$parent_field is deprecated
[2025-06-22 15:28:39] [NOTICE] (D:\Dropbox\OpenServer\domains\orion\func\error_func.php:29) Creation of dynamic property SqlSelect::$out_module_id is deprecated
[2025-06-22 15:28:39] [NOTICE] (D:\Dropbox\OpenServer\domains\orion\func\error_func.php:29) Creation of dynamic property SqlSelect::$out_module_result is deprecated
[2025-06-22 15:28:39] [NOTICE] (D:\Dropbox\OpenServer\domains\orion\func\error_func.php:29) Creation of dynamic property ListTable::$page_items is deprecated
[2025-06-22 15:28:39] [NOTICE] (D:\Dropbox\OpenServer\domains\orion\func\error_func.php:29) Creation of dynamic property auth_users::$timestamp is deprecated
[2025-06-22 15:28:39] [NOTICE] (D:\Dropbox\OpenServer\domains\orion\func\error_func.php:29) Creation of dynamic property auth_users::$ip is deprecated
[2025-06-22 15:28:39] [NOTICE] (D:\Dropbox\OpenServer\domains\orion\func\error_func.php:29) Creation of dynamic property auth_users::$ip_net is deprecated
[2025-06-22 15:28:39] [NOTICE] (D:\Dropbox\OpenServer\domains\orion\func\error_func.php:29) Creation of dynamic property auth_users::$browser is deprecated
[2025-06-22 15:28:39] [WARNING] (D:\Dropbox\OpenServer\domains\orion\func\error_func.php:29) Trying to access array offset on null
[2025-06-22 15:28:39] [NOTICE] (D:\Dropbox\OpenServer\domains\orion\func\error_func.php:29) Creation of dynamic property ActionModule::$aEditField is deprecated
[2025-06-22 15:28:39] [NOTICE] (D:\Dropbox\OpenServer\domains\orion\func\error_func.php:29) Creation of dynamic property ActionModule::$id_aParent is deprecated
[2025-06-22 15:28:39] [NOTICE] (D:\Dropbox\OpenServer\domains\orion\func\error_func.php:29) Creation of dynamic property ActionModule::$name_aParent is deprecated
[2025-06-22 15:28:39] [NOTICE] (D:\Dropbox\OpenServer\domains\orion\func\error_func.php:29) Creation of dynamic property ListTable::$nameZ is deprecated
[2025-06-22 15:28:39] [NOTICE] (D:\Dropbox\OpenServer\domains\orion\func\error_func.php:29) Creation of dynamic property ListTable::$table_class is deprecated
[2025-06-22 15:28:39] [NOTICE] (D:\Dropbox\OpenServer\domains\orion\func\error_func.php:29) Creation of dynamic property ListTable::$theed_tr_class is deprecated
[2025-06-22 15:28:39] [NOTICE] (D:\Dropbox\OpenServer\domains\orion\func\error_func.php:29) Creation of dynamic property ListTable::$nameZList is deprecated
[2025-06-22 15:28:39] [NOTICE] (D:\Dropbox\OpenServer\domains\orion\func\error_func.php:29) Creation of dynamic property ListTable::$aFilters is deprecated
[2025-06-22 15:28:39] [NOTICE] (D:\Dropbox\OpenServer\domains\orion\func\error_func.php:29) Creation of dynamic property ListTable::$wintype is deprecated
[2025-06-22 15:28:39] [NOTICE] (D:\Dropbox\OpenServer\domains\orion\func\error_func.php:29) Creation of dynamic property ListTable::$field_result is deprecated
[2025-06-22 15:28:39] [NOTICE] (D:\Dropbox\OpenServer\domains\orion\func\error_func.php:29) Creation of dynamic property ListTable::$field_result_name is deprecated
[2025-06-22 15:28:39] [NOTICE] (D:\Dropbox\OpenServer\domains\orion\func\error_func.php:29) Creation of dynamic property ListTable::$id_aParent is deprecated
[2025-06-22 15:28:39] [NOTICE] (D:\Dropbox\OpenServer\domains\orion\func\error_func.php:29) Creation of dynamic property SqlSelect::$parent_field is deprecated
[2025-06-22 15:28:39] [NOTICE] (D:\Dropbox\OpenServer\domains\orion\func\error_func.php:29) Creation of dynamic property SqlSelect::$out_module_id is deprecated
[2025-06-22 15:28:39] [NOTICE] (D:\Dropbox\OpenServer\domains\orion\func\error_func.php:29) Creation of dynamic property SqlSelect::$out_module_result is deprecated
[2025-06-22 15:28:39] [NOTICE] (D:\Dropbox\OpenServer\domains\orion\func\error_func.php:29) Creation of dynamic property ListTable::$page_items is deprecated
[2025-06-22 15:28:40] [NOTICE] (D:\Dropbox\OpenServer\domains\orion\func\error_func.php:29) Creation of dynamic property auth_users::$timestamp is deprecated
[2025-06-22 15:28:40] [NOTICE] (D:\Dropbox\OpenServer\domains\orion\func\error_func.php:29) Creation of dynamic property auth_users::$ip is deprecated
[2025-06-22 15:28:40] [NOTICE] (D:\Dropbox\OpenServer\domains\orion\func\error_func.php:29) Creation of dynamic property auth_users::$ip_net is deprecated
[2025-06-22 15:28:40] [NOTICE] (D:\Dropbox\OpenServer\domains\orion\func\error_func.php:29) Creation of dynamic property auth_users::$browser is deprecated
[2025-06-22 15:28:40] [NOTICE] (D:\Dropbox\OpenServer\domains\orion\func\error_func.php:29) Creation of dynamic property ActionModule::$aEditField is deprecated
[2025-06-22 15:28:40] [NOTICE] (D:\Dropbox\OpenServer\domains\orion\func\error_func.php:29) Creation of dynamic property ActionModule::$id_aParent is deprecated
[2025-06-22 15:28:40] [NOTICE] (D:\Dropbox\OpenServer\domains\orion\func\error_func.php:29) Creation of dynamic property ActionModule::$name_aParent is deprecated
[2025-06-22 15:28:40] [NOTICE] (D:\Dropbox\OpenServer\domains\orion\func\error_func.php:29) Creation of dynamic property FormAdd::$aEditField is deprecated
[2025-06-22 15:28:40] [NOTICE] (D:\Dropbox\OpenServer\domains\orion\func\error_func.php:29) Creation of dynamic property FormAdd::$nameZ is deprecated
[2025-06-22 15:28:40] [NOTICE] (D:\Dropbox\OpenServer\domains\orion\func\error_func.php:29) Creation of dynamic property FormAdd::$nameZEdit is deprecated
[2025-06-22 15:28:40] [NOTICE] (D:\Dropbox\OpenServer\domains\orion\func\error_func.php:29) Creation of dynamic property FormAdd::$aTabs is deprecated
[2025-06-22 15:28:40] [NOTICE] (D:\Dropbox\OpenServer\domains\orion\func\error_func.php:29) Creation of dynamic property FormAdd::$isAdd is deprecated
[2025-06-22 15:28:40] [NOTICE] (D:\Dropbox\OpenServer\domains\orion\func\error_func.php:29) Creation of dynamic property FormAdd::$id_aParent is deprecated
[2025-06-22 15:28:40] [NOTICE] (D:\Dropbox\OpenServer\domains\orion\func\error_func.php:29) Creation of dynamic property FormAdd::$name_aParent is deprecated
[2025-06-22 15:28:40] [NOTICE] (D:\Dropbox\OpenServer\domains\orion\func\error_func.php:29) Creation of dynamic property FormAdd::$name_list_parent is deprecated
[2025-06-22 15:28:40] [NOTICE] (D:\Dropbox\OpenServer\domains\orion\func\error_func.php:29) Creation of dynamic property FormAdd::$submenu is deprecated
[2025-06-22 15:29:12] [NOTICE] (D:\Dropbox\OpenServer\domains\orion\func\error_func.php:29) Creation of dynamic property auth_users::$timestamp is deprecated
[2025-06-22 15:29:12] [NOTICE] (D:\Dropbox\OpenServer\domains\orion\func\error_func.php:29) Creation of dynamic property auth_users::$ip is deprecated
[2025-06-22 15:29:12] [NOTICE] (D:\Dropbox\OpenServer\domains\orion\func\error_func.php:29) Creation of dynamic property auth_users::$ip_net is deprecated
[2025-06-22 15:29:12] [NOTICE] (D:\Dropbox\OpenServer\domains\orion\func\error_func.php:29) Creation of dynamic property auth_users::$browser is deprecated
[2025-06-22 15:29:12] [NOTICE] (D:\Dropbox\OpenServer\domains\orion\func\error_func.php:29) Creation of dynamic property ActionModule::$aEditField is deprecated
[2025-06-22 15:29:12] [NOTICE] (D:\Dropbox\OpenServer\domains\orion\func\error_func.php:29) Creation of dynamic property auth_users::$timestamp is deprecated
[2025-06-22 15:29:12] [NOTICE] (D:\Dropbox\OpenServer\domains\orion\func\error_func.php:29) Creation of dynamic property auth_users::$ip is deprecated
[2025-06-22 15:29:12] [NOTICE] (D:\Dropbox\OpenServer\domains\orion\func\error_func.php:29) Creation of dynamic property auth_users::$ip_net is deprecated
[2025-06-22 15:29:12] [NOTICE] (D:\Dropbox\OpenServer\domains\orion\func\error_func.php:29) Creation of dynamic property auth_users::$browser is deprecated
[2025-06-22 15:29:12] [NOTICE] (D:\Dropbox\OpenServer\domains\orion\func\error_func.php:29) Creation of dynamic property ActionModule::$aEditField is deprecated
[2025-06-22 15:29:16] [NOTICE] (D:\Dropbox\OpenServer\domains\orion\func\error_func.php:29) Creation of dynamic property auth_users::$timestamp is deprecated
[2025-06-22 15:29:16] [NOTICE] (D:\Dropbox\OpenServer\domains\orion\func\error_func.php:29) Creation of dynamic property auth_users::$ip is deprecated
[2025-06-22 15:29:16] [NOTICE] (D:\Dropbox\OpenServer\domains\orion\func\error_func.php:29) Creation of dynamic property auth_users::$ip_net is deprecated
[2025-06-22 15:29:16] [NOTICE] (D:\Dropbox\OpenServer\domains\orion\func\error_func.php:29) Creation of dynamic property auth_users::$browser is deprecated
[2025-06-22 15:29:16] [NOTICE] (D:\Dropbox\OpenServer\domains\orion\func\error_func.php:29) Creation of dynamic property ActionModule::$aEditField is deprecated
[2025-06-22 15:29:16] [NOTICE] (D:\Dropbox\OpenServer\domains\orion\func\error_func.php:29) Creation of dynamic property ActionModule::$id_aParent is deprecated
[2025-06-22 15:29:16] [NOTICE] (D:\Dropbox\OpenServer\domains\orion\func\error_func.php:29) Creation of dynamic property ActionModule::$name_aParent is deprecated
[2025-06-22 15:29:16] [NOTICE] (D:\Dropbox\OpenServer\domains\orion\func\error_func.php:29) Creation of dynamic property FormSave::$aEditField is deprecated
[2025-06-22 15:29:16] [NOTICE] (D:\Dropbox\OpenServer\domains\orion\func\error_func.php:29) Creation of dynamic property FormSave::$id_aParent is deprecated
[2025-06-22 15:29:16] [NOTICE] (D:\Dropbox\OpenServer\domains\orion\func\error_func.php:29) Creation of dynamic property FormSave::$name_aParent is deprecated
[2025-06-22 15:29:16] [NOTICE] (D:\Dropbox\OpenServer\domains\orion\func\error_func.php:29) Creation of dynamic property ListTable::$nameZ is deprecated
[2025-06-22 15:29:16] [NOTICE] (D:\Dropbox\OpenServer\domains\orion\func\error_func.php:29) Creation of dynamic property ListTable::$table_class is deprecated
[2025-06-22 15:29:16] [NOTICE] (D:\Dropbox\OpenServer\domains\orion\func\error_func.php:29) Creation of dynamic property ListTable::$theed_tr_class is deprecated
[2025-06-22 15:29:16] [NOTICE] (D:\Dropbox\OpenServer\domains\orion\func\error_func.php:29) Creation of dynamic property ListTable::$nameZList is deprecated
[2025-06-22 15:29:16] [NOTICE] (D:\Dropbox\OpenServer\domains\orion\func\error_func.php:29) Creation of dynamic property ListTable::$aFilters is deprecated
[2025-06-22 15:29:16] [NOTICE] (D:\Dropbox\OpenServer\domains\orion\func\error_func.php:29) Creation of dynamic property ListTable::$wintype is deprecated
[2025-06-22 15:29:16] [NOTICE] (D:\Dropbox\OpenServer\domains\orion\func\error_func.php:29) Creation of dynamic property ListTable::$field_result is deprecated
[2025-06-22 15:29:16] [NOTICE] (D:\Dropbox\OpenServer\domains\orion\func\error_func.php:29) Creation of dynamic property ListTable::$field_result_name is deprecated
[2025-06-22 15:29:16] [NOTICE] (D:\Dropbox\OpenServer\domains\orion\func\error_func.php:29) Creation of dynamic property ListTable::$id_aParent is deprecated
[2025-06-22 15:29:16] [NOTICE] (D:\Dropbox\OpenServer\domains\orion\func\error_func.php:29) Creation of dynamic property SqlSelect::$parent_field is deprecated
[2025-06-22 15:29:16] [NOTICE] (D:\Dropbox\OpenServer\domains\orion\func\error_func.php:29) Creation of dynamic property SqlSelect::$out_module_id is deprecated
[2025-06-22 15:29:16] [NOTICE] (D:\Dropbox\OpenServer\domains\orion\func\error_func.php:29) Creation of dynamic property SqlSelect::$out_module_result is deprecated
[2025-06-22 15:29:16] [NOTICE] (D:\Dropbox\OpenServer\domains\orion\func\error_func.php:29) Creation of dynamic property ListTable::$page_items is deprecated
[2025-06-22 15:29:22] [NOTICE] (D:\Dropbox\OpenServer\domains\orion\func\error_func.php:29) Creation of dynamic property ListTable::$nameZ is deprecated
[2025-06-22 15:29:22] [NOTICE] (D:\Dropbox\OpenServer\domains\orion\func\error_func.php:29) Creation of dynamic property ListTable::$table_class is deprecated
[2025-06-22 15:29:22] [NOTICE] (D:\Dropbox\OpenServer\domains\orion\func\error_func.php:29) Creation of dynamic property ListTable::$theed_tr_class is deprecated
[2025-06-22 15:29:22] [NOTICE] (D:\Dropbox\OpenServer\domains\orion\func\error_func.php:29) Creation of dynamic property ListTable::$nameZList is deprecated
[2025-06-22 15:29:22] [NOTICE] (D:\Dropbox\OpenServer\domains\orion\func\error_func.php:29) Creation of dynamic property ListTable::$aFilters is deprecated
[2025-06-22 15:29:22] [NOTICE] (D:\Dropbox\OpenServer\domains\orion\func\error_func.php:29) Creation of dynamic property ListTable::$wintype is deprecated
[2025-06-22 15:29:22] [NOTICE] (D:\Dropbox\OpenServer\domains\orion\func\error_func.php:29) Creation of dynamic property ListTable::$field_result is deprecated
[2025-06-22 15:29:22] [NOTICE] (D:\Dropbox\OpenServer\domains\orion\func\error_func.php:29) Creation of dynamic property ListTable::$field_result_name is deprecated
[2025-06-22 15:29:22] [NOTICE] (D:\Dropbox\OpenServer\domains\orion\func\error_func.php:29) Creation of dynamic property ListTable::$id_aParent is deprecated
[2025-06-22 15:29:22] [NOTICE] (D:\Dropbox\OpenServer\domains\orion\func\error_func.php:29) Creation of dynamic property SqlSelect::$parent_field is deprecated
[2025-06-22 15:29:22] [NOTICE] (D:\Dropbox\OpenServer\domains\orion\func\error_func.php:29) Creation of dynamic property SqlSelect::$out_module_id is deprecated
[2025-06-22 15:29:22] [NOTICE] (D:\Dropbox\OpenServer\domains\orion\func\error_func.php:29) Creation of dynamic property SqlSelect::$out_module_result is deprecated
[2025-06-22 15:29:22] [NOTICE] (D:\Dropbox\OpenServer\domains\orion\func\error_func.php:29) Creation of dynamic property ListTable::$page_items is deprecated
[2025-06-22 15:29:24] [NOTICE] (D:\Dropbox\OpenServer\domains\orion\func\error_func.php:29) Creation of dynamic property auth_users::$timestamp is deprecated
[2025-06-22 15:29:24] [NOTICE] (D:\Dropbox\OpenServer\domains\orion\func\error_func.php:29) Creation of dynamic property auth_users::$ip is deprecated
[2025-06-22 15:29:24] [NOTICE] (D:\Dropbox\OpenServer\domains\orion\func\error_func.php:29) Creation of dynamic property auth_users::$ip_net is deprecated
[2025-06-22 15:29:24] [NOTICE] (D:\Dropbox\OpenServer\domains\orion\func\error_func.php:29) Creation of dynamic property auth_users::$browser is deprecated
[2025-06-22 15:29:24] [NOTICE] (D:\Dropbox\OpenServer\domains\orion\func\error_func.php:29) Creation of dynamic property ActionModule::$aEditField is deprecated
[2025-06-22 15:29:24] [NOTICE] (D:\Dropbox\OpenServer\domains\orion\func\error_func.php:29) Creation of dynamic property ShowAction::$aEditField is deprecated
[2025-06-22 15:29:25] [NOTICE] (D:\Dropbox\OpenServer\domains\orion\func\error_func.php:29) Creation of dynamic property auth_users::$timestamp is deprecated
[2025-06-22 15:29:25] [NOTICE] (D:\Dropbox\OpenServer\domains\orion\func\error_func.php:29) Creation of dynamic property auth_users::$ip is deprecated
[2025-06-22 15:29:25] [NOTICE] (D:\Dropbox\OpenServer\domains\orion\func\error_func.php:29) Creation of dynamic property auth_users::$ip_net is deprecated
[2025-06-22 15:29:25] [NOTICE] (D:\Dropbox\OpenServer\domains\orion\func\error_func.php:29) Creation of dynamic property auth_users::$browser is deprecated
[2025-06-22 15:29:25] [NOTICE] (D:\Dropbox\OpenServer\domains\orion\func\error_func.php:29) Creation of dynamic property ActionModule::$aEditField is deprecated
[2025-06-22 15:29:25] [NOTICE] (D:\Dropbox\OpenServer\domains\orion\func\error_func.php:29) Creation of dynamic property ShowAction::$aEditField is deprecated
[2025-06-22 15:29:44] [NOTICE] (D:\Dropbox\OpenServer\domains\orion\func\error_func.php:29) Creation of dynamic property auth_users::$timestamp is deprecated
[2025-06-22 15:29:44] [NOTICE] (D:\Dropbox\OpenServer\domains\orion\func\error_func.php:29) Creation of dynamic property auth_users::$ip is deprecated
[2025-06-22 15:29:44] [NOTICE] (D:\Dropbox\OpenServer\domains\orion\func\error_func.php:29) Creation of dynamic property auth_users::$ip_net is deprecated
[2025-06-22 15:29:44] [NOTICE] (D:\Dropbox\OpenServer\domains\orion\func\error_func.php:29) Creation of dynamic property auth_users::$browser is deprecated
[2025-06-22 15:29:45] [NOTICE] (D:\Dropbox\OpenServer\domains\orion\func\error_func.php:29) Creation of dynamic property ActionModule::$aEditField is deprecated
[2025-06-22 15:29:45] [NOTICE] (D:\Dropbox\OpenServer\domains\orion\func\error_func.php:29) Creation of dynamic property ActionModule::$id_aParent is deprecated
[2025-06-22 15:29:45] [NOTICE] (D:\Dropbox\OpenServer\domains\orion\func\error_func.php:29) Creation of dynamic property ActionModule::$name_aParent is deprecated
[2025-06-22 15:29:45] [NOTICE] (D:\Dropbox\OpenServer\domains\orion\func\error_func.php:29) Creation of dynamic property ListTable::$nameZ is deprecated
[2025-06-22 15:29:45] [NOTICE] (D:\Dropbox\OpenServer\domains\orion\func\error_func.php:29) Creation of dynamic property ListTable::$table_class is deprecated
[2025-06-22 15:29:45] [NOTICE] (D:\Dropbox\OpenServer\domains\orion\func\error_func.php:29) Creation of dynamic property ListTable::$theed_tr_class is deprecated
[2025-06-22 15:29:45] [NOTICE] (D:\Dropbox\OpenServer\domains\orion\func\error_func.php:29) Creation of dynamic property ListTable::$nameZList is deprecated
[2025-06-22 15:29:45] [NOTICE] (D:\Dropbox\OpenServer\domains\orion\func\error_func.php:29) Creation of dynamic property ListTable::$aFilters is deprecated
[2025-06-22 15:29:45] [NOTICE] (D:\Dropbox\OpenServer\domains\orion\func\error_func.php:29) Creation of dynamic property ListTable::$wintype is deprecated
[2025-06-22 15:29:45] [NOTICE] (D:\Dropbox\OpenServer\domains\orion\func\error_func.php:29) Creation of dynamic property ListTable::$field_result is deprecated
[2025-06-22 15:29:45] [NOTICE] (D:\Dropbox\OpenServer\domains\orion\func\error_func.php:29) Creation of dynamic property ListTable::$field_result_name is deprecated
[2025-06-22 15:29:45] [NOTICE] (D:\Dropbox\OpenServer\domains\orion\func\error_func.php:29) Creation of dynamic property ListTable::$id_aParent is deprecated
[2025-06-22 15:29:45] [NOTICE] (D:\Dropbox\OpenServer\domains\orion\func\error_func.php:29) Creation of dynamic property SqlSelect::$parent_field is deprecated
[2025-06-22 15:29:45] [NOTICE] (D:\Dropbox\OpenServer\domains\orion\func\error_func.php:29) Creation of dynamic property SqlSelect::$out_module_id is deprecated
[2025-06-22 15:29:45] [NOTICE] (D:\Dropbox\OpenServer\domains\orion\func\error_func.php:29) Creation of dynamic property SqlSelect::$out_module_result is deprecated
[2025-06-22 15:29:46] [NOTICE] (D:\Dropbox\OpenServer\domains\orion\func\error_func.php:29) Creation of dynamic property ListTable::$page_items is deprecated
[2025-06-22 15:29:49] [NOTICE] (D:\Dropbox\OpenServer\domains\orion\func\error_func.php:29) Creation of dynamic property auth_users::$timestamp is deprecated
[2025-06-22 15:29:49] [NOTICE] (D:\Dropbox\OpenServer\domains\orion\func\error_func.php:29) Creation of dynamic property auth_users::$ip is deprecated
[2025-06-22 15:29:49] [NOTICE] (D:\Dropbox\OpenServer\domains\orion\func\error_func.php:29) Creation of dynamic property auth_users::$ip_net is deprecated
[2025-06-22 15:29:49] [NOTICE] (D:\Dropbox\OpenServer\domains\orion\func\error_func.php:29) Creation of dynamic property auth_users::$browser is deprecated
[2025-06-22 15:29:49] [NOTICE] (D:\Dropbox\OpenServer\domains\orion\func\error_func.php:29) Creation of dynamic property ActionModule::$aEditField is deprecated
[2025-06-22 15:29:49] [NOTICE] (D:\Dropbox\OpenServer\domains\orion\func\error_func.php:29) Creation of dynamic property ActionModule::$id_aParent is deprecated
[2025-06-22 15:29:49] [NOTICE] (D:\Dropbox\OpenServer\domains\orion\func\error_func.php:29) Creation of dynamic property ActionModule::$name_aParent is deprecated
[2025-06-22 15:29:49] [NOTICE] (D:\Dropbox\OpenServer\domains\orion\func\error_func.php:29) Creation of dynamic property ListTable::$nameZ is deprecated
[2025-06-22 15:29:49] [NOTICE] (D:\Dropbox\OpenServer\domains\orion\func\error_func.php:29) Creation of dynamic property ListTable::$table_class is deprecated
[2025-06-22 15:29:49] [NOTICE] (D:\Dropbox\OpenServer\domains\orion\func\error_func.php:29) Creation of dynamic property ListTable::$theed_tr_class is deprecated
[2025-06-22 15:29:49] [NOTICE] (D:\Dropbox\OpenServer\domains\orion\func\error_func.php:29) Creation of dynamic property ListTable::$nameZList is deprecated
[2025-06-22 15:29:49] [NOTICE] (D:\Dropbox\OpenServer\domains\orion\func\error_func.php:29) Creation of dynamic property ListTable::$aFilters is deprecated
[2025-06-22 15:29:49] [NOTICE] (D:\Dropbox\OpenServer\domains\orion\func\error_func.php:29) Creation of dynamic property ListTable::$wintype is deprecated
[2025-06-22 15:29:49] [NOTICE] (D:\Dropbox\OpenServer\domains\orion\func\error_func.php:29) Creation of dynamic property ListTable::$field_result is deprecated
[2025-06-22 15:29:49] [NOTICE] (D:\Dropbox\OpenServer\domains\orion\func\error_func.php:29) Creation of dynamic property ListTable::$field_result_name is deprecated
[2025-06-22 15:29:49] [NOTICE] (D:\Dropbox\OpenServer\domains\orion\func\error_func.php:29) Creation of dynamic property ListTable::$id_aParent is deprecated
[2025-06-22 15:29:49] [NOTICE] (D:\Dropbox\OpenServer\domains\orion\func\error_func.php:29) Creation of dynamic property SqlSelect::$parent_field is deprecated
[2025-06-22 15:29:49] [NOTICE] (D:\Dropbox\OpenServer\domains\orion\func\error_func.php:29) Creation of dynamic property SqlSelect::$out_module_id is deprecated
[2025-06-22 15:29:49] [NOTICE] (D:\Dropbox\OpenServer\domains\orion\func\error_func.php:29) Creation of dynamic property SqlSelect::$out_module_result is deprecated
[2025-06-22 15:29:49] [NOTICE] (D:\Dropbox\OpenServer\domains\orion\func\error_func.php:29) Creation of dynamic property ListTable::$page_items is deprecated
[2025-06-22 15:30:38] [NOTICE] (D:\Dropbox\OpenServer\domains\orion\func\error_func.php:29) Creation of dynamic property auth_users::$timestamp is deprecated
[2025-06-22 15:30:38] [NOTICE] (D:\Dropbox\OpenServer\domains\orion\func\error_func.php:29) Creation of dynamic property auth_users::$ip is deprecated
[2025-06-22 15:30:38] [NOTICE] (D:\Dropbox\OpenServer\domains\orion\func\error_func.php:29) Creation of dynamic property auth_users::$ip_net is deprecated
[2025-06-22 15:30:38] [NOTICE] (D:\Dropbox\OpenServer\domains\orion\func\error_func.php:29) Creation of dynamic property auth_users::$browser is deprecated
[2025-06-22 15:30:38] [NOTICE] (D:\Dropbox\OpenServer\domains\orion\func\error_func.php:29) Creation of dynamic property ActionModule::$aEditField is deprecated
[2025-06-22 15:30:38] [NOTICE] (D:\Dropbox\OpenServer\domains\orion\func\error_func.php:29) Creation of dynamic property ActionModule::$id_aParent is deprecated
[2025-06-22 15:30:38] [NOTICE] (D:\Dropbox\OpenServer\domains\orion\func\error_func.php:29) Creation of dynamic property ActionModule::$name_aParent is deprecated
[2025-06-22 15:30:38] [NOTICE] (D:\Dropbox\OpenServer\domains\orion\func\error_func.php:29) Creation of dynamic property ListTable::$nameZ is deprecated
[2025-06-22 15:30:38] [NOTICE] (D:\Dropbox\OpenServer\domains\orion\func\error_func.php:29) Creation of dynamic property ListTable::$table_class is deprecated
[2025-06-22 15:30:38] [NOTICE] (D:\Dropbox\OpenServer\domains\orion\func\error_func.php:29) Creation of dynamic property ListTable::$theed_tr_class is deprecated
[2025-06-22 15:30:38] [NOTICE] (D:\Dropbox\OpenServer\domains\orion\func\error_func.php:29) Creation of dynamic property ListTable::$nameZList is deprecated
[2025-06-22 15:30:38] [NOTICE] (D:\Dropbox\OpenServer\domains\orion\func\error_func.php:29) Creation of dynamic property ListTable::$aFilters is deprecated
[2025-06-22 15:30:38] [NOTICE] (D:\Dropbox\OpenServer\domains\orion\func\error_func.php:29) Creation of dynamic property ListTable::$wintype is deprecated
[2025-06-22 15:30:38] [NOTICE] (D:\Dropbox\OpenServer\domains\orion\func\error_func.php:29) Creation of dynamic property ListTable::$field_result is deprecated
[2025-06-22 15:30:38] [NOTICE] (D:\Dropbox\OpenServer\domains\orion\func\error_func.php:29) Creation of dynamic property ListTable::$field_result_name is deprecated
[2025-06-22 15:30:38] [NOTICE] (D:\Dropbox\OpenServer\domains\orion\func\error_func.php:29) Creation of dynamic property ListTable::$id_aParent is deprecated
[2025-06-22 15:30:38] [NOTICE] (D:\Dropbox\OpenServer\domains\orion\func\error_func.php:29) Creation of dynamic property SqlSelect::$parent_field is deprecated
[2025-06-22 15:30:38] [NOTICE] (D:\Dropbox\OpenServer\domains\orion\func\error_func.php:29) Creation of dynamic property SqlSelect::$out_module_id is deprecated
[2025-06-22 15:30:38] [NOTICE] (D:\Dropbox\OpenServer\domains\orion\func\error_func.php:29) Creation of dynamic property SqlSelect::$out_module_result is deprecated
[2025-06-22 15:30:38] [NOTICE] (D:\Dropbox\OpenServer\domains\orion\func\error_func.php:29) Creation of dynamic property ListTable::$page_items is deprecated
[2025-06-22 15:30:41] [NOTICE] (D:\Dropbox\OpenServer\domains\orion\func\error_func.php:29) Creation of dynamic property auth_users::$timestamp is deprecated
[2025-06-22 15:30:41] [NOTICE] (D:\Dropbox\OpenServer\domains\orion\func\error_func.php:29) Creation of dynamic property auth_users::$ip is deprecated
[2025-06-22 15:30:41] [NOTICE] (D:\Dropbox\OpenServer\domains\orion\func\error_func.php:29) Creation of dynamic property auth_users::$ip_net is deprecated
[2025-06-22 15:30:41] [NOTICE] (D:\Dropbox\OpenServer\domains\orion\func\error_func.php:29) Creation of dynamic property auth_users::$browser is deprecated
[2025-06-22 15:30:41] [NOTICE] (D:\Dropbox\OpenServer\domains\orion\func\error_func.php:29) Creation of dynamic property ActionModule::$aEditField is deprecated
[2025-06-22 15:30:41] [NOTICE] (D:\Dropbox\OpenServer\domains\orion\func\error_func.php:29) Creation of dynamic property ActionModule::$id_aParent is deprecated
[2025-06-22 15:30:41] [NOTICE] (D:\Dropbox\OpenServer\domains\orion\func\error_func.php:29) Creation of dynamic property ActionModule::$name_aParent is deprecated
[2025-06-22 15:30:41] [NOTICE] (D:\Dropbox\OpenServer\domains\orion\func\error_func.php:29) Creation of dynamic property FormEdit::$aEditField is deprecated
[2025-06-22 15:30:41] [NOTICE] (D:\Dropbox\OpenServer\domains\orion\func\error_func.php:29) Creation of dynamic property FormEdit::$nameZ is deprecated
[2025-06-22 15:30:41] [NOTICE] (D:\Dropbox\OpenServer\domains\orion\func\error_func.php:29) Creation of dynamic property FormEdit::$nameZEdit is deprecated
[2025-06-22 15:30:41] [NOTICE] (D:\Dropbox\OpenServer\domains\orion\func\error_func.php:29) Creation of dynamic property FormEdit::$aTabs is deprecated
[2025-06-22 15:30:41] [NOTICE] (D:\Dropbox\OpenServer\domains\orion\func\error_func.php:29) Creation of dynamic property FormEdit::$id_aParent is deprecated
[2025-06-22 15:30:41] [NOTICE] (D:\Dropbox\OpenServer\domains\orion\func\error_func.php:29) Creation of dynamic property FormEdit::$name_aParent is deprecated
[2025-06-22 15:30:41] [NOTICE] (D:\Dropbox\OpenServer\domains\orion\func\error_func.php:29) Creation of dynamic property FormEdit::$submenu is deprecated
[2025-06-22 15:37:26] [NOTICE] (D:\Dropbox\OpenServer\domains\orion\func\error_func.php:29) Creation of dynamic property auth_users::$timestamp is deprecated
[2025-06-22 15:37:26] [NOTICE] (D:\Dropbox\OpenServer\domains\orion\func\error_func.php:29) Creation of dynamic property auth_users::$ip is deprecated
[2025-06-22 15:37:26] [NOTICE] (D:\Dropbox\OpenServer\domains\orion\func\error_func.php:29) Creation of dynamic property auth_users::$ip_net is deprecated
[2025-06-22 15:37:26] [NOTICE] (D:\Dropbox\OpenServer\domains\orion\func\error_func.php:29) Creation of dynamic property auth_users::$browser is deprecated
[2025-06-22 15:37:26] [NOTICE] (D:\Dropbox\OpenServer\domains\orion\func\error_func.php:29) Creation of dynamic property ActionModule::$aEditField is deprecated
[2025-06-22 15:37:26] [NOTICE] (D:\Dropbox\OpenServer\domains\orion\func\error_func.php:29) Creation of dynamic property auth_users::$timestamp is deprecated
[2025-06-22 15:37:26] [NOTICE] (D:\Dropbox\OpenServer\domains\orion\func\error_func.php:29) Creation of dynamic property auth_users::$ip is deprecated
[2025-06-22 15:37:26] [NOTICE] (D:\Dropbox\OpenServer\domains\orion\func\error_func.php:29) Creation of dynamic property auth_users::$ip_net is deprecated
[2025-06-22 15:37:26] [NOTICE] (D:\Dropbox\OpenServer\domains\orion\func\error_func.php:29) Creation of dynamic property auth_users::$browser is deprecated
[2025-06-22 15:37:26] [NOTICE] (D:\Dropbox\OpenServer\domains\orion\func\error_func.php:29) Creation of dynamic property ActionModule::$aEditField is deprecated
[2025-06-22 15:37:29] [NOTICE] (D:\Dropbox\OpenServer\domains\orion\func\error_func.php:29) Creation of dynamic property auth_users::$timestamp is deprecated
[2025-06-22 15:37:29] [NOTICE] (D:\Dropbox\OpenServer\domains\orion\func\error_func.php:29) Creation of dynamic property auth_users::$ip is deprecated
[2025-06-22 15:37:29] [NOTICE] (D:\Dropbox\OpenServer\domains\orion\func\error_func.php:29) Creation of dynamic property auth_users::$ip_net is deprecated
[2025-06-22 15:37:29] [NOTICE] (D:\Dropbox\OpenServer\domains\orion\func\error_func.php:29) Creation of dynamic property auth_users::$browser is deprecated
[2025-06-22 15:37:29] [NOTICE] (D:\Dropbox\OpenServer\domains\orion\func\error_func.php:29) Creation of dynamic property ActionModule::$aEditField is deprecated
[2025-06-22 15:37:29] [NOTICE] (D:\Dropbox\OpenServer\domains\orion\func\error_func.php:29) Creation of dynamic property ActionModule::$id_aParent is deprecated
[2025-06-22 15:37:29] [NOTICE] (D:\Dropbox\OpenServer\domains\orion\func\error_func.php:29) Creation of dynamic property ActionModule::$name_aParent is deprecated
[2025-06-22 15:37:29] [NOTICE] (D:\Dropbox\OpenServer\domains\orion\func\error_func.php:29) Creation of dynamic property FormSave::$aEditField is deprecated
[2025-06-22 15:37:29] [NOTICE] (D:\Dropbox\OpenServer\domains\orion\func\error_func.php:29) Creation of dynamic property FormSave::$id_aParent is deprecated
[2025-06-22 15:37:29] [NOTICE] (D:\Dropbox\OpenServer\domains\orion\func\error_func.php:29) Creation of dynamic property FormSave::$name_aParent is deprecated
[2025-06-22 15:37:29] [NOTICE] (D:\Dropbox\OpenServer\domains\orion\func\error_func.php:29) Creation of dynamic property ListTable::$nameZ is deprecated
[2025-06-22 15:37:29] [NOTICE] (D:\Dropbox\OpenServer\domains\orion\func\error_func.php:29) Creation of dynamic property ListTable::$table_class is deprecated
[2025-06-22 15:37:29] [NOTICE] (D:\Dropbox\OpenServer\domains\orion\func\error_func.php:29) Creation of dynamic property ListTable::$theed_tr_class is deprecated
[2025-06-22 15:37:29] [NOTICE] (D:\Dropbox\OpenServer\domains\orion\func\error_func.php:29) Creation of dynamic property ListTable::$nameZList is deprecated
[2025-06-22 15:37:29] [NOTICE] (D:\Dropbox\OpenServer\domains\orion\func\error_func.php:29) Creation of dynamic property ListTable::$aFilters is deprecated
[2025-06-22 15:37:29] [NOTICE] (D:\Dropbox\OpenServer\domains\orion\func\error_func.php:29) Creation of dynamic property ListTable::$wintype is deprecated
[2025-06-22 15:37:29] [NOTICE] (D:\Dropbox\OpenServer\domains\orion\func\error_func.php:29) Creation of dynamic property ListTable::$field_result is deprecated
[2025-06-22 15:37:29] [NOTICE] (D:\Dropbox\OpenServer\domains\orion\func\error_func.php:29) Creation of dynamic property ListTable::$field_result_name is deprecated
[2025-06-22 15:37:29] [NOTICE] (D:\Dropbox\OpenServer\domains\orion\func\error_func.php:29) Creation of dynamic property ListTable::$id_aParent is deprecated
[2025-06-22 15:37:29] [NOTICE] (D:\Dropbox\OpenServer\domains\orion\func\error_func.php:29) Creation of dynamic property SqlSelect::$parent_field is deprecated
[2025-06-22 15:37:29] [NOTICE] (D:\Dropbox\OpenServer\domains\orion\func\error_func.php:29) Creation of dynamic property SqlSelect::$out_module_id is deprecated
[2025-06-22 15:37:29] [NOTICE] (D:\Dropbox\OpenServer\domains\orion\func\error_func.php:29) Creation of dynamic property SqlSelect::$out_module_result is deprecated
[2025-06-22 15:37:29] [NOTICE] (D:\Dropbox\OpenServer\domains\orion\func\error_func.php:29) Creation of dynamic property ListTable::$page_items is deprecated
[2025-06-22 15:37:35] [NOTICE] (D:\Dropbox\OpenServer\domains\orion\func\error_func.php:29) Creation of dynamic property ListTable::$nameZ is deprecated
[2025-06-22 15:37:35] [NOTICE] (D:\Dropbox\OpenServer\domains\orion\func\error_func.php:29) Creation of dynamic property ListTable::$table_class is deprecated
[2025-06-22 15:37:35] [NOTICE] (D:\Dropbox\OpenServer\domains\orion\func\error_func.php:29) Creation of dynamic property ListTable::$theed_tr_class is deprecated
[2025-06-22 15:37:35] [NOTICE] (D:\Dropbox\OpenServer\domains\orion\func\error_func.php:29) Creation of dynamic property ListTable::$nameZList is deprecated
[2025-06-22 15:37:35] [NOTICE] (D:\Dropbox\OpenServer\domains\orion\func\error_func.php:29) Creation of dynamic property ListTable::$aFilters is deprecated
[2025-06-22 15:37:35] [NOTICE] (D:\Dropbox\OpenServer\domains\orion\func\error_func.php:29) Creation of dynamic property ListTable::$wintype is deprecated
[2025-06-22 15:37:35] [NOTICE] (D:\Dropbox\OpenServer\domains\orion\func\error_func.php:29) Creation of dynamic property ListTable::$field_result is deprecated
[2025-06-22 15:37:35] [NOTICE] (D:\Dropbox\OpenServer\domains\orion\func\error_func.php:29) Creation of dynamic property ListTable::$field_result_name is deprecated
[2025-06-22 15:37:35] [NOTICE] (D:\Dropbox\OpenServer\domains\orion\func\error_func.php:29) Creation of dynamic property ListTable::$id_aParent is deprecated
[2025-06-22 15:37:35] [NOTICE] (D:\Dropbox\OpenServer\domains\orion\func\error_func.php:29) Creation of dynamic property SqlSelect::$parent_field is deprecated
[2025-06-22 15:37:35] [NOTICE] (D:\Dropbox\OpenServer\domains\orion\func\error_func.php:29) Creation of dynamic property SqlSelect::$out_module_id is deprecated
[2025-06-22 15:37:35] [NOTICE] (D:\Dropbox\OpenServer\domains\orion\func\error_func.php:29) Creation of dynamic property SqlSelect::$out_module_result is deprecated
[2025-06-22 15:37:35] [NOTICE] (D:\Dropbox\OpenServer\domains\orion\func\error_func.php:29) Creation of dynamic property ListTable::$page_items is deprecated
[2025-06-22 15:37:36] [NOTICE] (D:\Dropbox\OpenServer\domains\orion\func\error_func.php:29) Creation of dynamic property auth_users::$timestamp is deprecated
[2025-06-22 15:37:36] [NOTICE] (D:\Dropbox\OpenServer\domains\orion\func\error_func.php:29) Creation of dynamic property auth_users::$ip is deprecated
[2025-06-22 15:37:36] [NOTICE] (D:\Dropbox\OpenServer\domains\orion\func\error_func.php:29) Creation of dynamic property auth_users::$ip_net is deprecated
[2025-06-22 15:37:36] [NOTICE] (D:\Dropbox\OpenServer\domains\orion\func\error_func.php:29) Creation of dynamic property auth_users::$browser is deprecated
[2025-06-22 15:37:36] [NOTICE] (D:\Dropbox\OpenServer\domains\orion\func\error_func.php:29) Creation of dynamic property ActionModule::$aEditField is deprecated
[2025-06-22 15:37:36] [NOTICE] (D:\Dropbox\OpenServer\domains\orion\func\error_func.php:29) Creation of dynamic property ShowAction::$aEditField is deprecated
[2025-06-22 15:37:37] [NOTICE] (D:\Dropbox\OpenServer\domains\orion\func\error_func.php:29) Creation of dynamic property auth_users::$timestamp is deprecated
[2025-06-22 15:37:37] [NOTICE] (D:\Dropbox\OpenServer\domains\orion\func\error_func.php:29) Creation of dynamic property auth_users::$ip is deprecated
[2025-06-22 15:37:37] [NOTICE] (D:\Dropbox\OpenServer\domains\orion\func\error_func.php:29) Creation of dynamic property auth_users::$ip_net is deprecated
[2025-06-22 15:37:37] [NOTICE] (D:\Dropbox\OpenServer\domains\orion\func\error_func.php:29) Creation of dynamic property auth_users::$browser is deprecated
[2025-06-22 15:37:37] [NOTICE] (D:\Dropbox\OpenServer\domains\orion\func\error_func.php:29) Creation of dynamic property ActionModule::$aEditField is deprecated
[2025-06-22 15:37:37] [NOTICE] (D:\Dropbox\OpenServer\domains\orion\func\error_func.php:29) Creation of dynamic property ShowAction::$aEditField is deprecated
[2025-06-22 15:37:37] [WARNING] (D:\Dropbox\OpenServer\domains\orion\func\error_func.php:29) Undefined array key 1
[2025-06-22 15:37:37] [WARNING] (D:\Dropbox\OpenServer\domains\orion\func\error_func.php:29) Trying to access array offset on null
[2025-06-22 15:37:37] [WARNING] (D:\Dropbox\OpenServer\domains\orion\func\error_func.php:29) Trying to access array offset on null
[2025-06-22 15:37:37] [WARNING] (D:\Dropbox\OpenServer\domains\orion\func\error_func.php:29) Trying to access array offset on null
[2025-06-22 15:37:37] [WARNING] (D:\Dropbox\OpenServer\domains\orion\func\error_func.php:29) Trying to access array offset on null
[2025-06-22 15:37:37] [WARNING] (D:\Dropbox\OpenServer\domains\orion\func\error_func.php:29) Trying to access array offset on null
[2025-06-22 15:37:37] [WARNING] (D:\Dropbox\OpenServer\domains\orion\func\error_func.php:29) Trying to access array offset on null
[2025-06-22 15:37:37] [WARNING] (D:\Dropbox\OpenServer\domains\orion\func\error_func.php:29) Trying to access array offset on null
[2025-06-22 15:37:37] [WARNING] (D:\Dropbox\OpenServer\domains\orion\func\error_func.php:29) Trying to access array offset on null
[2025-06-22 15:37:37] [WARNING] (D:\Dropbox\OpenServer\domains\orion\func\error_func.php:29) Trying to access array offset on null
[2025-06-22 15:37:41] [NOTICE] (D:\Dropbox\OpenServer\domains\orion\func\error_func.php:29) Creation of dynamic property auth_users::$timestamp is deprecated
[2025-06-22 15:37:41] [NOTICE] (D:\Dropbox\OpenServer\domains\orion\func\error_func.php:29) Creation of dynamic property auth_users::$ip is deprecated
[2025-06-22 15:37:41] [NOTICE] (D:\Dropbox\OpenServer\domains\orion\func\error_func.php:29) Creation of dynamic property auth_users::$ip_net is deprecated
[2025-06-22 15:37:41] [NOTICE] (D:\Dropbox\OpenServer\domains\orion\func\error_func.php:29) Creation of dynamic property auth_users::$browser is deprecated
[2025-06-22 15:37:41] [NOTICE] (D:\Dropbox\OpenServer\domains\orion\func\error_func.php:29) Creation of dynamic property ActionModule::$aEditField is deprecated
[2025-06-22 15:37:41] [NOTICE] (D:\Dropbox\OpenServer\domains\orion\func\error_func.php:29) Creation of dynamic property ActionModule::$id_aParent is deprecated
[2025-06-22 15:37:41] [NOTICE] (D:\Dropbox\OpenServer\domains\orion\func\error_func.php:29) Creation of dynamic property ActionModule::$name_aParent is deprecated
[2025-06-22 15:37:41] [NOTICE] (D:\Dropbox\OpenServer\domains\orion\func\error_func.php:29) Creation of dynamic property ListTable::$nameZ is deprecated
[2025-06-22 15:37:41] [NOTICE] (D:\Dropbox\OpenServer\domains\orion\func\error_func.php:29) Creation of dynamic property ListTable::$table_class is deprecated
[2025-06-22 15:37:41] [NOTICE] (D:\Dropbox\OpenServer\domains\orion\func\error_func.php:29) Creation of dynamic property ListTable::$theed_tr_class is deprecated
[2025-06-22 15:37:41] [NOTICE] (D:\Dropbox\OpenServer\domains\orion\func\error_func.php:29) Creation of dynamic property ListTable::$nameZList is deprecated
[2025-06-22 15:37:41] [NOTICE] (D:\Dropbox\OpenServer\domains\orion\func\error_func.php:29) Creation of dynamic property ListTable::$aFilters is deprecated
[2025-06-22 15:37:41] [NOTICE] (D:\Dropbox\OpenServer\domains\orion\func\error_func.php:29) Creation of dynamic property ListTable::$wintype is deprecated
[2025-06-22 15:37:41] [NOTICE] (D:\Dropbox\OpenServer\domains\orion\func\error_func.php:29) Creation of dynamic property ListTable::$field_result is deprecated
[2025-06-22 15:37:41] [NOTICE] (D:\Dropbox\OpenServer\domains\orion\func\error_func.php:29) Creation of dynamic property ListTable::$field_result_name is deprecated
[2025-06-22 15:37:41] [NOTICE] (D:\Dropbox\OpenServer\domains\orion\func\error_func.php:29) Creation of dynamic property ListTable::$id_aParent is deprecated
[2025-06-22 15:37:41] [NOTICE] (D:\Dropbox\OpenServer\domains\orion\func\error_func.php:29) Creation of dynamic property SqlSelect::$parent_field is deprecated
[2025-06-22 15:37:41] [NOTICE] (D:\Dropbox\OpenServer\domains\orion\func\error_func.php:29) Creation of dynamic property SqlSelect::$out_module_id is deprecated
[2025-06-22 15:37:41] [NOTICE] (D:\Dropbox\OpenServer\domains\orion\func\error_func.php:29) Creation of dynamic property SqlSelect::$out_module_result is deprecated
[2025-06-22 15:37:42] [NOTICE] (D:\Dropbox\OpenServer\domains\orion\func\error_func.php:29) Creation of dynamic property ListTable::$page_items is deprecated
[2025-06-22 15:37:44] [NOTICE] (D:\Dropbox\OpenServer\domains\orion\func\error_func.php:29) Creation of dynamic property auth_users::$timestamp is deprecated
[2025-06-22 15:37:44] [NOTICE] (D:\Dropbox\OpenServer\domains\orion\func\error_func.php:29) Creation of dynamic property auth_users::$ip is deprecated
[2025-06-22 15:37:44] [NOTICE] (D:\Dropbox\OpenServer\domains\orion\func\error_func.php:29) Creation of dynamic property auth_users::$ip_net is deprecated
[2025-06-22 15:37:44] [NOTICE] (D:\Dropbox\OpenServer\domains\orion\func\error_func.php:29) Creation of dynamic property auth_users::$browser is deprecated
[2025-06-22 15:37:44] [NOTICE] (D:\Dropbox\OpenServer\domains\orion\func\error_func.php:29) Creation of dynamic property ActionModule::$aEditField is deprecated
[2025-06-22 15:37:44] [NOTICE] (D:\Dropbox\OpenServer\domains\orion\func\error_func.php:29) Creation of dynamic property ActionModule::$id_aParent is deprecated
[2025-06-22 15:37:44] [NOTICE] (D:\Dropbox\OpenServer\domains\orion\func\error_func.php:29) Creation of dynamic property ActionModule::$name_aParent is deprecated
[2025-06-22 15:37:44] [NOTICE] (D:\Dropbox\OpenServer\domains\orion\func\error_func.php:29) Creation of dynamic property ListTable::$nameZ is deprecated
[2025-06-22 15:37:44] [NOTICE] (D:\Dropbox\OpenServer\domains\orion\func\error_func.php:29) Creation of dynamic property ListTable::$table_class is deprecated
[2025-06-22 15:37:44] [NOTICE] (D:\Dropbox\OpenServer\domains\orion\func\error_func.php:29) Creation of dynamic property ListTable::$theed_tr_class is deprecated
[2025-06-22 15:37:44] [NOTICE] (D:\Dropbox\OpenServer\domains\orion\func\error_func.php:29) Creation of dynamic property ListTable::$nameZList is deprecated
[2025-06-22 15:37:44] [NOTICE] (D:\Dropbox\OpenServer\domains\orion\func\error_func.php:29) Creation of dynamic property ListTable::$aFilters is deprecated
[2025-06-22 15:37:44] [NOTICE] (D:\Dropbox\OpenServer\domains\orion\func\error_func.php:29) Creation of dynamic property ListTable::$wintype is deprecated
[2025-06-22 15:37:44] [NOTICE] (D:\Dropbox\OpenServer\domains\orion\func\error_func.php:29) Creation of dynamic property ListTable::$field_result is deprecated
[2025-06-22 15:37:44] [NOTICE] (D:\Dropbox\OpenServer\domains\orion\func\error_func.php:29) Creation of dynamic property ListTable::$field_result_name is deprecated
[2025-06-22 15:37:44] [NOTICE] (D:\Dropbox\OpenServer\domains\orion\func\error_func.php:29) Creation of dynamic property ListTable::$id_aParent is deprecated
[2025-06-22 15:37:44] [NOTICE] (D:\Dropbox\OpenServer\domains\orion\func\error_func.php:29) Creation of dynamic property SqlSelect::$parent_field is deprecated
[2025-06-22 15:37:44] [NOTICE] (D:\Dropbox\OpenServer\domains\orion\func\error_func.php:29) Creation of dynamic property SqlSelect::$out_module_id is deprecated
[2025-06-22 15:37:44] [NOTICE] (D:\Dropbox\OpenServer\domains\orion\func\error_func.php:29) Creation of dynamic property SqlSelect::$out_module_result is deprecated
[2025-06-22 15:37:44] [NOTICE] (D:\Dropbox\OpenServer\domains\orion\func\error_func.php:29) Creation of dynamic property ListTable::$page_items is deprecated
[2025-06-22 15:39:39] [NOTICE] (D:\Dropbox\OpenServer\domains\orion\func\error_func.php:29) Creation of dynamic property auth_users::$timestamp is deprecated
[2025-06-22 15:39:39] [NOTICE] (D:\Dropbox\OpenServer\domains\orion\func\error_func.php:29) Creation of dynamic property auth_users::$ip is deprecated
[2025-06-22 15:39:39] [NOTICE] (D:\Dropbox\OpenServer\domains\orion\func\error_func.php:29) Creation of dynamic property auth_users::$ip_net is deprecated
[2025-06-22 15:39:39] [NOTICE] (D:\Dropbox\OpenServer\domains\orion\func\error_func.php:29) Creation of dynamic property auth_users::$browser is deprecated
[2025-06-22 15:39:39] [NOTICE] (D:\Dropbox\OpenServer\domains\orion\func\error_func.php:29) Creation of dynamic property ActionModule::$aEditField is deprecated
[2025-06-22 15:39:39] [NOTICE] (D:\Dropbox\OpenServer\domains\orion\func\error_func.php:29) Creation of dynamic property ActionModule::$id_aParent is deprecated
[2025-06-22 15:39:39] [NOTICE] (D:\Dropbox\OpenServer\domains\orion\func\error_func.php:29) Creation of dynamic property ActionModule::$name_aParent is deprecated
[2025-06-22 15:39:39] [NOTICE] (D:\Dropbox\OpenServer\domains\orion\func\error_func.php:29) Creation of dynamic property ListTable::$nameZ is deprecated
[2025-06-22 15:39:39] [NOTICE] (D:\Dropbox\OpenServer\domains\orion\func\error_func.php:29) Creation of dynamic property ListTable::$table_class is deprecated
[2025-06-22 15:39:39] [NOTICE] (D:\Dropbox\OpenServer\domains\orion\func\error_func.php:29) Creation of dynamic property ListTable::$theed_tr_class is deprecated
[2025-06-22 15:39:39] [NOTICE] (D:\Dropbox\OpenServer\domains\orion\func\error_func.php:29) Creation of dynamic property ListTable::$nameZList is deprecated
[2025-06-22 15:39:39] [NOTICE] (D:\Dropbox\OpenServer\domains\orion\func\error_func.php:29) Creation of dynamic property ListTable::$aFilters is deprecated
[2025-06-22 15:39:39] [NOTICE] (D:\Dropbox\OpenServer\domains\orion\func\error_func.php:29) Creation of dynamic property ListTable::$wintype is deprecated
[2025-06-22 15:39:39] [NOTICE] (D:\Dropbox\OpenServer\domains\orion\func\error_func.php:29) Creation of dynamic property ListTable::$field_result is deprecated
[2025-06-22 15:39:39] [NOTICE] (D:\Dropbox\OpenServer\domains\orion\func\error_func.php:29) Creation of dynamic property ListTable::$field_result_name is deprecated
[2025-06-22 15:39:39] [NOTICE] (D:\Dropbox\OpenServer\domains\orion\func\error_func.php:29) Creation of dynamic property ListTable::$id_aParent is deprecated
[2025-06-22 15:39:39] [NOTICE] (D:\Dropbox\OpenServer\domains\orion\func\error_func.php:29) Creation of dynamic property SqlSelect::$parent_field is deprecated
[2025-06-22 15:39:39] [NOTICE] (D:\Dropbox\OpenServer\domains\orion\func\error_func.php:29) Creation of dynamic property SqlSelect::$out_module_id is deprecated
[2025-06-22 15:39:39] [NOTICE] (D:\Dropbox\OpenServer\domains\orion\func\error_func.php:29) Creation of dynamic property SqlSelect::$out_module_result is deprecated
[2025-06-22 15:39:39] [NOTICE] (D:\Dropbox\OpenServer\domains\orion\func\error_func.php:29) Creation of dynamic property ListTable::$page_items is deprecated
[2025-06-22 15:39:42] [NOTICE] (D:\Dropbox\OpenServer\domains\orion\func\error_func.php:29) Creation of dynamic property auth_users::$timestamp is deprecated
[2025-06-22 15:39:42] [NOTICE] (D:\Dropbox\OpenServer\domains\orion\func\error_func.php:29) Creation of dynamic property auth_users::$ip is deprecated
[2025-06-22 15:39:42] [NOTICE] (D:\Dropbox\OpenServer\domains\orion\func\error_func.php:29) Creation of dynamic property auth_users::$ip_net is deprecated
[2025-06-22 15:39:42] [NOTICE] (D:\Dropbox\OpenServer\domains\orion\func\error_func.php:29) Creation of dynamic property auth_users::$browser is deprecated
[2025-06-22 15:39:42] [NOTICE] (D:\Dropbox\OpenServer\domains\orion\func\error_func.php:29) Creation of dynamic property ActionModule::$aEditField is deprecated
[2025-06-22 15:39:42] [NOTICE] (D:\Dropbox\OpenServer\domains\orion\func\error_func.php:29) Creation of dynamic property ActionModule::$id_aParent is deprecated
[2025-06-22 15:39:42] [NOTICE] (D:\Dropbox\OpenServer\domains\orion\func\error_func.php:29) Creation of dynamic property ActionModule::$name_aParent is deprecated
[2025-06-22 15:39:42] [NOTICE] (D:\Dropbox\OpenServer\domains\orion\func\error_func.php:29) Creation of dynamic property FormEdit::$aEditField is deprecated
[2025-06-22 15:39:42] [NOTICE] (D:\Dropbox\OpenServer\domains\orion\func\error_func.php:29) Creation of dynamic property FormEdit::$nameZ is deprecated
[2025-06-22 15:39:42] [NOTICE] (D:\Dropbox\OpenServer\domains\orion\func\error_func.php:29) Creation of dynamic property FormEdit::$nameZEdit is deprecated
[2025-06-22 15:39:42] [NOTICE] (D:\Dropbox\OpenServer\domains\orion\func\error_func.php:29) Creation of dynamic property FormEdit::$aTabs is deprecated
[2025-06-22 15:39:42] [NOTICE] (D:\Dropbox\OpenServer\domains\orion\func\error_func.php:29) Creation of dynamic property FormEdit::$id_aParent is deprecated
[2025-06-22 15:39:42] [NOTICE] (D:\Dropbox\OpenServer\domains\orion\func\error_func.php:29) Creation of dynamic property FormEdit::$name_aParent is deprecated
[2025-06-22 15:39:42] [NOTICE] (D:\Dropbox\OpenServer\domains\orion\func\error_func.php:29) Creation of dynamic property FormEdit::$submenu is deprecated
[2025-06-22 15:39:45] [NOTICE] (D:\Dropbox\OpenServer\domains\orion\func\error_func.php:29) Creation of dynamic property auth_users::$timestamp is deprecated
[2025-06-22 15:39:45] [NOTICE] (D:\Dropbox\OpenServer\domains\orion\func\error_func.php:29) Creation of dynamic property auth_users::$ip is deprecated
[2025-06-22 15:39:45] [NOTICE] (D:\Dropbox\OpenServer\domains\orion\func\error_func.php:29) Creation of dynamic property auth_users::$ip_net is deprecated
[2025-06-22 15:39:45] [NOTICE] (D:\Dropbox\OpenServer\domains\orion\func\error_func.php:29) Creation of dynamic property auth_users::$browser is deprecated
[2025-06-22 15:39:45] [NOTICE] (D:\Dropbox\OpenServer\domains\orion\func\error_func.php:29) Creation of dynamic property ActionModule::$aEditField is deprecated
[2025-06-22 15:39:46] [NOTICE] (D:\Dropbox\OpenServer\domains\orion\func\error_func.php:29) Creation of dynamic property auth_users::$timestamp is deprecated
[2025-06-22 15:39:46] [NOTICE] (D:\Dropbox\OpenServer\domains\orion\func\error_func.php:29) Creation of dynamic property auth_users::$ip is deprecated
[2025-06-22 15:39:46] [NOTICE] (D:\Dropbox\OpenServer\domains\orion\func\error_func.php:29) Creation of dynamic property auth_users::$ip_net is deprecated
[2025-06-22 15:39:46] [NOTICE] (D:\Dropbox\OpenServer\domains\orion\func\error_func.php:29) Creation of dynamic property auth_users::$browser is deprecated
[2025-06-22 15:39:46] [NOTICE] (D:\Dropbox\OpenServer\domains\orion\func\error_func.php:29) Creation of dynamic property ActionModule::$aEditField is deprecated
[2025-06-22 15:39:46] [NOTICE] (D:\Dropbox\OpenServer\domains\orion\func\error_func.php:29) Creation of dynamic property ActionModule::$id_aParent is deprecated
[2025-06-22 15:39:46] [NOTICE] (D:\Dropbox\OpenServer\domains\orion\func\error_func.php:29) Creation of dynamic property ActionModule::$name_aParent is deprecated
[2025-06-22 15:39:46] [NOTICE] (D:\Dropbox\OpenServer\domains\orion\func\error_func.php:29) Creation of dynamic property FormSave::$aEditField is deprecated
[2025-06-22 15:39:46] [NOTICE] (D:\Dropbox\OpenServer\domains\orion\func\error_func.php:29) Creation of dynamic property FormSave::$id_aParent is deprecated
[2025-06-22 15:39:46] [NOTICE] (D:\Dropbox\OpenServer\domains\orion\func\error_func.php:29) Creation of dynamic property FormSave::$name_aParent is deprecated
[2025-06-22 15:39:46] [NOTICE] (D:\Dropbox\OpenServer\domains\orion\func\error_func.php:29) Creation of dynamic property ListTable::$nameZ is deprecated
[2025-06-22 15:39:46] [NOTICE] (D:\Dropbox\OpenServer\domains\orion\func\error_func.php:29) Creation of dynamic property ListTable::$table_class is deprecated
[2025-06-22 15:39:46] [NOTICE] (D:\Dropbox\OpenServer\domains\orion\func\error_func.php:29) Creation of dynamic property ListTable::$theed_tr_class is deprecated
[2025-06-22 15:39:46] [NOTICE] (D:\Dropbox\OpenServer\domains\orion\func\error_func.php:29) Creation of dynamic property ListTable::$nameZList is deprecated
[2025-06-22 15:39:46] [NOTICE] (D:\Dropbox\OpenServer\domains\orion\func\error_func.php:29) Creation of dynamic property ListTable::$aFilters is deprecated
[2025-06-22 15:39:46] [NOTICE] (D:\Dropbox\OpenServer\domains\orion\func\error_func.php:29) Creation of dynamic property ListTable::$wintype is deprecated
[2025-06-22 15:39:46] [NOTICE] (D:\Dropbox\OpenServer\domains\orion\func\error_func.php:29) Creation of dynamic property ListTable::$field_result is deprecated
[2025-06-22 15:39:46] [NOTICE] (D:\Dropbox\OpenServer\domains\orion\func\error_func.php:29) Creation of dynamic property ListTable::$field_result_name is deprecated
[2025-06-22 15:39:46] [NOTICE] (D:\Dropbox\OpenServer\domains\orion\func\error_func.php:29) Creation of dynamic property ListTable::$id_aParent is deprecated
[2025-06-22 15:39:46] [NOTICE] (D:\Dropbox\OpenServer\domains\orion\func\error_func.php:29) Creation of dynamic property SqlSelect::$parent_field is deprecated
[2025-06-22 15:39:46] [NOTICE] (D:\Dropbox\OpenServer\domains\orion\func\error_func.php:29) Creation of dynamic property SqlSelect::$out_module_id is deprecated
[2025-06-22 15:39:46] [NOTICE] (D:\Dropbox\OpenServer\domains\orion\func\error_func.php:29) Creation of dynamic property SqlSelect::$out_module_result is deprecated
[2025-06-22 15:39:46] [NOTICE] (D:\Dropbox\OpenServer\domains\orion\func\error_func.php:29) Creation of dynamic property ListTable::$page_items is deprecated
[2025-06-22 15:39:53] [NOTICE] (D:\Dropbox\OpenServer\domains\orion\func\error_func.php:29) Creation of dynamic property ListTable::$nameZ is deprecated
[2025-06-22 15:39:53] [NOTICE] (D:\Dropbox\OpenServer\domains\orion\func\error_func.php:29) Creation of dynamic property ListTable::$table_class is deprecated
[2025-06-22 15:39:53] [NOTICE] (D:\Dropbox\OpenServer\domains\orion\func\error_func.php:29) Creation of dynamic property ListTable::$theed_tr_class is deprecated
[2025-06-22 15:39:53] [NOTICE] (D:\Dropbox\OpenServer\domains\orion\func\error_func.php:29) Creation of dynamic property ListTable::$nameZList is deprecated
[2025-06-22 15:39:53] [NOTICE] (D:\Dropbox\OpenServer\domains\orion\func\error_func.php:29) Creation of dynamic property ListTable::$aFilters is deprecated
[2025-06-22 15:39:53] [NOTICE] (D:\Dropbox\OpenServer\domains\orion\func\error_func.php:29) Creation of dynamic property ListTable::$wintype is deprecated
[2025-06-22 15:39:53] [NOTICE] (D:\Dropbox\OpenServer\domains\orion\func\error_func.php:29) Creation of dynamic property ListTable::$field_result is deprecated
[2025-06-22 15:39:53] [NOTICE] (D:\Dropbox\OpenServer\domains\orion\func\error_func.php:29) Creation of dynamic property ListTable::$field_result_name is deprecated
[2025-06-22 15:39:53] [NOTICE] (D:\Dropbox\OpenServer\domains\orion\func\error_func.php:29) Creation of dynamic property ListTable::$id_aParent is deprecated
[2025-06-22 15:39:53] [NOTICE] (D:\Dropbox\OpenServer\domains\orion\func\error_func.php:29) Creation of dynamic property SqlSelect::$parent_field is deprecated
[2025-06-22 15:39:53] [NOTICE] (D:\Dropbox\OpenServer\domains\orion\func\error_func.php:29) Creation of dynamic property SqlSelect::$out_module_id is deprecated
[2025-06-22 15:39:53] [NOTICE] (D:\Dropbox\OpenServer\domains\orion\func\error_func.php:29) Creation of dynamic property SqlSelect::$out_module_result is deprecated
[2025-06-22 15:39:53] [NOTICE] (D:\Dropbox\OpenServer\domains\orion\func\error_func.php:29) Creation of dynamic property ListTable::$page_items is deprecated
[2025-06-22 15:39:54] [NOTICE] (D:\Dropbox\OpenServer\domains\orion\func\error_func.php:29) Creation of dynamic property auth_users::$timestamp is deprecated
[2025-06-22 15:39:54] [NOTICE] (D:\Dropbox\OpenServer\domains\orion\func\error_func.php:29) Creation of dynamic property auth_users::$ip is deprecated
[2025-06-22 15:39:54] [NOTICE] (D:\Dropbox\OpenServer\domains\orion\func\error_func.php:29) Creation of dynamic property auth_users::$ip_net is deprecated
[2025-06-22 15:39:54] [NOTICE] (D:\Dropbox\OpenServer\domains\orion\func\error_func.php:29) Creation of dynamic property auth_users::$browser is deprecated
[2025-06-22 15:39:54] [NOTICE] (D:\Dropbox\OpenServer\domains\orion\func\error_func.php:29) Creation of dynamic property ActionModule::$aEditField is deprecated
[2025-06-22 15:39:54] [NOTICE] (D:\Dropbox\OpenServer\domains\orion\func\error_func.php:29) Creation of dynamic property ActionModule::$id_aParent is deprecated
[2025-06-22 15:39:54] [NOTICE] (D:\Dropbox\OpenServer\domains\orion\func\error_func.php:29) Creation of dynamic property ActionModule::$name_aParent is deprecated
[2025-06-22 15:39:54] [NOTICE] (D:\Dropbox\OpenServer\domains\orion\func\error_func.php:29) Creation of dynamic property ListTable::$nameZ is deprecated
[2025-06-22 15:39:54] [NOTICE] (D:\Dropbox\OpenServer\domains\orion\func\error_func.php:29) Creation of dynamic property ListTable::$table_class is deprecated
[2025-06-22 15:39:54] [NOTICE] (D:\Dropbox\OpenServer\domains\orion\func\error_func.php:29) Creation of dynamic property ListTable::$theed_tr_class is deprecated
[2025-06-22 15:39:54] [NOTICE] (D:\Dropbox\OpenServer\domains\orion\func\error_func.php:29) Creation of dynamic property ListTable::$nameZList is deprecated
[2025-06-22 15:39:54] [NOTICE] (D:\Dropbox\OpenServer\domains\orion\func\error_func.php:29) Creation of dynamic property ListTable::$aFilters is deprecated
[2025-06-22 15:39:54] [NOTICE] (D:\Dropbox\OpenServer\domains\orion\func\error_func.php:29) Creation of dynamic property ListTable::$wintype is deprecated
[2025-06-22 15:39:54] [NOTICE] (D:\Dropbox\OpenServer\domains\orion\func\error_func.php:29) Creation of dynamic property ListTable::$field_result is deprecated
[2025-06-22 15:39:54] [NOTICE] (D:\Dropbox\OpenServer\domains\orion\func\error_func.php:29) Creation of dynamic property ListTable::$field_result_name is deprecated
[2025-06-22 15:39:54] [NOTICE] (D:\Dropbox\OpenServer\domains\orion\func\error_func.php:29) Creation of dynamic property ListTable::$id_aParent is deprecated
[2025-06-22 15:39:54] [NOTICE] (D:\Dropbox\OpenServer\domains\orion\func\error_func.php:29) Creation of dynamic property SqlSelect::$parent_field is deprecated
[2025-06-22 15:39:54] [NOTICE] (D:\Dropbox\OpenServer\domains\orion\func\error_func.php:29) Creation of dynamic property SqlSelect::$out_module_id is deprecated
[2025-06-22 15:39:54] [NOTICE] (D:\Dropbox\OpenServer\domains\orion\func\error_func.php:29) Creation of dynamic property SqlSelect::$out_module_result is deprecated
[2025-06-22 15:39:55] [NOTICE] (D:\Dropbox\OpenServer\domains\orion\func\error_func.php:29) Creation of dynamic property ListTable::$page_items is deprecated
[2025-06-22 15:39:59] [NOTICE] (D:\Dropbox\OpenServer\domains\orion\func\error_func.php:29) Creation of dynamic property auth_users::$timestamp is deprecated
[2025-06-22 15:39:59] [NOTICE] (D:\Dropbox\OpenServer\domains\orion\func\error_func.php:29) Creation of dynamic property auth_users::$ip is deprecated
[2025-06-22 15:39:59] [NOTICE] (D:\Dropbox\OpenServer\domains\orion\func\error_func.php:29) Creation of dynamic property auth_users::$ip_net is deprecated
[2025-06-22 15:39:59] [NOTICE] (D:\Dropbox\OpenServer\domains\orion\func\error_func.php:29) Creation of dynamic property auth_users::$browser is deprecated
[2025-06-22 15:39:59] [NOTICE] (D:\Dropbox\OpenServer\domains\orion\func\error_func.php:29) Creation of dynamic property ActionModule::$aEditField is deprecated
[2025-06-22 15:39:59] [NOTICE] (D:\Dropbox\OpenServer\domains\orion\func\error_func.php:29) Creation of dynamic property ActionModule::$id_aParent is deprecated
[2025-06-22 15:39:59] [NOTICE] (D:\Dropbox\OpenServer\domains\orion\func\error_func.php:29) Creation of dynamic property ActionModule::$name_aParent is deprecated
[2025-06-22 15:39:59] [NOTICE] (D:\Dropbox\OpenServer\domains\orion\func\error_func.php:29) Creation of dynamic property ListTable::$nameZ is deprecated
[2025-06-22 15:39:59] [NOTICE] (D:\Dropbox\OpenServer\domains\orion\func\error_func.php:29) Creation of dynamic property ListTable::$table_class is deprecated
[2025-06-22 15:39:59] [NOTICE] (D:\Dropbox\OpenServer\domains\orion\func\error_func.php:29) Creation of dynamic property ListTable::$theed_tr_class is deprecated
[2025-06-22 15:39:59] [NOTICE] (D:\Dropbox\OpenServer\domains\orion\func\error_func.php:29) Creation of dynamic property ListTable::$nameZList is deprecated
[2025-06-22 15:39:59] [NOTICE] (D:\Dropbox\OpenServer\domains\orion\func\error_func.php:29) Creation of dynamic property ListTable::$aFilters is deprecated
[2025-06-22 15:39:59] [NOTICE] (D:\Dropbox\OpenServer\domains\orion\func\error_func.php:29) Creation of dynamic property ListTable::$wintype is deprecated
[2025-06-22 15:39:59] [NOTICE] (D:\Dropbox\OpenServer\domains\orion\func\error_func.php:29) Creation of dynamic property ListTable::$field_result is deprecated
[2025-06-22 15:39:59] [NOTICE] (D:\Dropbox\OpenServer\domains\orion\func\error_func.php:29) Creation of dynamic property ListTable::$field_result_name is deprecated
[2025-06-22 15:39:59] [NOTICE] (D:\Dropbox\OpenServer\domains\orion\func\error_func.php:29) Creation of dynamic property ListTable::$id_aParent is deprecated
[2025-06-22 15:39:59] [NOTICE] (D:\Dropbox\OpenServer\domains\orion\func\error_func.php:29) Creation of dynamic property SqlSelect::$parent_field is deprecated
[2025-06-22 15:39:59] [NOTICE] (D:\Dropbox\OpenServer\domains\orion\func\error_func.php:29) Creation of dynamic property SqlSelect::$out_module_id is deprecated
[2025-06-22 15:39:59] [NOTICE] (D:\Dropbox\OpenServer\domains\orion\func\error_func.php:29) Creation of dynamic property SqlSelect::$out_module_result is deprecated
[2025-06-22 15:39:59] [NOTICE] (D:\Dropbox\OpenServer\domains\orion\func\error_func.php:29) Creation of dynamic property ListTable::$page_items is deprecated
[2025-06-22 15:40:05] [NOTICE] (D:\Dropbox\OpenServer\domains\orion\func\error_func.php:29) Creation of dynamic property auth_users::$timestamp is deprecated
[2025-06-22 15:40:05] [NOTICE] (D:\Dropbox\OpenServer\domains\orion\func\error_func.php:29) Creation of dynamic property auth_users::$ip is deprecated
[2025-06-22 15:40:05] [NOTICE] (D:\Dropbox\OpenServer\domains\orion\func\error_func.php:29) Creation of dynamic property auth_users::$ip_net is deprecated
[2025-06-22 15:40:05] [NOTICE] (D:\Dropbox\OpenServer\domains\orion\func\error_func.php:29) Creation of dynamic property auth_users::$browser is deprecated
[2025-06-22 15:40:05] [NOTICE] (D:\Dropbox\OpenServer\domains\orion\func\error_func.php:29) Creation of dynamic property ActionModule::$aEditField is deprecated
[2025-06-22 15:40:05] [NOTICE] (D:\Dropbox\OpenServer\domains\orion\func\error_func.php:29) Creation of dynamic property ActionModule::$id_aParent is deprecated
[2025-06-22 15:40:05] [NOTICE] (D:\Dropbox\OpenServer\domains\orion\func\error_func.php:29) Creation of dynamic property ActionModule::$name_aParent is deprecated
[2025-06-22 15:40:05] [NOTICE] (D:\Dropbox\OpenServer\domains\orion\func\error_func.php:29) Creation of dynamic property ListTable::$nameZ is deprecated
[2025-06-22 15:40:05] [NOTICE] (D:\Dropbox\OpenServer\domains\orion\func\error_func.php:29) Creation of dynamic property ListTable::$table_class is deprecated
[2025-06-22 15:40:05] [NOTICE] (D:\Dropbox\OpenServer\domains\orion\func\error_func.php:29) Creation of dynamic property ListTable::$theed_tr_class is deprecated
[2025-06-22 15:40:05] [NOTICE] (D:\Dropbox\OpenServer\domains\orion\func\error_func.php:29) Creation of dynamic property ListTable::$nameZList is deprecated
[2025-06-22 15:40:05] [NOTICE] (D:\Dropbox\OpenServer\domains\orion\func\error_func.php:29) Creation of dynamic property ListTable::$aFilters is deprecated
[2025-06-22 15:40:05] [NOTICE] (D:\Dropbox\OpenServer\domains\orion\func\error_func.php:29) Creation of dynamic property ListTable::$wintype is deprecated
[2025-06-22 15:40:05] [NOTICE] (D:\Dropbox\OpenServer\domains\orion\func\error_func.php:29) Creation of dynamic property ListTable::$field_result is deprecated
[2025-06-22 15:40:05] [NOTICE] (D:\Dropbox\OpenServer\domains\orion\func\error_func.php:29) Creation of dynamic property ListTable::$field_result_name is deprecated
[2025-06-22 15:40:05] [NOTICE] (D:\Dropbox\OpenServer\domains\orion\func\error_func.php:29) Creation of dynamic property ListTable::$id_aParent is deprecated
[2025-06-22 15:40:05] [NOTICE] (D:\Dropbox\OpenServer\domains\orion\func\error_func.php:29) Creation of dynamic property SqlSelect::$parent_field is deprecated
[2025-06-22 15:40:05] [NOTICE] (D:\Dropbox\OpenServer\domains\orion\func\error_func.php:29) Creation of dynamic property SqlSelect::$out_module_id is deprecated
[2025-06-22 15:40:05] [NOTICE] (D:\Dropbox\OpenServer\domains\orion\func\error_func.php:29) Creation of dynamic property SqlSelect::$out_module_result is deprecated
[2025-06-22 15:40:05] [NOTICE] (D:\Dropbox\OpenServer\domains\orion\func\error_func.php:29) Creation of dynamic property ListTable::$page_items is deprecated
[2025-06-22 15:41:22] [NOTICE] (D:\Dropbox\OpenServer\domains\orion\func\error_func.php:29) Creation of dynamic property auth_users::$timestamp is deprecated
[2025-06-22 15:41:22] [NOTICE] (D:\Dropbox\OpenServer\domains\orion\func\error_func.php:29) Creation of dynamic property auth_users::$ip is deprecated
[2025-06-22 15:41:22] [NOTICE] (D:\Dropbox\OpenServer\domains\orion\func\error_func.php:29) Creation of dynamic property auth_users::$ip_net is deprecated
[2025-06-22 15:41:22] [NOTICE] (D:\Dropbox\OpenServer\domains\orion\func\error_func.php:29) Creation of dynamic property auth_users::$browser is deprecated
[2025-06-22 15:41:22] [NOTICE] (D:\Dropbox\OpenServer\domains\orion\func\error_func.php:29) Creation of dynamic property ActionModule::$aEditField is deprecated
[2025-06-22 15:41:22] [NOTICE] (D:\Dropbox\OpenServer\domains\orion\func\error_func.php:29) Creation of dynamic property ActionModule::$id_aParent is deprecated
[2025-06-22 15:41:22] [NOTICE] (D:\Dropbox\OpenServer\domains\orion\func\error_func.php:29) Creation of dynamic property ActionModule::$name_aParent is deprecated
[2025-06-22 15:41:22] [NOTICE] (D:\Dropbox\OpenServer\domains\orion\func\error_func.php:29) Creation of dynamic property FormEdit::$aEditField is deprecated
[2025-06-22 15:41:22] [NOTICE] (D:\Dropbox\OpenServer\domains\orion\func\error_func.php:29) Creation of dynamic property FormEdit::$nameZ is deprecated
[2025-06-22 15:41:22] [NOTICE] (D:\Dropbox\OpenServer\domains\orion\func\error_func.php:29) Creation of dynamic property FormEdit::$nameZEdit is deprecated
[2025-06-22 15:41:22] [NOTICE] (D:\Dropbox\OpenServer\domains\orion\func\error_func.php:29) Creation of dynamic property FormEdit::$aTabs is deprecated
[2025-06-22 15:41:22] [NOTICE] (D:\Dropbox\OpenServer\domains\orion\func\error_func.php:29) Creation of dynamic property FormEdit::$id_aParent is deprecated
[2025-06-22 15:41:22] [NOTICE] (D:\Dropbox\OpenServer\domains\orion\func\error_func.php:29) Creation of dynamic property FormEdit::$name_aParent is deprecated
[2025-06-22 15:41:22] [NOTICE] (D:\Dropbox\OpenServer\domains\orion\func\error_func.php:29) Creation of dynamic property FormEdit::$submenu is deprecated
[2025-06-22 15:41:24] [NOTICE] (D:\Dropbox\OpenServer\domains\orion\func\error_func.php:29) Creation of dynamic property auth_users::$timestamp is deprecated
[2025-06-22 15:41:24] [NOTICE] (D:\Dropbox\OpenServer\domains\orion\func\error_func.php:29) Creation of dynamic property auth_users::$ip is deprecated
[2025-06-22 15:41:24] [NOTICE] (D:\Dropbox\OpenServer\domains\orion\func\error_func.php:29) Creation of dynamic property auth_users::$ip_net is deprecated
[2025-06-22 15:41:24] [NOTICE] (D:\Dropbox\OpenServer\domains\orion\func\error_func.php:29) Creation of dynamic property auth_users::$browser is deprecated
[2025-06-22 15:41:24] [NOTICE] (D:\Dropbox\OpenServer\domains\orion\func\error_func.php:29) Creation of dynamic property ActionModule::$aEditField is deprecated
[2025-06-22 15:41:25] [NOTICE] (D:\Dropbox\OpenServer\domains\orion\func\error_func.php:29) Creation of dynamic property auth_users::$timestamp is deprecated
[2025-06-22 15:41:25] [NOTICE] (D:\Dropbox\OpenServer\domains\orion\func\error_func.php:29) Creation of dynamic property auth_users::$ip is deprecated
[2025-06-22 15:41:25] [NOTICE] (D:\Dropbox\OpenServer\domains\orion\func\error_func.php:29) Creation of dynamic property auth_users::$ip_net is deprecated
[2025-06-22 15:41:25] [NOTICE] (D:\Dropbox\OpenServer\domains\orion\func\error_func.php:29) Creation of dynamic property auth_users::$browser is deprecated
[2025-06-22 15:41:25] [NOTICE] (D:\Dropbox\OpenServer\domains\orion\func\error_func.php:29) Creation of dynamic property ActionModule::$aEditField is deprecated
[2025-06-22 15:41:26] [NOTICE] (D:\Dropbox\OpenServer\domains\orion\func\error_func.php:29) Creation of dynamic property ActionModule::$id_aParent is deprecated
[2025-06-22 15:41:26] [NOTICE] (D:\Dropbox\OpenServer\domains\orion\func\error_func.php:29) Creation of dynamic property ActionModule::$name_aParent is deprecated
[2025-06-22 15:41:26] [NOTICE] (D:\Dropbox\OpenServer\domains\orion\func\error_func.php:29) Creation of dynamic property FormSave::$aEditField is deprecated
[2025-06-22 15:41:26] [NOTICE] (D:\Dropbox\OpenServer\domains\orion\func\error_func.php:29) Creation of dynamic property FormSave::$id_aParent is deprecated
[2025-06-22 15:41:26] [NOTICE] (D:\Dropbox\OpenServer\domains\orion\func\error_func.php:29) Creation of dynamic property FormSave::$name_aParent is deprecated
[2025-06-22 15:41:26] [NOTICE] (D:\Dropbox\OpenServer\domains\orion\func\error_func.php:29) Creation of dynamic property ListTable::$nameZ is deprecated
[2025-06-22 15:41:26] [NOTICE] (D:\Dropbox\OpenServer\domains\orion\func\error_func.php:29) Creation of dynamic property ListTable::$table_class is deprecated
[2025-06-22 15:41:26] [NOTICE] (D:\Dropbox\OpenServer\domains\orion\func\error_func.php:29) Creation of dynamic property ListTable::$theed_tr_class is deprecated
[2025-06-22 15:41:26] [NOTICE] (D:\Dropbox\OpenServer\domains\orion\func\error_func.php:29) Creation of dynamic property ListTable::$nameZList is deprecated
[2025-06-22 15:41:26] [NOTICE] (D:\Dropbox\OpenServer\domains\orion\func\error_func.php:29) Creation of dynamic property ListTable::$aFilters is deprecated
[2025-06-22 15:41:26] [NOTICE] (D:\Dropbox\OpenServer\domains\orion\func\error_func.php:29) Creation of dynamic property ListTable::$wintype is deprecated
[2025-06-22 15:41:26] [NOTICE] (D:\Dropbox\OpenServer\domains\orion\func\error_func.php:29) Creation of dynamic property ListTable::$field_result is deprecated
[2025-06-22 15:41:26] [NOTICE] (D:\Dropbox\OpenServer\domains\orion\func\error_func.php:29) Creation of dynamic property ListTable::$field_result_name is deprecated
[2025-06-22 15:41:26] [NOTICE] (D:\Dropbox\OpenServer\domains\orion\func\error_func.php:29) Creation of dynamic property ListTable::$id_aParent is deprecated
[2025-06-22 15:41:26] [NOTICE] (D:\Dropbox\OpenServer\domains\orion\func\error_func.php:29) Creation of dynamic property SqlSelect::$parent_field is deprecated
[2025-06-22 15:41:26] [NOTICE] (D:\Dropbox\OpenServer\domains\orion\func\error_func.php:29) Creation of dynamic property SqlSelect::$out_module_id is deprecated
[2025-06-22 15:41:26] [NOTICE] (D:\Dropbox\OpenServer\domains\orion\func\error_func.php:29) Creation of dynamic property SqlSelect::$out_module_result is deprecated
[2025-06-22 15:41:26] [NOTICE] (D:\Dropbox\OpenServer\domains\orion\func\error_func.php:29) Creation of dynamic property ListTable::$page_items is deprecated
[2025-06-22 15:41:29] [NOTICE] (D:\Dropbox\OpenServer\domains\orion\func\error_func.php:29) Creation of dynamic property ListTable::$nameZ is deprecated
[2025-06-22 15:41:29] [NOTICE] (D:\Dropbox\OpenServer\domains\orion\func\error_func.php:29) Creation of dynamic property ListTable::$table_class is deprecated
[2025-06-22 15:41:29] [NOTICE] (D:\Dropbox\OpenServer\domains\orion\func\error_func.php:29) Creation of dynamic property ListTable::$theed_tr_class is deprecated
[2025-06-22 15:41:29] [NOTICE] (D:\Dropbox\OpenServer\domains\orion\func\error_func.php:29) Creation of dynamic property ListTable::$nameZList is deprecated
[2025-06-22 15:41:29] [NOTICE] (D:\Dropbox\OpenServer\domains\orion\func\error_func.php:29) Creation of dynamic property ListTable::$aFilters is deprecated
[2025-06-22 15:41:29] [NOTICE] (D:\Dropbox\OpenServer\domains\orion\func\error_func.php:29) Creation of dynamic property ListTable::$wintype is deprecated
[2025-06-22 15:41:29] [NOTICE] (D:\Dropbox\OpenServer\domains\orion\func\error_func.php:29) Creation of dynamic property ListTable::$field_result is deprecated
[2025-06-22 15:41:29] [NOTICE] (D:\Dropbox\OpenServer\domains\orion\func\error_func.php:29) Creation of dynamic property ListTable::$field_result_name is deprecated
[2025-06-22 15:41:29] [NOTICE] (D:\Dropbox\OpenServer\domains\orion\func\error_func.php:29) Creation of dynamic property ListTable::$id_aParent is deprecated
[2025-06-22 15:41:29] [NOTICE] (D:\Dropbox\OpenServer\domains\orion\func\error_func.php:29) Creation of dynamic property SqlSelect::$parent_field is deprecated
[2025-06-22 15:41:29] [NOTICE] (D:\Dropbox\OpenServer\domains\orion\func\error_func.php:29) Creation of dynamic property SqlSelect::$out_module_id is deprecated
[2025-06-22 15:41:29] [NOTICE] (D:\Dropbox\OpenServer\domains\orion\func\error_func.php:29) Creation of dynamic property SqlSelect::$out_module_result is deprecated
[2025-06-22 15:41:29] [NOTICE] (D:\Dropbox\OpenServer\domains\orion\func\error_func.php:29) Creation of dynamic property ListTable::$page_items is deprecated
[2025-06-22 15:41:30] [NOTICE] (D:\Dropbox\OpenServer\domains\orion\func\error_func.php:29) Creation of dynamic property auth_users::$timestamp is deprecated
[2025-06-22 15:41:30] [NOTICE] (D:\Dropbox\OpenServer\domains\orion\func\error_func.php:29) Creation of dynamic property auth_users::$ip is deprecated
[2025-06-22 15:41:30] [NOTICE] (D:\Dropbox\OpenServer\domains\orion\func\error_func.php:29) Creation of dynamic property auth_users::$ip_net is deprecated
[2025-06-22 15:41:30] [NOTICE] (D:\Dropbox\OpenServer\domains\orion\func\error_func.php:29) Creation of dynamic property auth_users::$browser is deprecated
[2025-06-22 15:41:30] [NOTICE] (D:\Dropbox\OpenServer\domains\orion\func\error_func.php:29) Creation of dynamic property ActionModule::$aEditField is deprecated
[2025-06-22 15:41:30] [NOTICE] (D:\Dropbox\OpenServer\domains\orion\func\error_func.php:29) Creation of dynamic property ActionModule::$id_aParent is deprecated
[2025-06-22 15:41:30] [NOTICE] (D:\Dropbox\OpenServer\domains\orion\func\error_func.php:29) Creation of dynamic property ActionModule::$name_aParent is deprecated
[2025-06-22 15:41:30] [NOTICE] (D:\Dropbox\OpenServer\domains\orion\func\error_func.php:29) Creation of dynamic property ListTable::$nameZ is deprecated
[2025-06-22 15:41:30] [NOTICE] (D:\Dropbox\OpenServer\domains\orion\func\error_func.php:29) Creation of dynamic property ListTable::$table_class is deprecated
[2025-06-22 15:41:30] [NOTICE] (D:\Dropbox\OpenServer\domains\orion\func\error_func.php:29) Creation of dynamic property ListTable::$theed_tr_class is deprecated
[2025-06-22 15:41:30] [NOTICE] (D:\Dropbox\OpenServer\domains\orion\func\error_func.php:29) Creation of dynamic property ListTable::$nameZList is deprecated
[2025-06-22 15:41:30] [NOTICE] (D:\Dropbox\OpenServer\domains\orion\func\error_func.php:29) Creation of dynamic property ListTable::$aFilters is deprecated
[2025-06-22 15:41:30] [NOTICE] (D:\Dropbox\OpenServer\domains\orion\func\error_func.php:29) Creation of dynamic property ListTable::$wintype is deprecated
[2025-06-22 15:41:30] [NOTICE] (D:\Dropbox\OpenServer\domains\orion\func\error_func.php:29) Creation of dynamic property ListTable::$field_result is deprecated
[2025-06-22 15:41:30] [NOTICE] (D:\Dropbox\OpenServer\domains\orion\func\error_func.php:29) Creation of dynamic property ListTable::$field_result_name is deprecated
[2025-06-22 15:41:30] [NOTICE] (D:\Dropbox\OpenServer\domains\orion\func\error_func.php:29) Creation of dynamic property ListTable::$id_aParent is deprecated
[2025-06-22 15:41:30] [NOTICE] (D:\Dropbox\OpenServer\domains\orion\func\error_func.php:29) Creation of dynamic property SqlSelect::$parent_field is deprecated
[2025-06-22 15:41:30] [NOTICE] (D:\Dropbox\OpenServer\domains\orion\func\error_func.php:29) Creation of dynamic property SqlSelect::$out_module_id is deprecated
[2025-06-22 15:41:30] [NOTICE] (D:\Dropbox\OpenServer\domains\orion\func\error_func.php:29) Creation of dynamic property SqlSelect::$out_module_result is deprecated
[2025-06-22 15:41:31] [NOTICE] (D:\Dropbox\OpenServer\domains\orion\func\error_func.php:29) Creation of dynamic property ListTable::$page_items is deprecated
[2025-06-22 15:41:35] [NOTICE] (D:\Dropbox\OpenServer\domains\orion\func\error_func.php:29) Creation of dynamic property auth_users::$timestamp is deprecated
[2025-06-22 15:41:35] [NOTICE] (D:\Dropbox\OpenServer\domains\orion\func\error_func.php:29) Creation of dynamic property auth_users::$ip is deprecated
[2025-06-22 15:41:35] [NOTICE] (D:\Dropbox\OpenServer\domains\orion\func\error_func.php:29) Creation of dynamic property auth_users::$ip_net is deprecated
[2025-06-22 15:41:35] [NOTICE] (D:\Dropbox\OpenServer\domains\orion\func\error_func.php:29) Creation of dynamic property auth_users::$browser is deprecated
[2025-06-22 15:41:35] [NOTICE] (D:\Dropbox\OpenServer\domains\orion\func\error_func.php:29) Creation of dynamic property ActionModule::$aEditField is deprecated
[2025-06-22 15:41:35] [NOTICE] (D:\Dropbox\OpenServer\domains\orion\func\error_func.php:29) Creation of dynamic property ActionModule::$id_aParent is deprecated
[2025-06-22 15:41:35] [NOTICE] (D:\Dropbox\OpenServer\domains\orion\func\error_func.php:29) Creation of dynamic property ActionModule::$name_aParent is deprecated
[2025-06-22 15:41:35] [NOTICE] (D:\Dropbox\OpenServer\domains\orion\func\error_func.php:29) Creation of dynamic property ListTable::$nameZ is deprecated
[2025-06-22 15:41:35] [NOTICE] (D:\Dropbox\OpenServer\domains\orion\func\error_func.php:29) Creation of dynamic property ListTable::$table_class is deprecated
[2025-06-22 15:41:35] [NOTICE] (D:\Dropbox\OpenServer\domains\orion\func\error_func.php:29) Creation of dynamic property ListTable::$theed_tr_class is deprecated
[2025-06-22 15:41:35] [NOTICE] (D:\Dropbox\OpenServer\domains\orion\func\error_func.php:29) Creation of dynamic property ListTable::$nameZList is deprecated
[2025-06-22 15:41:35] [NOTICE] (D:\Dropbox\OpenServer\domains\orion\func\error_func.php:29) Creation of dynamic property ListTable::$aFilters is deprecated
[2025-06-22 15:41:35] [NOTICE] (D:\Dropbox\OpenServer\domains\orion\func\error_func.php:29) Creation of dynamic property ListTable::$wintype is deprecated
[2025-06-22 15:41:35] [NOTICE] (D:\Dropbox\OpenServer\domains\orion\func\error_func.php:29) Creation of dynamic property ListTable::$field_result is deprecated
[2025-06-22 15:41:35] [NOTICE] (D:\Dropbox\OpenServer\domains\orion\func\error_func.php:29) Creation of dynamic property ListTable::$field_result_name is deprecated
[2025-06-22 15:41:35] [NOTICE] (D:\Dropbox\OpenServer\domains\orion\func\error_func.php:29) Creation of dynamic property ListTable::$id_aParent is deprecated
[2025-06-22 15:41:35] [NOTICE] (D:\Dropbox\OpenServer\domains\orion\func\error_func.php:29) Creation of dynamic property SqlSelect::$parent_field is deprecated
[2025-06-22 15:41:35] [NOTICE] (D:\Dropbox\OpenServer\domains\orion\func\error_func.php:29) Creation of dynamic property SqlSelect::$out_module_id is deprecated
[2025-06-22 15:41:35] [NOTICE] (D:\Dropbox\OpenServer\domains\orion\func\error_func.php:29) Creation of dynamic property SqlSelect::$out_module_result is deprecated
[2025-06-22 15:41:35] [NOTICE] (D:\Dropbox\OpenServer\domains\orion\func\error_func.php:29) Creation of dynamic property ListTable::$page_items is deprecated
[2025-06-22 15:41:41] [NOTICE] (D:\Dropbox\OpenServer\domains\orion\func\error_func.php:29) Creation of dynamic property auth_users::$timestamp is deprecated
[2025-06-22 15:41:41] [NOTICE] (D:\Dropbox\OpenServer\domains\orion\func\error_func.php:29) Creation of dynamic property auth_users::$ip is deprecated
[2025-06-22 15:41:41] [NOTICE] (D:\Dropbox\OpenServer\domains\orion\func\error_func.php:29) Creation of dynamic property auth_users::$ip_net is deprecated
[2025-06-22 15:41:41] [NOTICE] (D:\Dropbox\OpenServer\domains\orion\func\error_func.php:29) Creation of dynamic property auth_users::$browser is deprecated
[2025-06-22 15:41:41] [NOTICE] (D:\Dropbox\OpenServer\domains\orion\func\error_func.php:29) Creation of dynamic property ActionModule::$aEditField is deprecated
[2025-06-22 15:41:41] [NOTICE] (D:\Dropbox\OpenServer\domains\orion\func\error_func.php:29) Creation of dynamic property ShowAction::$aEditField is deprecated
[2025-06-22 15:41:43] [NOTICE] (D:\Dropbox\OpenServer\domains\orion\func\error_func.php:29) Creation of dynamic property auth_users::$timestamp is deprecated
[2025-06-22 15:41:43] [NOTICE] (D:\Dropbox\OpenServer\domains\orion\func\error_func.php:29) Creation of dynamic property auth_users::$ip is deprecated
[2025-06-22 15:41:43] [NOTICE] (D:\Dropbox\OpenServer\domains\orion\func\error_func.php:29) Creation of dynamic property auth_users::$ip_net is deprecated
[2025-06-22 15:41:43] [NOTICE] (D:\Dropbox\OpenServer\domains\orion\func\error_func.php:29) Creation of dynamic property auth_users::$browser is deprecated
[2025-06-22 15:41:43] [NOTICE] (D:\Dropbox\OpenServer\domains\orion\func\error_func.php:29) Creation of dynamic property ActionModule::$aEditField is deprecated
[2025-06-22 15:41:43] [NOTICE] (D:\Dropbox\OpenServer\domains\orion\func\error_func.php:29) Creation of dynamic property ShowAction::$aEditField is deprecated
[2025-06-22 15:48:59] [NOTICE] (D:\Dropbox\OpenServer\domains\orion\func\error_func.php:29) Creation of dynamic property auth_users::$timestamp is deprecated
[2025-06-22 15:48:59] [NOTICE] (D:\Dropbox\OpenServer\domains\orion\func\error_func.php:29) Creation of dynamic property auth_users::$ip is deprecated
[2025-06-22 15:48:59] [NOTICE] (D:\Dropbox\OpenServer\domains\orion\func\error_func.php:29) Creation of dynamic property auth_users::$ip_net is deprecated
[2025-06-22 15:48:59] [NOTICE] (D:\Dropbox\OpenServer\domains\orion\func\error_func.php:29) Creation of dynamic property auth_users::$browser is deprecated
[2025-06-22 15:48:59] [NOTICE] (D:\Dropbox\OpenServer\domains\orion\func\error_func.php:29) Creation of dynamic property auth_users::$timestamp is deprecated
[2025-06-22 15:48:59] [NOTICE] (D:\Dropbox\OpenServer\domains\orion\func\error_func.php:29) Creation of dynamic property auth_users::$ip is deprecated
[2025-06-22 15:48:59] [NOTICE] (D:\Dropbox\OpenServer\domains\orion\func\error_func.php:29) Creation of dynamic property auth_users::$ip_net is deprecated
[2025-06-22 15:48:59] [NOTICE] (D:\Dropbox\OpenServer\domains\orion\func\error_func.php:29) Creation of dynamic property auth_users::$browser is deprecated
[2025-06-22 15:48:59] [NOTICE] (D:\Dropbox\OpenServer\domains\orion\func\error_func.php:29) Creation of dynamic property ActionModule::$aEditField is deprecated
[2025-06-22 15:48:59] [NOTICE] (D:\Dropbox\OpenServer\domains\orion\func\error_func.php:29) Creation of dynamic property ShowAction::$aEditField is deprecated
[2025-06-22 15:49:14] [NOTICE] (D:\Dropbox\OpenServer\domains\orion\func\error_func.php:29) Creation of dynamic property auth_users::$timestamp is deprecated
[2025-06-22 15:49:14] [NOTICE] (D:\Dropbox\OpenServer\domains\orion\func\error_func.php:29) Creation of dynamic property auth_users::$ip is deprecated
[2025-06-22 15:49:14] [NOTICE] (D:\Dropbox\OpenServer\domains\orion\func\error_func.php:29) Creation of dynamic property auth_users::$ip_net is deprecated
[2025-06-22 15:49:14] [NOTICE] (D:\Dropbox\OpenServer\domains\orion\func\error_func.php:29) Creation of dynamic property auth_users::$browser is deprecated
[2025-06-22 15:49:14] [NOTICE] (D:\Dropbox\OpenServer\domains\orion\func\error_func.php:29) Creation of dynamic property auth_users::$timestamp is deprecated
[2025-06-22 15:49:14] [NOTICE] (D:\Dropbox\OpenServer\domains\orion\func\error_func.php:29) Creation of dynamic property auth_users::$ip is deprecated
[2025-06-22 15:49:14] [NOTICE] (D:\Dropbox\OpenServer\domains\orion\func\error_func.php:29) Creation of dynamic property auth_users::$ip_net is deprecated
[2025-06-22 15:49:14] [NOTICE] (D:\Dropbox\OpenServer\domains\orion\func\error_func.php:29) Creation of dynamic property auth_users::$browser is deprecated
[2025-06-22 15:49:14] [NOTICE] (D:\Dropbox\OpenServer\domains\orion\func\error_func.php:29) Creation of dynamic property ActionModule::$aEditField is deprecated
[2025-06-22 15:49:14] [NOTICE] (D:\Dropbox\OpenServer\domains\orion\func\error_func.php:29) Creation of dynamic property ShowAction::$aEditField is deprecated
[2025-06-22 15:49:27] [NOTICE] (D:\Dropbox\OpenServer\domains\orion\func\error_func.php:29) Creation of dynamic property auth_users::$timestamp is deprecated
[2025-06-22 15:49:27] [NOTICE] (D:\Dropbox\OpenServer\domains\orion\func\error_func.php:29) Creation of dynamic property auth_users::$ip is deprecated
[2025-06-22 15:49:27] [NOTICE] (D:\Dropbox\OpenServer\domains\orion\func\error_func.php:29) Creation of dynamic property auth_users::$ip_net is deprecated
[2025-06-22 15:49:27] [NOTICE] (D:\Dropbox\OpenServer\domains\orion\func\error_func.php:29) Creation of dynamic property auth_users::$browser is deprecated
[2025-06-22 15:49:27] [NOTICE] (D:\Dropbox\OpenServer\domains\orion\func\error_func.php:29) Creation of dynamic property ActionModule::$aEditField is deprecated
[2025-06-22 15:49:27] [NOTICE] (D:\Dropbox\OpenServer\domains\orion\func\error_func.php:29) Creation of dynamic property ShowAction::$aEditField is deprecated
[2025-06-22 15:49:28] [NOTICE] (D:\Dropbox\OpenServer\domains\orion\func\error_func.php:29) Creation of dynamic property auth_users::$timestamp is deprecated
[2025-06-22 15:49:28] [NOTICE] (D:\Dropbox\OpenServer\domains\orion\func\error_func.php:29) Creation of dynamic property auth_users::$ip is deprecated
[2025-06-22 15:49:28] [NOTICE] (D:\Dropbox\OpenServer\domains\orion\func\error_func.php:29) Creation of dynamic property auth_users::$ip_net is deprecated
[2025-06-22 15:49:28] [NOTICE] (D:\Dropbox\OpenServer\domains\orion\func\error_func.php:29) Creation of dynamic property auth_users::$browser is deprecated
[2025-06-22 15:49:28] [NOTICE] (D:\Dropbox\OpenServer\domains\orion\func\error_func.php:29) Creation of dynamic property ActionModule::$aEditField is deprecated
[2025-06-22 15:49:28] [NOTICE] (D:\Dropbox\OpenServer\domains\orion\func\error_func.php:29) Creation of dynamic property ShowAction::$aEditField is deprecated
[2025-06-22 15:49:50] [NOTICE] (D:\Dropbox\OpenServer\domains\orion\func\error_func.php:29) Creation of dynamic property auth_users::$timestamp is deprecated
[2025-06-22 15:49:50] [NOTICE] (D:\Dropbox\OpenServer\domains\orion\func\error_func.php:29) Creation of dynamic property auth_users::$ip is deprecated
[2025-06-22 15:49:50] [NOTICE] (D:\Dropbox\OpenServer\domains\orion\func\error_func.php:29) Creation of dynamic property auth_users::$ip_net is deprecated
[2025-06-22 15:49:50] [NOTICE] (D:\Dropbox\OpenServer\domains\orion\func\error_func.php:29) Creation of dynamic property auth_users::$browser is deprecated
[2025-06-22 15:49:50] [NOTICE] (D:\Dropbox\OpenServer\domains\orion\func\error_func.php:29) Creation of dynamic property auth_users::$timestamp is deprecated
[2025-06-22 15:49:50] [NOTICE] (D:\Dropbox\OpenServer\domains\orion\func\error_func.php:29) Creation of dynamic property auth_users::$ip is deprecated
[2025-06-22 15:49:50] [NOTICE] (D:\Dropbox\OpenServer\domains\orion\func\error_func.php:29) Creation of dynamic property auth_users::$ip_net is deprecated
[2025-06-22 15:49:50] [NOTICE] (D:\Dropbox\OpenServer\domains\orion\func\error_func.php:29) Creation of dynamic property auth_users::$browser is deprecated
[2025-06-22 15:49:50] [NOTICE] (D:\Dropbox\OpenServer\domains\orion\func\error_func.php:29) Creation of dynamic property ActionModule::$aEditField is deprecated
[2025-06-22 15:49:50] [NOTICE] (D:\Dropbox\OpenServer\domains\orion\func\error_func.php:29) Creation of dynamic property ShowAction::$aEditField is deprecated
[2025-06-22 15:49:56] [NOTICE] (D:\Dropbox\OpenServer\domains\orion\func\error_func.php:29) Creation of dynamic property auth_users::$timestamp is deprecated
[2025-06-22 15:49:56] [NOTICE] (D:\Dropbox\OpenServer\domains\orion\func\error_func.php:29) Creation of dynamic property auth_users::$ip is deprecated
[2025-06-22 15:49:56] [NOTICE] (D:\Dropbox\OpenServer\domains\orion\func\error_func.php:29) Creation of dynamic property auth_users::$ip_net is deprecated
[2025-06-22 15:49:56] [NOTICE] (D:\Dropbox\OpenServer\domains\orion\func\error_func.php:29) Creation of dynamic property auth_users::$browser is deprecated
[2025-06-22 15:49:56] [NOTICE] (D:\Dropbox\OpenServer\domains\orion\func\error_func.php:29) Creation of dynamic property auth_users::$timestamp is deprecated
[2025-06-22 15:49:56] [NOTICE] (D:\Dropbox\OpenServer\domains\orion\func\error_func.php:29) Creation of dynamic property auth_users::$ip is deprecated
[2025-06-22 15:49:56] [NOTICE] (D:\Dropbox\OpenServer\domains\orion\func\error_func.php:29) Creation of dynamic property auth_users::$ip_net is deprecated
[2025-06-22 15:49:56] [NOTICE] (D:\Dropbox\OpenServer\domains\orion\func\error_func.php:29) Creation of dynamic property auth_users::$browser is deprecated
[2025-06-22 15:49:56] [NOTICE] (D:\Dropbox\OpenServer\domains\orion\func\error_func.php:29) Creation of dynamic property ActionModule::$aEditField is deprecated
[2025-06-22 15:49:56] [NOTICE] (D:\Dropbox\OpenServer\domains\orion\func\error_func.php:29) Creation of dynamic property ShowAction::$aEditField is deprecated
[2025-06-22 15:50:06] [NOTICE] (D:\Dropbox\OpenServer\domains\orion\func\error_func.php:29) Creation of dynamic property auth_users::$timestamp is deprecated
[2025-06-22 15:50:06] [NOTICE] (D:\Dropbox\OpenServer\domains\orion\func\error_func.php:29) Creation of dynamic property auth_users::$ip is deprecated
[2025-06-22 15:50:06] [NOTICE] (D:\Dropbox\OpenServer\domains\orion\func\error_func.php:29) Creation of dynamic property auth_users::$ip_net is deprecated
[2025-06-22 15:50:06] [NOTICE] (D:\Dropbox\OpenServer\domains\orion\func\error_func.php:29) Creation of dynamic property auth_users::$browser is deprecated
[2025-06-22 15:50:07] [NOTICE] (D:\Dropbox\OpenServer\domains\orion\func\error_func.php:29) Creation of dynamic property auth_users::$timestamp is deprecated
[2025-06-22 15:50:07] [NOTICE] (D:\Dropbox\OpenServer\domains\orion\func\error_func.php:29) Creation of dynamic property auth_users::$ip is deprecated
[2025-06-22 15:50:07] [NOTICE] (D:\Dropbox\OpenServer\domains\orion\func\error_func.php:29) Creation of dynamic property auth_users::$ip_net is deprecated
[2025-06-22 15:50:07] [NOTICE] (D:\Dropbox\OpenServer\domains\orion\func\error_func.php:29) Creation of dynamic property auth_users::$browser is deprecated
[2025-06-22 15:50:07] [NOTICE] (D:\Dropbox\OpenServer\domains\orion\func\error_func.php:29) Creation of dynamic property ActionModule::$aEditField is deprecated
[2025-06-22 15:50:07] [NOTICE] (D:\Dropbox\OpenServer\domains\orion\func\error_func.php:29) Creation of dynamic property ShowAction::$aEditField is deprecated
[2025-06-22 15:50:38] [NOTICE] (D:\Dropbox\OpenServer\domains\orion\func\error_func.php:29) Creation of dynamic property auth_users::$timestamp is deprecated
[2025-06-22 15:50:38] [NOTICE] (D:\Dropbox\OpenServer\domains\orion\func\error_func.php:29) Creation of dynamic property auth_users::$ip is deprecated
[2025-06-22 15:50:38] [NOTICE] (D:\Dropbox\OpenServer\domains\orion\func\error_func.php:29) Creation of dynamic property auth_users::$ip_net is deprecated
[2025-06-22 15:50:38] [NOTICE] (D:\Dropbox\OpenServer\domains\orion\func\error_func.php:29) Creation of dynamic property auth_users::$browser is deprecated
[2025-06-22 15:50:38] [NOTICE] (D:\Dropbox\OpenServer\domains\orion\func\error_func.php:29) Creation of dynamic property auth_users::$timestamp is deprecated
[2025-06-22 15:50:38] [NOTICE] (D:\Dropbox\OpenServer\domains\orion\func\error_func.php:29) Creation of dynamic property auth_users::$ip is deprecated
[2025-06-22 15:50:38] [NOTICE] (D:\Dropbox\OpenServer\domains\orion\func\error_func.php:29) Creation of dynamic property auth_users::$ip_net is deprecated
[2025-06-22 15:50:38] [NOTICE] (D:\Dropbox\OpenServer\domains\orion\func\error_func.php:29) Creation of dynamic property auth_users::$browser is deprecated
[2025-06-22 15:50:38] [NOTICE] (D:\Dropbox\OpenServer\domains\orion\func\error_func.php:29) Creation of dynamic property ActionModule::$aEditField is deprecated
[2025-06-22 15:50:38] [NOTICE] (D:\Dropbox\OpenServer\domains\orion\func\error_func.php:29) Creation of dynamic property ShowAction::$aEditField is deprecated
[2025-06-22 15:51:09] [NOTICE] (D:\Dropbox\OpenServer\domains\orion\func\error_func.php:29) Creation of dynamic property auth_users::$timestamp is deprecated
[2025-06-22 15:51:09] [NOTICE] (D:\Dropbox\OpenServer\domains\orion\func\error_func.php:29) Creation of dynamic property auth_users::$ip is deprecated
[2025-06-22 15:51:09] [NOTICE] (D:\Dropbox\OpenServer\domains\orion\func\error_func.php:29) Creation of dynamic property auth_users::$ip_net is deprecated
[2025-06-22 15:51:09] [NOTICE] (D:\Dropbox\OpenServer\domains\orion\func\error_func.php:29) Creation of dynamic property auth_users::$browser is deprecated
[2025-06-22 15:51:09] [NOTICE] (D:\Dropbox\OpenServer\domains\orion\func\error_func.php:29) Creation of dynamic property ActionModule::$aEditField is deprecated
[2025-06-22 15:51:09] [NOTICE] (D:\Dropbox\OpenServer\domains\orion\func\error_func.php:29) Creation of dynamic property ShowAction::$aEditField is deprecated
[2025-06-22 15:52:56] [NOTICE] (D:\Dropbox\OpenServer\domains\orion\func\error_func.php:29) Creation of dynamic property auth_users::$timestamp is deprecated
[2025-06-22 15:52:56] [NOTICE] (D:\Dropbox\OpenServer\domains\orion\func\error_func.php:29) Creation of dynamic property auth_users::$ip is deprecated
[2025-06-22 15:52:56] [NOTICE] (D:\Dropbox\OpenServer\domains\orion\func\error_func.php:29) Creation of dynamic property auth_users::$ip_net is deprecated
[2025-06-22 15:52:56] [NOTICE] (D:\Dropbox\OpenServer\domains\orion\func\error_func.php:29) Creation of dynamic property auth_users::$browser is deprecated
[2025-06-22 15:52:56] [NOTICE] (D:\Dropbox\OpenServer\domains\orion\func\error_func.php:29) Creation of dynamic property auth_users::$timestamp is deprecated
[2025-06-22 15:52:56] [NOTICE] (D:\Dropbox\OpenServer\domains\orion\func\error_func.php:29) Creation of dynamic property auth_users::$ip is deprecated
[2025-06-22 15:52:56] [NOTICE] (D:\Dropbox\OpenServer\domains\orion\func\error_func.php:29) Creation of dynamic property auth_users::$ip_net is deprecated
[2025-06-22 15:52:56] [NOTICE] (D:\Dropbox\OpenServer\domains\orion\func\error_func.php:29) Creation of dynamic property auth_users::$browser is deprecated
[2025-06-22 15:52:56] [NOTICE] (D:\Dropbox\OpenServer\domains\orion\func\error_func.php:29) Creation of dynamic property ActionModule::$aEditField is deprecated
[2025-06-22 15:52:56] [NOTICE] (D:\Dropbox\OpenServer\domains\orion\func\error_func.php:29) Creation of dynamic property ShowAction::$aEditField is deprecated
[2025-06-22 15:52:59] [NOTICE] (D:\Dropbox\OpenServer\domains\orion\func\error_func.php:29) Creation of dynamic property auth_users::$timestamp is deprecated
[2025-06-22 15:52:59] [NOTICE] (D:\Dropbox\OpenServer\domains\orion\func\error_func.php:29) Creation of dynamic property auth_users::$ip is deprecated
[2025-06-22 15:52:59] [NOTICE] (D:\Dropbox\OpenServer\domains\orion\func\error_func.php:29) Creation of dynamic property auth_users::$ip_net is deprecated
[2025-06-22 15:52:59] [NOTICE] (D:\Dropbox\OpenServer\domains\orion\func\error_func.php:29) Creation of dynamic property auth_users::$browser is deprecated
[2025-06-22 15:52:59] [NOTICE] (D:\Dropbox\OpenServer\domains\orion\func\error_func.php:29) Creation of dynamic property ActionModule::$aEditField is deprecated
[2025-06-22 15:52:59] [NOTICE] (D:\Dropbox\OpenServer\domains\orion\func\error_func.php:29) Creation of dynamic property ShowAction::$aEditField is deprecated
[2025-06-22 15:53:05] [NOTICE] (D:\Dropbox\OpenServer\domains\orion\func\error_func.php:29) Creation of dynamic property auth_users::$timestamp is deprecated
[2025-06-22 15:53:05] [NOTICE] (D:\Dropbox\OpenServer\domains\orion\func\error_func.php:29) Creation of dynamic property auth_users::$ip is deprecated
[2025-06-22 15:53:05] [NOTICE] (D:\Dropbox\OpenServer\domains\orion\func\error_func.php:29) Creation of dynamic property auth_users::$ip_net is deprecated
[2025-06-22 15:53:05] [NOTICE] (D:\Dropbox\OpenServer\domains\orion\func\error_func.php:29) Creation of dynamic property auth_users::$browser is deprecated
[2025-06-22 15:53:06] [NOTICE] (D:\Dropbox\OpenServer\domains\orion\func\error_func.php:29) Creation of dynamic property auth_users::$timestamp is deprecated
[2025-06-22 15:53:06] [NOTICE] (D:\Dropbox\OpenServer\domains\orion\func\error_func.php:29) Creation of dynamic property auth_users::$ip is deprecated
[2025-06-22 15:53:06] [NOTICE] (D:\Dropbox\OpenServer\domains\orion\func\error_func.php:29) Creation of dynamic property auth_users::$ip_net is deprecated
[2025-06-22 15:53:06] [NOTICE] (D:\Dropbox\OpenServer\domains\orion\func\error_func.php:29) Creation of dynamic property auth_users::$browser is deprecated
[2025-06-22 15:53:06] [NOTICE] (D:\Dropbox\OpenServer\domains\orion\func\error_func.php:29) Creation of dynamic property ActionModule::$aEditField is deprecated
[2025-06-22 15:53:06] [NOTICE] (D:\Dropbox\OpenServer\domains\orion\func\error_func.php:29) Creation of dynamic property ShowAction::$aEditField is deprecated
[2025-06-22 15:53:14] [NOTICE] (D:\Dropbox\OpenServer\domains\orion\func\error_func.php:29) Creation of dynamic property auth_users::$timestamp is deprecated
[2025-06-22 15:53:14] [NOTICE] (D:\Dropbox\OpenServer\domains\orion\func\error_func.php:29) Creation of dynamic property auth_users::$ip is deprecated
[2025-06-22 15:53:14] [NOTICE] (D:\Dropbox\OpenServer\domains\orion\func\error_func.php:29) Creation of dynamic property auth_users::$ip_net is deprecated
[2025-06-22 15:53:14] [NOTICE] (D:\Dropbox\OpenServer\domains\orion\func\error_func.php:29) Creation of dynamic property auth_users::$browser is deprecated
[2025-06-22 15:53:14] [NOTICE] (D:\Dropbox\OpenServer\domains\orion\func\error_func.php:29) Creation of dynamic property ActionModule::$aEditField is deprecated
[2025-06-22 15:53:14] [NOTICE] (D:\Dropbox\OpenServer\domains\orion\func\error_func.php:29) Creation of dynamic property ShowAction::$aEditField is deprecated
[2025-06-22 15:53:48] [NOTICE] (D:\Dropbox\OpenServer\domains\orion\func\error_func.php:29) Creation of dynamic property auth_users::$timestamp is deprecated
[2025-06-22 15:53:48] [NOTICE] (D:\Dropbox\OpenServer\domains\orion\func\error_func.php:29) Creation of dynamic property auth_users::$ip is deprecated
[2025-06-22 15:53:48] [NOTICE] (D:\Dropbox\OpenServer\domains\orion\func\error_func.php:29) Creation of dynamic property auth_users::$ip_net is deprecated
[2025-06-22 15:53:48] [NOTICE] (D:\Dropbox\OpenServer\domains\orion\func\error_func.php:29) Creation of dynamic property auth_users::$browser is deprecated
[2025-06-22 15:53:48] [NOTICE] (D:\Dropbox\OpenServer\domains\orion\func\error_func.php:29) Creation of dynamic property auth_users::$timestamp is deprecated
[2025-06-22 15:53:48] [NOTICE] (D:\Dropbox\OpenServer\domains\orion\func\error_func.php:29) Creation of dynamic property auth_users::$ip is deprecated
[2025-06-22 15:53:48] [NOTICE] (D:\Dropbox\OpenServer\domains\orion\func\error_func.php:29) Creation of dynamic property auth_users::$ip_net is deprecated
[2025-06-22 15:53:48] [NOTICE] (D:\Dropbox\OpenServer\domains\orion\func\error_func.php:29) Creation of dynamic property auth_users::$browser is deprecated
[2025-06-22 15:53:48] [NOTICE] (D:\Dropbox\OpenServer\domains\orion\func\error_func.php:29) Creation of dynamic property ActionModule::$aEditField is deprecated
[2025-06-22 15:53:48] [NOTICE] (D:\Dropbox\OpenServer\domains\orion\func\error_func.php:29) Creation of dynamic property ShowAction::$aEditField is deprecated
[2025-06-22 15:53:52] [NOTICE] (D:\Dropbox\OpenServer\domains\orion\func\error_func.php:29) Creation of dynamic property auth_users::$timestamp is deprecated
[2025-06-22 15:53:52] [NOTICE] (D:\Dropbox\OpenServer\domains\orion\func\error_func.php:29) Creation of dynamic property auth_users::$ip is deprecated
[2025-06-22 15:53:52] [NOTICE] (D:\Dropbox\OpenServer\domains\orion\func\error_func.php:29) Creation of dynamic property auth_users::$ip_net is deprecated
[2025-06-22 15:53:52] [NOTICE] (D:\Dropbox\OpenServer\domains\orion\func\error_func.php:29) Creation of dynamic property auth_users::$browser is deprecated
[2025-06-22 15:53:52] [NOTICE] (D:\Dropbox\OpenServer\domains\orion\func\error_func.php:29) Creation of dynamic property ActionModule::$aEditField is deprecated
[2025-06-22 15:53:52] [NOTICE] (D:\Dropbox\OpenServer\domains\orion\func\error_func.php:29) Creation of dynamic property ShowAction::$aEditField is deprecated
[2025-06-22 15:54:04] [NOTICE] (D:\Dropbox\OpenServer\domains\orion\func\error_func.php:29) Creation of dynamic property auth_users::$timestamp is deprecated
[2025-06-22 15:54:04] [NOTICE] (D:\Dropbox\OpenServer\domains\orion\func\error_func.php:29) Creation of dynamic property auth_users::$ip is deprecated
[2025-06-22 15:54:04] [NOTICE] (D:\Dropbox\OpenServer\domains\orion\func\error_func.php:29) Creation of dynamic property auth_users::$ip_net is deprecated
[2025-06-22 15:54:04] [NOTICE] (D:\Dropbox\OpenServer\domains\orion\func\error_func.php:29) Creation of dynamic property auth_users::$browser is deprecated
[2025-06-22 15:54:04] [NOTICE] (D:\Dropbox\OpenServer\domains\orion\func\error_func.php:29) Creation of dynamic property auth_users::$timestamp is deprecated
[2025-06-22 15:54:04] [NOTICE] (D:\Dropbox\OpenServer\domains\orion\func\error_func.php:29) Creation of dynamic property auth_users::$ip is deprecated
[2025-06-22 15:54:04] [NOTICE] (D:\Dropbox\OpenServer\domains\orion\func\error_func.php:29) Creation of dynamic property auth_users::$ip_net is deprecated
[2025-06-22 15:54:04] [NOTICE] (D:\Dropbox\OpenServer\domains\orion\func\error_func.php:29) Creation of dynamic property auth_users::$browser is deprecated
[2025-06-22 15:54:04] [NOTICE] (D:\Dropbox\OpenServer\domains\orion\func\error_func.php:29) Creation of dynamic property ActionModule::$aEditField is deprecated
[2025-06-22 15:54:04] [NOTICE] (D:\Dropbox\OpenServer\domains\orion\func\error_func.php:29) Creation of dynamic property ShowAction::$aEditField is deprecated
[2025-06-22 15:54:08] [NOTICE] (D:\Dropbox\OpenServer\domains\orion\func\error_func.php:29) Creation of dynamic property auth_users::$timestamp is deprecated
[2025-06-22 15:54:08] [NOTICE] (D:\Dropbox\OpenServer\domains\orion\func\error_func.php:29) Creation of dynamic property auth_users::$ip is deprecated
[2025-06-22 15:54:08] [NOTICE] (D:\Dropbox\OpenServer\domains\orion\func\error_func.php:29) Creation of dynamic property auth_users::$ip_net is deprecated
[2025-06-22 15:54:08] [NOTICE] (D:\Dropbox\OpenServer\domains\orion\func\error_func.php:29) Creation of dynamic property auth_users::$browser is deprecated
[2025-06-22 15:54:08] [NOTICE] (D:\Dropbox\OpenServer\domains\orion\func\error_func.php:29) Creation of dynamic property ActionModule::$aEditField is deprecated
[2025-06-22 15:54:08] [NOTICE] (D:\Dropbox\OpenServer\domains\orion\func\error_func.php:29) Creation of dynamic property ActionModule::$id_aParent is deprecated
[2025-06-22 15:54:08] [NOTICE] (D:\Dropbox\OpenServer\domains\orion\func\error_func.php:29) Creation of dynamic property ActionModule::$name_aParent is deprecated
[2025-06-22 15:54:08] [NOTICE] (D:\Dropbox\OpenServer\domains\orion\func\error_func.php:29) Creation of dynamic property ListTable::$nameZ is deprecated
[2025-06-22 15:54:08] [NOTICE] (D:\Dropbox\OpenServer\domains\orion\func\error_func.php:29) Creation of dynamic property ListTable::$table_class is deprecated
[2025-06-22 15:54:08] [NOTICE] (D:\Dropbox\OpenServer\domains\orion\func\error_func.php:29) Creation of dynamic property ListTable::$theed_tr_class is deprecated
[2025-06-22 15:54:08] [NOTICE] (D:\Dropbox\OpenServer\domains\orion\func\error_func.php:29) Creation of dynamic property ListTable::$nameZList is deprecated
[2025-06-22 15:54:08] [NOTICE] (D:\Dropbox\OpenServer\domains\orion\func\error_func.php:29) Creation of dynamic property ListTable::$aFilters is deprecated
[2025-06-22 15:54:08] [NOTICE] (D:\Dropbox\OpenServer\domains\orion\func\error_func.php:29) Creation of dynamic property ListTable::$wintype is deprecated
[2025-06-22 15:54:08] [NOTICE] (D:\Dropbox\OpenServer\domains\orion\func\error_func.php:29) Creation of dynamic property ListTable::$field_result is deprecated
[2025-06-22 15:54:08] [NOTICE] (D:\Dropbox\OpenServer\domains\orion\func\error_func.php:29) Creation of dynamic property ListTable::$field_result_name is deprecated
[2025-06-22 15:54:08] [NOTICE] (D:\Dropbox\OpenServer\domains\orion\func\error_func.php:29) Creation of dynamic property ListTable::$id_aParent is deprecated
[2025-06-22 15:54:08] [NOTICE] (D:\Dropbox\OpenServer\domains\orion\func\error_func.php:29) Creation of dynamic property SqlSelect::$parent_field is deprecated
[2025-06-22 15:54:08] [NOTICE] (D:\Dropbox\OpenServer\domains\orion\func\error_func.php:29) Creation of dynamic property SqlSelect::$out_module_id is deprecated
[2025-06-22 15:54:08] [NOTICE] (D:\Dropbox\OpenServer\domains\orion\func\error_func.php:29) Creation of dynamic property SqlSelect::$out_module_result is deprecated
[2025-06-22 15:54:08] [NOTICE] (D:\Dropbox\OpenServer\domains\orion\func\error_func.php:29) Creation of dynamic property ListTable::$page_items is deprecated
[2025-06-22 15:54:09] [NOTICE] (D:\Dropbox\OpenServer\domains\orion\func\error_func.php:29) Creation of dynamic property auth_users::$timestamp is deprecated
[2025-06-22 15:54:09] [NOTICE] (D:\Dropbox\OpenServer\domains\orion\func\error_func.php:29) Creation of dynamic property auth_users::$ip is deprecated
[2025-06-22 15:54:09] [NOTICE] (D:\Dropbox\OpenServer\domains\orion\func\error_func.php:29) Creation of dynamic property auth_users::$ip_net is deprecated
[2025-06-22 15:54:09] [NOTICE] (D:\Dropbox\OpenServer\domains\orion\func\error_func.php:29) Creation of dynamic property auth_users::$browser is deprecated
[2025-06-22 15:54:09] [NOTICE] (D:\Dropbox\OpenServer\domains\orion\func\error_func.php:29) Creation of dynamic property ActionModule::$aEditField is deprecated
[2025-06-22 15:54:09] [NOTICE] (D:\Dropbox\OpenServer\domains\orion\func\error_func.php:29) Creation of dynamic property ActionModule::$id_aParent is deprecated
[2025-06-22 15:54:09] [NOTICE] (D:\Dropbox\OpenServer\domains\orion\func\error_func.php:29) Creation of dynamic property ActionModule::$name_aParent is deprecated
[2025-06-22 15:54:09] [NOTICE] (D:\Dropbox\OpenServer\domains\orion\func\error_func.php:29) Creation of dynamic property FormEdit::$aEditField is deprecated
[2025-06-22 15:54:09] [NOTICE] (D:\Dropbox\OpenServer\domains\orion\func\error_func.php:29) Creation of dynamic property FormEdit::$nameZ is deprecated
[2025-06-22 15:54:09] [NOTICE] (D:\Dropbox\OpenServer\domains\orion\func\error_func.php:29) Creation of dynamic property FormEdit::$nameZEdit is deprecated
[2025-06-22 15:54:09] [NOTICE] (D:\Dropbox\OpenServer\domains\orion\func\error_func.php:29) Creation of dynamic property FormEdit::$aTabs is deprecated
[2025-06-22 15:54:09] [NOTICE] (D:\Dropbox\OpenServer\domains\orion\func\error_func.php:29) Creation of dynamic property FormEdit::$id_aParent is deprecated
[2025-06-22 15:54:09] [NOTICE] (D:\Dropbox\OpenServer\domains\orion\func\error_func.php:29) Creation of dynamic property FormEdit::$name_aParent is deprecated
[2025-06-22 15:54:09] [NOTICE] (D:\Dropbox\OpenServer\domains\orion\func\error_func.php:29) Creation of dynamic property FormEdit::$submenu is deprecated
[2025-06-22 15:54:11] [NOTICE] (D:\Dropbox\OpenServer\domains\orion\func\error_func.php:29) Creation of dynamic property auth_users::$timestamp is deprecated
[2025-06-22 15:54:11] [NOTICE] (D:\Dropbox\OpenServer\domains\orion\func\error_func.php:29) Creation of dynamic property auth_users::$ip is deprecated
[2025-06-22 15:54:11] [NOTICE] (D:\Dropbox\OpenServer\domains\orion\func\error_func.php:29) Creation of dynamic property auth_users::$ip_net is deprecated
[2025-06-22 15:54:11] [NOTICE] (D:\Dropbox\OpenServer\domains\orion\func\error_func.php:29) Creation of dynamic property auth_users::$browser is deprecated
[2025-06-22 15:54:11] [NOTICE] (D:\Dropbox\OpenServer\domains\orion\func\error_func.php:29) Creation of dynamic property ActionModule::$aEditField is deprecated
[2025-06-22 15:54:11] [NOTICE] (D:\Dropbox\OpenServer\domains\orion\func\error_func.php:29) Creation of dynamic property auth_users::$timestamp is deprecated
[2025-06-22 15:54:11] [NOTICE] (D:\Dropbox\OpenServer\domains\orion\func\error_func.php:29) Creation of dynamic property auth_users::$ip is deprecated
[2025-06-22 15:54:11] [NOTICE] (D:\Dropbox\OpenServer\domains\orion\func\error_func.php:29) Creation of dynamic property auth_users::$ip_net is deprecated
[2025-06-22 15:54:11] [NOTICE] (D:\Dropbox\OpenServer\domains\orion\func\error_func.php:29) Creation of dynamic property auth_users::$browser is deprecated
[2025-06-22 15:54:11] [NOTICE] (D:\Dropbox\OpenServer\domains\orion\func\error_func.php:29) Creation of dynamic property ActionModule::$aEditField is deprecated
[2025-06-22 15:54:13] [NOTICE] (D:\Dropbox\OpenServer\domains\orion\func\error_func.php:29) Creation of dynamic property auth_users::$timestamp is deprecated
[2025-06-22 15:54:13] [NOTICE] (D:\Dropbox\OpenServer\domains\orion\func\error_func.php:29) Creation of dynamic property auth_users::$ip is deprecated
[2025-06-22 15:54:13] [NOTICE] (D:\Dropbox\OpenServer\domains\orion\func\error_func.php:29) Creation of dynamic property auth_users::$ip_net is deprecated
[2025-06-22 15:54:13] [NOTICE] (D:\Dropbox\OpenServer\domains\orion\func\error_func.php:29) Creation of dynamic property auth_users::$browser is deprecated
[2025-06-22 15:54:13] [NOTICE] (D:\Dropbox\OpenServer\domains\orion\func\error_func.php:29) Creation of dynamic property ActionModule::$aEditField is deprecated
[2025-06-22 15:54:13] [NOTICE] (D:\Dropbox\OpenServer\domains\orion\func\error_func.php:29) Creation of dynamic property ActionModule::$id_aParent is deprecated
[2025-06-22 15:54:13] [NOTICE] (D:\Dropbox\OpenServer\domains\orion\func\error_func.php:29) Creation of dynamic property ActionModule::$name_aParent is deprecated
[2025-06-22 15:54:13] [NOTICE] (D:\Dropbox\OpenServer\domains\orion\func\error_func.php:29) Creation of dynamic property FormSave::$aEditField is deprecated
[2025-06-22 15:54:13] [NOTICE] (D:\Dropbox\OpenServer\domains\orion\func\error_func.php:29) Creation of dynamic property FormSave::$id_aParent is deprecated
[2025-06-22 15:54:13] [NOTICE] (D:\Dropbox\OpenServer\domains\orion\func\error_func.php:29) Creation of dynamic property FormSave::$name_aParent is deprecated
[2025-06-22 15:54:13] [NOTICE] (D:\Dropbox\OpenServer\domains\orion\func\error_func.php:29) Creation of dynamic property ListTable::$nameZ is deprecated
[2025-06-22 15:54:13] [NOTICE] (D:\Dropbox\OpenServer\domains\orion\func\error_func.php:29) Creation of dynamic property ListTable::$table_class is deprecated
[2025-06-22 15:54:13] [NOTICE] (D:\Dropbox\OpenServer\domains\orion\func\error_func.php:29) Creation of dynamic property ListTable::$theed_tr_class is deprecated
[2025-06-22 15:54:13] [NOTICE] (D:\Dropbox\OpenServer\domains\orion\func\error_func.php:29) Creation of dynamic property ListTable::$nameZList is deprecated
[2025-06-22 15:54:13] [NOTICE] (D:\Dropbox\OpenServer\domains\orion\func\error_func.php:29) Creation of dynamic property ListTable::$aFilters is deprecated
[2025-06-22 15:54:13] [NOTICE] (D:\Dropbox\OpenServer\domains\orion\func\error_func.php:29) Creation of dynamic property ListTable::$wintype is deprecated
[2025-06-22 15:54:13] [NOTICE] (D:\Dropbox\OpenServer\domains\orion\func\error_func.php:29) Creation of dynamic property ListTable::$field_result is deprecated
[2025-06-22 15:54:13] [NOTICE] (D:\Dropbox\OpenServer\domains\orion\func\error_func.php:29) Creation of dynamic property ListTable::$field_result_name is deprecated
[2025-06-22 15:54:13] [NOTICE] (D:\Dropbox\OpenServer\domains\orion\func\error_func.php:29) Creation of dynamic property ListTable::$id_aParent is deprecated
[2025-06-22 15:54:13] [NOTICE] (D:\Dropbox\OpenServer\domains\orion\func\error_func.php:29) Creation of dynamic property SqlSelect::$parent_field is deprecated
[2025-06-22 15:54:13] [NOTICE] (D:\Dropbox\OpenServer\domains\orion\func\error_func.php:29) Creation of dynamic property SqlSelect::$out_module_id is deprecated
[2025-06-22 15:54:13] [NOTICE] (D:\Dropbox\OpenServer\domains\orion\func\error_func.php:29) Creation of dynamic property SqlSelect::$out_module_result is deprecated
[2025-06-22 15:54:13] [NOTICE] (D:\Dropbox\OpenServer\domains\orion\func\error_func.php:29) Creation of dynamic property ListTable::$page_items is deprecated
[2025-06-22 15:54:19] [NOTICE] (D:\Dropbox\OpenServer\domains\orion\func\error_func.php:29) Creation of dynamic property ListTable::$nameZ is deprecated
[2025-06-22 15:54:19] [NOTICE] (D:\Dropbox\OpenServer\domains\orion\func\error_func.php:29) Creation of dynamic property ListTable::$table_class is deprecated
[2025-06-22 15:54:19] [NOTICE] (D:\Dropbox\OpenServer\domains\orion\func\error_func.php:29) Creation of dynamic property ListTable::$theed_tr_class is deprecated
[2025-06-22 15:54:19] [NOTICE] (D:\Dropbox\OpenServer\domains\orion\func\error_func.php:29) Creation of dynamic property ListTable::$nameZList is deprecated
[2025-06-22 15:54:19] [NOTICE] (D:\Dropbox\OpenServer\domains\orion\func\error_func.php:29) Creation of dynamic property ListTable::$aFilters is deprecated
[2025-06-22 15:54:19] [NOTICE] (D:\Dropbox\OpenServer\domains\orion\func\error_func.php:29) Creation of dynamic property ListTable::$wintype is deprecated
[2025-06-22 15:54:19] [NOTICE] (D:\Dropbox\OpenServer\domains\orion\func\error_func.php:29) Creation of dynamic property ListTable::$field_result is deprecated
[2025-06-22 15:54:19] [NOTICE] (D:\Dropbox\OpenServer\domains\orion\func\error_func.php:29) Creation of dynamic property ListTable::$field_result_name is deprecated
[2025-06-22 15:54:19] [NOTICE] (D:\Dropbox\OpenServer\domains\orion\func\error_func.php:29) Creation of dynamic property ListTable::$id_aParent is deprecated
[2025-06-22 15:54:19] [NOTICE] (D:\Dropbox\OpenServer\domains\orion\func\error_func.php:29) Creation of dynamic property SqlSelect::$parent_field is deprecated
[2025-06-22 15:54:19] [NOTICE] (D:\Dropbox\OpenServer\domains\orion\func\error_func.php:29) Creation of dynamic property SqlSelect::$out_module_id is deprecated
[2025-06-22 15:54:19] [NOTICE] (D:\Dropbox\OpenServer\domains\orion\func\error_func.php:29) Creation of dynamic property SqlSelect::$out_module_result is deprecated
[2025-06-22 15:54:19] [NOTICE] (D:\Dropbox\OpenServer\domains\orion\func\error_func.php:29) Creation of dynamic property ListTable::$page_items is deprecated
[2025-06-22 15:54:23] [NOTICE] (D:\Dropbox\OpenServer\domains\orion\func\error_func.php:29) Creation of dynamic property auth_users::$timestamp is deprecated
[2025-06-22 15:54:23] [NOTICE] (D:\Dropbox\OpenServer\domains\orion\func\error_func.php:29) Creation of dynamic property auth_users::$ip is deprecated
[2025-06-22 15:54:23] [NOTICE] (D:\Dropbox\OpenServer\domains\orion\func\error_func.php:29) Creation of dynamic property auth_users::$ip_net is deprecated
[2025-06-22 15:54:23] [NOTICE] (D:\Dropbox\OpenServer\domains\orion\func\error_func.php:29) Creation of dynamic property auth_users::$browser is deprecated
[2025-06-22 15:54:23] [NOTICE] (D:\Dropbox\OpenServer\domains\orion\func\error_func.php:29) Creation of dynamic property ActionModule::$aEditField is deprecated
[2025-06-22 15:54:23] [NOTICE] (D:\Dropbox\OpenServer\domains\orion\func\error_func.php:29) Creation of dynamic property ShowAction::$aEditField is deprecated
[2025-06-22 15:54:25] [NOTICE] (D:\Dropbox\OpenServer\domains\orion\func\error_func.php:29) Creation of dynamic property auth_users::$timestamp is deprecated
[2025-06-22 15:54:25] [NOTICE] (D:\Dropbox\OpenServer\domains\orion\func\error_func.php:29) Creation of dynamic property auth_users::$ip is deprecated
[2025-06-22 15:54:25] [NOTICE] (D:\Dropbox\OpenServer\domains\orion\func\error_func.php:29) Creation of dynamic property auth_users::$ip_net is deprecated
[2025-06-22 15:54:25] [NOTICE] (D:\Dropbox\OpenServer\domains\orion\func\error_func.php:29) Creation of dynamic property auth_users::$browser is deprecated
[2025-06-22 15:54:25] [NOTICE] (D:\Dropbox\OpenServer\domains\orion\func\error_func.php:29) Creation of dynamic property ActionModule::$aEditField is deprecated
[2025-06-22 15:54:25] [NOTICE] (D:\Dropbox\OpenServer\domains\orion\func\error_func.php:29) Creation of dynamic property ShowAction::$aEditField is deprecated
[2025-06-22 15:57:45] [NOTICE] (D:\Dropbox\OpenServer\domains\orion\func\error_func.php:29) Creation of dynamic property auth_users::$timestamp is deprecated
[2025-06-22 15:57:45] [NOTICE] (D:\Dropbox\OpenServer\domains\orion\func\error_func.php:29) Creation of dynamic property auth_users::$ip is deprecated
[2025-06-22 15:57:45] [NOTICE] (D:\Dropbox\OpenServer\domains\orion\func\error_func.php:29) Creation of dynamic property auth_users::$ip_net is deprecated
[2025-06-22 15:57:45] [NOTICE] (D:\Dropbox\OpenServer\domains\orion\func\error_func.php:29) Creation of dynamic property auth_users::$browser is deprecated
[2025-06-22 15:57:45] [NOTICE] (D:\Dropbox\OpenServer\domains\orion\func\error_func.php:29) Creation of dynamic property auth_users::$timestamp is deprecated
[2025-06-22 15:57:45] [NOTICE] (D:\Dropbox\OpenServer\domains\orion\func\error_func.php:29) Creation of dynamic property auth_users::$ip is deprecated
[2025-06-22 15:57:45] [NOTICE] (D:\Dropbox\OpenServer\domains\orion\func\error_func.php:29) Creation of dynamic property auth_users::$ip_net is deprecated
[2025-06-22 15:57:45] [NOTICE] (D:\Dropbox\OpenServer\domains\orion\func\error_func.php:29) Creation of dynamic property auth_users::$browser is deprecated
[2025-06-22 15:57:45] [NOTICE] (D:\Dropbox\OpenServer\domains\orion\func\error_func.php:29) Creation of dynamic property ActionModule::$aEditField is deprecated
[2025-06-22 15:57:45] [NOTICE] (D:\Dropbox\OpenServer\domains\orion\func\error_func.php:29) Creation of dynamic property ShowAction::$aEditField is deprecated
[2025-06-22 15:59:20] [NOTICE] (D:\Dropbox\OpenServer\domains\orion\func\error_func.php:29) Creation of dynamic property auth_users::$timestamp is deprecated
[2025-06-22 15:59:20] [NOTICE] (D:\Dropbox\OpenServer\domains\orion\func\error_func.php:29) Creation of dynamic property auth_users::$ip is deprecated
[2025-06-22 15:59:20] [NOTICE] (D:\Dropbox\OpenServer\domains\orion\func\error_func.php:29) Creation of dynamic property auth_users::$ip_net is deprecated
[2025-06-22 15:59:20] [NOTICE] (D:\Dropbox\OpenServer\domains\orion\func\error_func.php:29) Creation of dynamic property auth_users::$browser is deprecated
[2025-06-22 15:59:21] [NOTICE] (D:\Dropbox\OpenServer\domains\orion\func\error_func.php:29) Creation of dynamic property auth_users::$timestamp is deprecated
[2025-06-22 15:59:21] [NOTICE] (D:\Dropbox\OpenServer\domains\orion\func\error_func.php:29) Creation of dynamic property auth_users::$ip is deprecated
[2025-06-22 15:59:21] [NOTICE] (D:\Dropbox\OpenServer\domains\orion\func\error_func.php:29) Creation of dynamic property auth_users::$ip_net is deprecated
[2025-06-22 15:59:21] [NOTICE] (D:\Dropbox\OpenServer\domains\orion\func\error_func.php:29) Creation of dynamic property auth_users::$browser is deprecated
[2025-06-22 15:59:21] [NOTICE] (D:\Dropbox\OpenServer\domains\orion\func\error_func.php:29) Creation of dynamic property ActionModule::$aEditField is deprecated
[2025-06-22 15:59:21] [NOTICE] (D:\Dropbox\OpenServer\domains\orion\func\error_func.php:29) Creation of dynamic property ShowAction::$aEditField is deprecated
[2025-06-22 15:59:42] [NOTICE] (D:\Dropbox\OpenServer\domains\orion\func\error_func.php:29) Creation of dynamic property auth_users::$timestamp is deprecated
[2025-06-22 15:59:42] [NOTICE] (D:\Dropbox\OpenServer\domains\orion\func\error_func.php:29) Creation of dynamic property auth_users::$ip is deprecated
[2025-06-22 15:59:42] [NOTICE] (D:\Dropbox\OpenServer\domains\orion\func\error_func.php:29) Creation of dynamic property auth_users::$ip_net is deprecated
[2025-06-22 15:59:42] [NOTICE] (D:\Dropbox\OpenServer\domains\orion\func\error_func.php:29) Creation of dynamic property auth_users::$browser is deprecated
[2025-06-22 15:59:42] [NOTICE] (D:\Dropbox\OpenServer\domains\orion\func\error_func.php:29) Creation of dynamic property auth_users::$timestamp is deprecated
[2025-06-22 15:59:42] [NOTICE] (D:\Dropbox\OpenServer\domains\orion\func\error_func.php:29) Creation of dynamic property auth_users::$ip is deprecated
[2025-06-22 15:59:42] [NOTICE] (D:\Dropbox\OpenServer\domains\orion\func\error_func.php:29) Creation of dynamic property auth_users::$ip_net is deprecated
[2025-06-22 15:59:42] [NOTICE] (D:\Dropbox\OpenServer\domains\orion\func\error_func.php:29) Creation of dynamic property auth_users::$browser is deprecated
[2025-06-22 15:59:42] [NOTICE] (D:\Dropbox\OpenServer\domains\orion\func\error_func.php:29) Creation of dynamic property ActionModule::$aEditField is deprecated
[2025-06-22 15:59:42] [NOTICE] (D:\Dropbox\OpenServer\domains\orion\func\error_func.php:29) Creation of dynamic property ShowAction::$aEditField is deprecated
[2025-06-22 16:00:18] [NOTICE] (D:\Dropbox\OpenServer\domains\orion\func\error_func.php:29) Creation of dynamic property auth_users::$timestamp is deprecated
[2025-06-22 16:00:18] [NOTICE] (D:\Dropbox\OpenServer\domains\orion\func\error_func.php:29) Creation of dynamic property auth_users::$ip is deprecated
[2025-06-22 16:00:18] [NOTICE] (D:\Dropbox\OpenServer\domains\orion\func\error_func.php:29) Creation of dynamic property auth_users::$ip_net is deprecated
[2025-06-22 16:00:18] [NOTICE] (D:\Dropbox\OpenServer\domains\orion\func\error_func.php:29) Creation of dynamic property auth_users::$browser is deprecated
[2025-06-22 16:00:18] [NOTICE] (D:\Dropbox\OpenServer\domains\orion\func\error_func.php:29) Creation of dynamic property auth_users::$timestamp is deprecated
[2025-06-22 16:00:18] [NOTICE] (D:\Dropbox\OpenServer\domains\orion\func\error_func.php:29) Creation of dynamic property auth_users::$ip is deprecated
[2025-06-22 16:00:18] [NOTICE] (D:\Dropbox\OpenServer\domains\orion\func\error_func.php:29) Creation of dynamic property auth_users::$ip_net is deprecated
[2025-06-22 16:00:18] [NOTICE] (D:\Dropbox\OpenServer\domains\orion\func\error_func.php:29) Creation of dynamic property auth_users::$browser is deprecated
[2025-06-22 16:00:18] [NOTICE] (D:\Dropbox\OpenServer\domains\orion\func\error_func.php:29) Creation of dynamic property ActionModule::$aEditField is deprecated
[2025-06-22 16:00:18] [NOTICE] (D:\Dropbox\OpenServer\domains\orion\func\error_func.php:29) Creation of dynamic property ShowAction::$aEditField is deprecated
[2025-06-22 16:00:32] [NOTICE] (D:\Dropbox\OpenServer\domains\orion\func\error_func.php:29) Creation of dynamic property auth_users::$timestamp is deprecated
[2025-06-22 16:00:32] [NOTICE] (D:\Dropbox\OpenServer\domains\orion\func\error_func.php:29) Creation of dynamic property auth_users::$ip is deprecated
[2025-06-22 16:00:32] [NOTICE] (D:\Dropbox\OpenServer\domains\orion\func\error_func.php:29) Creation of dynamic property auth_users::$ip_net is deprecated
[2025-06-22 16:00:32] [NOTICE] (D:\Dropbox\OpenServer\domains\orion\func\error_func.php:29) Creation of dynamic property auth_users::$browser is deprecated
[2025-06-22 16:00:32] [NOTICE] (D:\Dropbox\OpenServer\domains\orion\func\error_func.php:29) Creation of dynamic property ActionModule::$aEditField is deprecated
[2025-06-22 16:00:32] [NOTICE] (D:\Dropbox\OpenServer\domains\orion\func\error_func.php:29) Creation of dynamic property ActionModule::$id_aParent is deprecated
[2025-06-22 16:00:32] [NOTICE] (D:\Dropbox\OpenServer\domains\orion\func\error_func.php:29) Creation of dynamic property ActionModule::$name_aParent is deprecated
[2025-06-22 16:00:32] [NOTICE] (D:\Dropbox\OpenServer\domains\orion\func\error_func.php:29) Creation of dynamic property ListTable::$nameZ is deprecated
[2025-06-22 16:00:32] [NOTICE] (D:\Dropbox\OpenServer\domains\orion\func\error_func.php:29) Creation of dynamic property ListTable::$table_class is deprecated
[2025-06-22 16:00:32] [NOTICE] (D:\Dropbox\OpenServer\domains\orion\func\error_func.php:29) Creation of dynamic property ListTable::$theed_tr_class is deprecated
[2025-06-22 16:00:32] [NOTICE] (D:\Dropbox\OpenServer\domains\orion\func\error_func.php:29) Creation of dynamic property ListTable::$nameZList is deprecated
[2025-06-22 16:00:32] [NOTICE] (D:\Dropbox\OpenServer\domains\orion\func\error_func.php:29) Creation of dynamic property ListTable::$aFilters is deprecated
[2025-06-22 16:00:32] [NOTICE] (D:\Dropbox\OpenServer\domains\orion\func\error_func.php:29) Creation of dynamic property ListTable::$wintype is deprecated
[2025-06-22 16:00:32] [NOTICE] (D:\Dropbox\OpenServer\domains\orion\func\error_func.php:29) Creation of dynamic property ListTable::$field_result is deprecated
[2025-06-22 16:00:32] [NOTICE] (D:\Dropbox\OpenServer\domains\orion\func\error_func.php:29) Creation of dynamic property ListTable::$field_result_name is deprecated
[2025-06-22 16:00:32] [NOTICE] (D:\Dropbox\OpenServer\domains\orion\func\error_func.php:29) Creation of dynamic property ListTable::$id_aParent is deprecated
[2025-06-22 16:00:32] [NOTICE] (D:\Dropbox\OpenServer\domains\orion\func\error_func.php:29) Creation of dynamic property SqlSelect::$parent_field is deprecated
[2025-06-22 16:00:32] [NOTICE] (D:\Dropbox\OpenServer\domains\orion\func\error_func.php:29) Creation of dynamic property SqlSelect::$out_module_id is deprecated
[2025-06-22 16:00:32] [NOTICE] (D:\Dropbox\OpenServer\domains\orion\func\error_func.php:29) Creation of dynamic property SqlSelect::$out_module_result is deprecated
[2025-06-22 16:00:33] [NOTICE] (D:\Dropbox\OpenServer\domains\orion\func\error_func.php:29) Creation of dynamic property ListTable::$page_items is deprecated
[2025-06-22 16:00:35] [NOTICE] (D:\Dropbox\OpenServer\domains\orion\func\error_func.php:29) Creation of dynamic property auth_users::$timestamp is deprecated
[2025-06-22 16:00:35] [NOTICE] (D:\Dropbox\OpenServer\domains\orion\func\error_func.php:29) Creation of dynamic property auth_users::$ip is deprecated
[2025-06-22 16:00:35] [NOTICE] (D:\Dropbox\OpenServer\domains\orion\func\error_func.php:29) Creation of dynamic property auth_users::$ip_net is deprecated
[2025-06-22 16:00:35] [NOTICE] (D:\Dropbox\OpenServer\domains\orion\func\error_func.php:29) Creation of dynamic property auth_users::$browser is deprecated
[2025-06-22 16:00:35] [NOTICE] (D:\Dropbox\OpenServer\domains\orion\func\error_func.php:29) Creation of dynamic property ActionModule::$aEditField is deprecated
[2025-06-22 16:00:35] [NOTICE] (D:\Dropbox\OpenServer\domains\orion\func\error_func.php:29) Creation of dynamic property ActionModule::$id_aParent is deprecated
[2025-06-22 16:00:35] [NOTICE] (D:\Dropbox\OpenServer\domains\orion\func\error_func.php:29) Creation of dynamic property ActionModule::$name_aParent is deprecated
[2025-06-22 16:00:35] [NOTICE] (D:\Dropbox\OpenServer\domains\orion\func\error_func.php:29) Creation of dynamic property ListTable::$nameZ is deprecated
[2025-06-22 16:00:35] [NOTICE] (D:\Dropbox\OpenServer\domains\orion\func\error_func.php:29) Creation of dynamic property ListTable::$table_class is deprecated
[2025-06-22 16:00:35] [NOTICE] (D:\Dropbox\OpenServer\domains\orion\func\error_func.php:29) Creation of dynamic property ListTable::$theed_tr_class is deprecated
[2025-06-22 16:00:35] [NOTICE] (D:\Dropbox\OpenServer\domains\orion\func\error_func.php:29) Creation of dynamic property ListTable::$nameZList is deprecated
[2025-06-22 16:00:35] [NOTICE] (D:\Dropbox\OpenServer\domains\orion\func\error_func.php:29) Creation of dynamic property ListTable::$aFilters is deprecated
[2025-06-22 16:00:35] [NOTICE] (D:\Dropbox\OpenServer\domains\orion\func\error_func.php:29) Creation of dynamic property ListTable::$wintype is deprecated
[2025-06-22 16:00:35] [NOTICE] (D:\Dropbox\OpenServer\domains\orion\func\error_func.php:29) Creation of dynamic property ListTable::$field_result is deprecated
[2025-06-22 16:00:35] [NOTICE] (D:\Dropbox\OpenServer\domains\orion\func\error_func.php:29) Creation of dynamic property ListTable::$field_result_name is deprecated
[2025-06-22 16:00:35] [NOTICE] (D:\Dropbox\OpenServer\domains\orion\func\error_func.php:29) Creation of dynamic property ListTable::$id_aParent is deprecated
[2025-06-22 16:00:35] [NOTICE] (D:\Dropbox\OpenServer\domains\orion\func\error_func.php:29) Creation of dynamic property SqlSelect::$parent_field is deprecated
[2025-06-22 16:00:35] [NOTICE] (D:\Dropbox\OpenServer\domains\orion\func\error_func.php:29) Creation of dynamic property SqlSelect::$out_module_id is deprecated
[2025-06-22 16:00:35] [NOTICE] (D:\Dropbox\OpenServer\domains\orion\func\error_func.php:29) Creation of dynamic property SqlSelect::$out_module_result is deprecated
[2025-06-22 16:00:35] [NOTICE] (D:\Dropbox\OpenServer\domains\orion\func\error_func.php:29) Creation of dynamic property ListTable::$page_items is deprecated
[2025-06-22 16:00:39] [NOTICE] (D:\Dropbox\OpenServer\domains\orion\func\error_func.php:29) Creation of dynamic property auth_users::$timestamp is deprecated
[2025-06-22 16:00:39] [NOTICE] (D:\Dropbox\OpenServer\domains\orion\func\error_func.php:29) Creation of dynamic property auth_users::$ip is deprecated
[2025-06-22 16:00:39] [NOTICE] (D:\Dropbox\OpenServer\domains\orion\func\error_func.php:29) Creation of dynamic property auth_users::$ip_net is deprecated
[2025-06-22 16:00:39] [NOTICE] (D:\Dropbox\OpenServer\domains\orion\func\error_func.php:29) Creation of dynamic property auth_users::$browser is deprecated
[2025-06-22 16:00:39] [NOTICE] (D:\Dropbox\OpenServer\domains\orion\func\error_func.php:29) Creation of dynamic property ActionModule::$aEditField is deprecated
[2025-06-22 16:00:39] [NOTICE] (D:\Dropbox\OpenServer\domains\orion\func\error_func.php:29) Creation of dynamic property SetResultWinAction::$aEditField is deprecated
[2025-06-22 16:00:41] [NOTICE] (D:\Dropbox\OpenServer\domains\orion\func\error_func.php:29) Creation of dynamic property auth_users::$timestamp is deprecated
[2025-06-22 16:00:41] [NOTICE] (D:\Dropbox\OpenServer\domains\orion\func\error_func.php:29) Creation of dynamic property auth_users::$ip is deprecated
[2025-06-22 16:00:41] [NOTICE] (D:\Dropbox\OpenServer\domains\orion\func\error_func.php:29) Creation of dynamic property auth_users::$ip_net is deprecated
[2025-06-22 16:00:41] [NOTICE] (D:\Dropbox\OpenServer\domains\orion\func\error_func.php:29) Creation of dynamic property auth_users::$browser is deprecated
[2025-06-22 16:00:41] [NOTICE] (D:\Dropbox\OpenServer\domains\orion\func\error_func.php:29) Creation of dynamic property ActionModule::$aEditField is deprecated
[2025-06-22 16:00:41] [NOTICE] (D:\Dropbox\OpenServer\domains\orion\func\error_func.php:29) Creation of dynamic property ActionModule::$id_aParent is deprecated
[2025-06-22 16:00:41] [NOTICE] (D:\Dropbox\OpenServer\domains\orion\func\error_func.php:29) Creation of dynamic property ActionModule::$name_aParent is deprecated
[2025-06-22 16:00:41] [NOTICE] (D:\Dropbox\OpenServer\domains\orion\func\error_func.php:29) Creation of dynamic property FormSave::$aEditField is deprecated
[2025-06-22 16:00:41] [NOTICE] (D:\Dropbox\OpenServer\domains\orion\func\error_func.php:29) Creation of dynamic property FormSave::$id_aParent is deprecated
[2025-06-22 16:00:41] [NOTICE] (D:\Dropbox\OpenServer\domains\orion\func\error_func.php:29) Creation of dynamic property FormSave::$name_aParent is deprecated
[2025-06-22 16:00:44] [NOTICE] (D:\Dropbox\OpenServer\domains\orion\func\error_func.php:29) Creation of dynamic property auth_users::$timestamp is deprecated
[2025-06-22 16:00:44] [NOTICE] (D:\Dropbox\OpenServer\domains\orion\func\error_func.php:29) Creation of dynamic property auth_users::$ip is deprecated
[2025-06-22 16:00:44] [NOTICE] (D:\Dropbox\OpenServer\domains\orion\func\error_func.php:29) Creation of dynamic property auth_users::$ip_net is deprecated
[2025-06-22 16:00:44] [NOTICE] (D:\Dropbox\OpenServer\domains\orion\func\error_func.php:29) Creation of dynamic property auth_users::$browser is deprecated
[2025-06-22 16:00:44] [NOTICE] (D:\Dropbox\OpenServer\domains\orion\func\error_func.php:29) Creation of dynamic property ActionModule::$aEditField is deprecated
[2025-06-22 16:00:44] [NOTICE] (D:\Dropbox\OpenServer\domains\orion\func\error_func.php:29) Creation of dynamic property SetResultWinAction::$aEditField is deprecated
[2025-06-22 16:00:45] [NOTICE] (D:\Dropbox\OpenServer\domains\orion\func\error_func.php:29) Creation of dynamic property auth_users::$timestamp is deprecated
[2025-06-22 16:00:45] [NOTICE] (D:\Dropbox\OpenServer\domains\orion\func\error_func.php:29) Creation of dynamic property auth_users::$ip is deprecated
[2025-06-22 16:00:45] [NOTICE] (D:\Dropbox\OpenServer\domains\orion\func\error_func.php:29) Creation of dynamic property auth_users::$ip_net is deprecated
[2025-06-22 16:00:45] [NOTICE] (D:\Dropbox\OpenServer\domains\orion\func\error_func.php:29) Creation of dynamic property auth_users::$browser is deprecated
[2025-06-22 16:00:45] [NOTICE] (D:\Dropbox\OpenServer\domains\orion\func\error_func.php:29) Creation of dynamic property ActionModule::$aEditField is deprecated
[2025-06-22 16:00:45] [NOTICE] (D:\Dropbox\OpenServer\domains\orion\func\error_func.php:29) Creation of dynamic property ActionModule::$id_aParent is deprecated
[2025-06-22 16:00:45] [NOTICE] (D:\Dropbox\OpenServer\domains\orion\func\error_func.php:29) Creation of dynamic property ActionModule::$name_aParent is deprecated
[2025-06-22 16:00:45] [NOTICE] (D:\Dropbox\OpenServer\domains\orion\func\error_func.php:29) Creation of dynamic property FormSave::$aEditField is deprecated
[2025-06-22 16:00:45] [NOTICE] (D:\Dropbox\OpenServer\domains\orion\func\error_func.php:29) Creation of dynamic property FormSave::$id_aParent is deprecated
[2025-06-22 16:00:45] [NOTICE] (D:\Dropbox\OpenServer\domains\orion\func\error_func.php:29) Creation of dynamic property FormSave::$name_aParent is deprecated
[2025-06-22 16:00:47] [NOTICE] (D:\Dropbox\OpenServer\domains\orion\func\error_func.php:29) Creation of dynamic property auth_users::$timestamp is deprecated
[2025-06-22 16:00:47] [NOTICE] (D:\Dropbox\OpenServer\domains\orion\func\error_func.php:29) Creation of dynamic property auth_users::$ip is deprecated
[2025-06-22 16:00:47] [NOTICE] (D:\Dropbox\OpenServer\domains\orion\func\error_func.php:29) Creation of dynamic property auth_users::$ip_net is deprecated
[2025-06-22 16:00:47] [NOTICE] (D:\Dropbox\OpenServer\domains\orion\func\error_func.php:29) Creation of dynamic property auth_users::$browser is deprecated
[2025-06-22 16:00:47] [NOTICE] (D:\Dropbox\OpenServer\domains\orion\func\error_func.php:29) Creation of dynamic property ActionModule::$aEditField is deprecated
[2025-06-22 16:00:47] [NOTICE] (D:\Dropbox\OpenServer\domains\orion\func\error_func.php:29) Creation of dynamic property SetResultWinAction::$aEditField is deprecated
[2025-06-22 16:00:49] [NOTICE] (D:\Dropbox\OpenServer\domains\orion\func\error_func.php:29) Creation of dynamic property auth_users::$timestamp is deprecated
[2025-06-22 16:00:49] [NOTICE] (D:\Dropbox\OpenServer\domains\orion\func\error_func.php:29) Creation of dynamic property auth_users::$ip is deprecated
[2025-06-22 16:00:49] [NOTICE] (D:\Dropbox\OpenServer\domains\orion\func\error_func.php:29) Creation of dynamic property auth_users::$ip_net is deprecated
[2025-06-22 16:00:49] [NOTICE] (D:\Dropbox\OpenServer\domains\orion\func\error_func.php:29) Creation of dynamic property auth_users::$browser is deprecated
[2025-06-22 16:00:49] [NOTICE] (D:\Dropbox\OpenServer\domains\orion\func\error_func.php:29) Creation of dynamic property ActionModule::$aEditField is deprecated
[2025-06-22 16:00:49] [NOTICE] (D:\Dropbox\OpenServer\domains\orion\func\error_func.php:29) Creation of dynamic property ActionModule::$id_aParent is deprecated
[2025-06-22 16:00:49] [NOTICE] (D:\Dropbox\OpenServer\domains\orion\func\error_func.php:29) Creation of dynamic property ActionModule::$name_aParent is deprecated
[2025-06-22 16:00:49] [NOTICE] (D:\Dropbox\OpenServer\domains\orion\func\error_func.php:29) Creation of dynamic property FormSave::$aEditField is deprecated
[2025-06-22 16:00:49] [NOTICE] (D:\Dropbox\OpenServer\domains\orion\func\error_func.php:29) Creation of dynamic property FormSave::$id_aParent is deprecated
[2025-06-22 16:00:49] [NOTICE] (D:\Dropbox\OpenServer\domains\orion\func\error_func.php:29) Creation of dynamic property FormSave::$name_aParent is deprecated
[2025-06-22 16:00:51] [NOTICE] (D:\Dropbox\OpenServer\domains\orion\func\error_func.php:29) Creation of dynamic property auth_users::$timestamp is deprecated
[2025-06-22 16:00:51] [NOTICE] (D:\Dropbox\OpenServer\domains\orion\func\error_func.php:29) Creation of dynamic property auth_users::$ip is deprecated
[2025-06-22 16:00:51] [NOTICE] (D:\Dropbox\OpenServer\domains\orion\func\error_func.php:29) Creation of dynamic property auth_users::$ip_net is deprecated
[2025-06-22 16:00:51] [NOTICE] (D:\Dropbox\OpenServer\domains\orion\func\error_func.php:29) Creation of dynamic property auth_users::$browser is deprecated
[2025-06-22 16:00:51] [NOTICE] (D:\Dropbox\OpenServer\domains\orion\func\error_func.php:29) Creation of dynamic property ActionModule::$aEditField is deprecated
[2025-06-22 16:00:51] [NOTICE] (D:\Dropbox\OpenServer\domains\orion\func\error_func.php:29) Creation of dynamic property SetResultWinAction::$aEditField is deprecated
[2025-06-22 16:00:52] [NOTICE] (D:\Dropbox\OpenServer\domains\orion\func\error_func.php:29) Creation of dynamic property auth_users::$timestamp is deprecated
[2025-06-22 16:00:52] [NOTICE] (D:\Dropbox\OpenServer\domains\orion\func\error_func.php:29) Creation of dynamic property auth_users::$ip is deprecated
[2025-06-22 16:00:52] [NOTICE] (D:\Dropbox\OpenServer\domains\orion\func\error_func.php:29) Creation of dynamic property auth_users::$ip_net is deprecated
[2025-06-22 16:00:52] [NOTICE] (D:\Dropbox\OpenServer\domains\orion\func\error_func.php:29) Creation of dynamic property auth_users::$browser is deprecated
[2025-06-22 16:00:52] [NOTICE] (D:\Dropbox\OpenServer\domains\orion\func\error_func.php:29) Creation of dynamic property ActionModule::$aEditField is deprecated
[2025-06-22 16:00:52] [NOTICE] (D:\Dropbox\OpenServer\domains\orion\func\error_func.php:29) Creation of dynamic property ActionModule::$id_aParent is deprecated
[2025-06-22 16:00:52] [NOTICE] (D:\Dropbox\OpenServer\domains\orion\func\error_func.php:29) Creation of dynamic property ActionModule::$name_aParent is deprecated
[2025-06-22 16:00:52] [NOTICE] (D:\Dropbox\OpenServer\domains\orion\func\error_func.php:29) Creation of dynamic property FormSave::$aEditField is deprecated
[2025-06-22 16:00:52] [NOTICE] (D:\Dropbox\OpenServer\domains\orion\func\error_func.php:29) Creation of dynamic property FormSave::$id_aParent is deprecated
[2025-06-22 16:00:52] [NOTICE] (D:\Dropbox\OpenServer\domains\orion\func\error_func.php:29) Creation of dynamic property FormSave::$name_aParent is deprecated
[2025-06-22 16:00:57] [NOTICE] (D:\Dropbox\OpenServer\domains\orion\func\error_func.php:29) Creation of dynamic property auth_users::$timestamp is deprecated
[2025-06-22 16:00:57] [NOTICE] (D:\Dropbox\OpenServer\domains\orion\func\error_func.php:29) Creation of dynamic property auth_users::$ip is deprecated
[2025-06-22 16:00:57] [NOTICE] (D:\Dropbox\OpenServer\domains\orion\func\error_func.php:29) Creation of dynamic property auth_users::$ip_net is deprecated
[2025-06-22 16:00:57] [NOTICE] (D:\Dropbox\OpenServer\domains\orion\func\error_func.php:29) Creation of dynamic property auth_users::$browser is deprecated
[2025-06-22 16:00:57] [NOTICE] (D:\Dropbox\OpenServer\domains\orion\func\error_func.php:29) Creation of dynamic property ActionModule::$aEditField is deprecated
[2025-06-22 16:00:57] [NOTICE] (D:\Dropbox\OpenServer\domains\orion\func\error_func.php:29) Creation of dynamic property SetResultWinAction::$aEditField is deprecated
[2025-06-22 16:00:59] [NOTICE] (D:\Dropbox\OpenServer\domains\orion\func\error_func.php:29) Creation of dynamic property auth_users::$timestamp is deprecated
[2025-06-22 16:00:59] [NOTICE] (D:\Dropbox\OpenServer\domains\orion\func\error_func.php:29) Creation of dynamic property auth_users::$ip is deprecated
[2025-06-22 16:00:59] [NOTICE] (D:\Dropbox\OpenServer\domains\orion\func\error_func.php:29) Creation of dynamic property auth_users::$ip_net is deprecated
[2025-06-22 16:00:59] [NOTICE] (D:\Dropbox\OpenServer\domains\orion\func\error_func.php:29) Creation of dynamic property auth_users::$browser is deprecated
[2025-06-22 16:00:59] [NOTICE] (D:\Dropbox\OpenServer\domains\orion\func\error_func.php:29) Creation of dynamic property ActionModule::$aEditField is deprecated
[2025-06-22 16:00:59] [NOTICE] (D:\Dropbox\OpenServer\domains\orion\func\error_func.php:29) Creation of dynamic property ActionModule::$id_aParent is deprecated
[2025-06-22 16:00:59] [NOTICE] (D:\Dropbox\OpenServer\domains\orion\func\error_func.php:29) Creation of dynamic property ActionModule::$name_aParent is deprecated
[2025-06-22 16:00:59] [NOTICE] (D:\Dropbox\OpenServer\domains\orion\func\error_func.php:29) Creation of dynamic property FormSave::$aEditField is deprecated
[2025-06-22 16:00:59] [NOTICE] (D:\Dropbox\OpenServer\domains\orion\func\error_func.php:29) Creation of dynamic property FormSave::$id_aParent is deprecated
[2025-06-22 16:00:59] [NOTICE] (D:\Dropbox\OpenServer\domains\orion\func\error_func.php:29) Creation of dynamic property FormSave::$name_aParent is deprecated
[2025-06-22 16:01:01] [NOTICE] (D:\Dropbox\OpenServer\domains\orion\func\error_func.php:29) Creation of dynamic property auth_users::$timestamp is deprecated
[2025-06-22 16:01:01] [NOTICE] (D:\Dropbox\OpenServer\domains\orion\func\error_func.php:29) Creation of dynamic property auth_users::$ip is deprecated
[2025-06-22 16:01:01] [NOTICE] (D:\Dropbox\OpenServer\domains\orion\func\error_func.php:29) Creation of dynamic property auth_users::$ip_net is deprecated
[2025-06-22 16:01:01] [NOTICE] (D:\Dropbox\OpenServer\domains\orion\func\error_func.php:29) Creation of dynamic property auth_users::$browser is deprecated
[2025-06-22 16:01:01] [NOTICE] (D:\Dropbox\OpenServer\domains\orion\func\error_func.php:29) Creation of dynamic property ActionModule::$aEditField is deprecated
[2025-06-22 16:01:01] [NOTICE] (D:\Dropbox\OpenServer\domains\orion\func\error_func.php:29) Creation of dynamic property SetResultWinAction::$aEditField is deprecated
[2025-06-22 16:01:03] [NOTICE] (D:\Dropbox\OpenServer\domains\orion\func\error_func.php:29) Creation of dynamic property auth_users::$timestamp is deprecated
[2025-06-22 16:01:03] [NOTICE] (D:\Dropbox\OpenServer\domains\orion\func\error_func.php:29) Creation of dynamic property auth_users::$ip is deprecated
[2025-06-22 16:01:03] [NOTICE] (D:\Dropbox\OpenServer\domains\orion\func\error_func.php:29) Creation of dynamic property auth_users::$ip_net is deprecated
[2025-06-22 16:01:03] [NOTICE] (D:\Dropbox\OpenServer\domains\orion\func\error_func.php:29) Creation of dynamic property auth_users::$browser is deprecated
[2025-06-22 16:01:03] [NOTICE] (D:\Dropbox\OpenServer\domains\orion\func\error_func.php:29) Creation of dynamic property ActionModule::$aEditField is deprecated
[2025-06-22 16:01:03] [NOTICE] (D:\Dropbox\OpenServer\domains\orion\func\error_func.php:29) Creation of dynamic property ActionModule::$id_aParent is deprecated
[2025-06-22 16:01:03] [NOTICE] (D:\Dropbox\OpenServer\domains\orion\func\error_func.php:29) Creation of dynamic property ActionModule::$name_aParent is deprecated
[2025-06-22 16:01:03] [NOTICE] (D:\Dropbox\OpenServer\domains\orion\func\error_func.php:29) Creation of dynamic property FormSave::$aEditField is deprecated
[2025-06-22 16:01:03] [NOTICE] (D:\Dropbox\OpenServer\domains\orion\func\error_func.php:29) Creation of dynamic property FormSave::$id_aParent is deprecated
[2025-06-22 16:01:03] [NOTICE] (D:\Dropbox\OpenServer\domains\orion\func\error_func.php:29) Creation of dynamic property FormSave::$name_aParent is deprecated
[2025-06-22 16:01:06] [NOTICE] (D:\Dropbox\OpenServer\domains\orion\func\error_func.php:29) Creation of dynamic property auth_users::$timestamp is deprecated
[2025-06-22 16:01:06] [NOTICE] (D:\Dropbox\OpenServer\domains\orion\func\error_func.php:29) Creation of dynamic property auth_users::$ip is deprecated
[2025-06-22 16:01:06] [NOTICE] (D:\Dropbox\OpenServer\domains\orion\func\error_func.php:29) Creation of dynamic property auth_users::$ip_net is deprecated
[2025-06-22 16:01:06] [NOTICE] (D:\Dropbox\OpenServer\domains\orion\func\error_func.php:29) Creation of dynamic property auth_users::$browser is deprecated
[2025-06-22 16:01:06] [NOTICE] (D:\Dropbox\OpenServer\domains\orion\func\error_func.php:29) Creation of dynamic property ActionModule::$aEditField is deprecated
[2025-06-22 16:01:06] [NOTICE] (D:\Dropbox\OpenServer\domains\orion\func\error_func.php:29) Creation of dynamic property SetResultWinAction::$aEditField is deprecated
[2025-06-22 16:01:07] [NOTICE] (D:\Dropbox\OpenServer\domains\orion\func\error_func.php:29) Creation of dynamic property auth_users::$timestamp is deprecated
[2025-06-22 16:01:07] [NOTICE] (D:\Dropbox\OpenServer\domains\orion\func\error_func.php:29) Creation of dynamic property auth_users::$ip is deprecated
[2025-06-22 16:01:07] [NOTICE] (D:\Dropbox\OpenServer\domains\orion\func\error_func.php:29) Creation of dynamic property auth_users::$ip_net is deprecated
[2025-06-22 16:01:07] [NOTICE] (D:\Dropbox\OpenServer\domains\orion\func\error_func.php:29) Creation of dynamic property auth_users::$browser is deprecated
[2025-06-22 16:01:07] [NOTICE] (D:\Dropbox\OpenServer\domains\orion\func\error_func.php:29) Creation of dynamic property ActionModule::$aEditField is deprecated
[2025-06-22 16:01:07] [NOTICE] (D:\Dropbox\OpenServer\domains\orion\func\error_func.php:29) Creation of dynamic property ActionModule::$id_aParent is deprecated
[2025-06-22 16:01:07] [NOTICE] (D:\Dropbox\OpenServer\domains\orion\func\error_func.php:29) Creation of dynamic property ActionModule::$name_aParent is deprecated
[2025-06-22 16:01:07] [NOTICE] (D:\Dropbox\OpenServer\domains\orion\func\error_func.php:29) Creation of dynamic property FormSave::$aEditField is deprecated
[2025-06-22 16:01:07] [NOTICE] (D:\Dropbox\OpenServer\domains\orion\func\error_func.php:29) Creation of dynamic property FormSave::$id_aParent is deprecated
[2025-06-22 16:01:07] [NOTICE] (D:\Dropbox\OpenServer\domains\orion\func\error_func.php:29) Creation of dynamic property FormSave::$name_aParent is deprecated
[2025-06-22 16:01:10] [NOTICE] (D:\Dropbox\OpenServer\domains\orion\func\error_func.php:29) Creation of dynamic property auth_users::$timestamp is deprecated
[2025-06-22 16:01:10] [NOTICE] (D:\Dropbox\OpenServer\domains\orion\func\error_func.php:29) Creation of dynamic property auth_users::$ip is deprecated
[2025-06-22 16:01:10] [NOTICE] (D:\Dropbox\OpenServer\domains\orion\func\error_func.php:29) Creation of dynamic property auth_users::$ip_net is deprecated
[2025-06-22 16:01:10] [NOTICE] (D:\Dropbox\OpenServer\domains\orion\func\error_func.php:29) Creation of dynamic property auth_users::$browser is deprecated
[2025-06-22 16:01:10] [NOTICE] (D:\Dropbox\OpenServer\domains\orion\func\error_func.php:29) Creation of dynamic property ActionModule::$aEditField is deprecated
[2025-06-22 16:01:10] [NOTICE] (D:\Dropbox\OpenServer\domains\orion\func\error_func.php:29) Creation of dynamic property SetResultWinAction::$aEditField is deprecated
[2025-06-22 16:01:11] [NOTICE] (D:\Dropbox\OpenServer\domains\orion\func\error_func.php:29) Creation of dynamic property auth_users::$timestamp is deprecated
[2025-06-22 16:01:11] [NOTICE] (D:\Dropbox\OpenServer\domains\orion\func\error_func.php:29) Creation of dynamic property auth_users::$ip is deprecated
[2025-06-22 16:01:11] [NOTICE] (D:\Dropbox\OpenServer\domains\orion\func\error_func.php:29) Creation of dynamic property auth_users::$ip_net is deprecated
[2025-06-22 16:01:11] [NOTICE] (D:\Dropbox\OpenServer\domains\orion\func\error_func.php:29) Creation of dynamic property auth_users::$browser is deprecated
[2025-06-22 16:01:12] [NOTICE] (D:\Dropbox\OpenServer\domains\orion\func\error_func.php:29) Creation of dynamic property ActionModule::$aEditField is deprecated
[2025-06-22 16:01:12] [NOTICE] (D:\Dropbox\OpenServer\domains\orion\func\error_func.php:29) Creation of dynamic property ActionModule::$id_aParent is deprecated
[2025-06-22 16:01:12] [NOTICE] (D:\Dropbox\OpenServer\domains\orion\func\error_func.php:29) Creation of dynamic property ActionModule::$name_aParent is deprecated
[2025-06-22 16:01:12] [NOTICE] (D:\Dropbox\OpenServer\domains\orion\func\error_func.php:29) Creation of dynamic property FormSave::$aEditField is deprecated
[2025-06-22 16:01:12] [NOTICE] (D:\Dropbox\OpenServer\domains\orion\func\error_func.php:29) Creation of dynamic property FormSave::$id_aParent is deprecated
[2025-06-22 16:01:12] [NOTICE] (D:\Dropbox\OpenServer\domains\orion\func\error_func.php:29) Creation of dynamic property FormSave::$name_aParent is deprecated
[2025-06-22 16:01:13] [NOTICE] (D:\Dropbox\OpenServer\domains\orion\func\error_func.php:29) Creation of dynamic property auth_users::$timestamp is deprecated
[2025-06-22 16:01:13] [NOTICE] (D:\Dropbox\OpenServer\domains\orion\func\error_func.php:29) Creation of dynamic property auth_users::$ip is deprecated
[2025-06-22 16:01:13] [NOTICE] (D:\Dropbox\OpenServer\domains\orion\func\error_func.php:29) Creation of dynamic property auth_users::$ip_net is deprecated
[2025-06-22 16:01:13] [NOTICE] (D:\Dropbox\OpenServer\domains\orion\func\error_func.php:29) Creation of dynamic property auth_users::$browser is deprecated
[2025-06-22 16:01:13] [NOTICE] (D:\Dropbox\OpenServer\domains\orion\func\error_func.php:29) Creation of dynamic property ActionModule::$aEditField is deprecated
[2025-06-22 16:01:13] [NOTICE] (D:\Dropbox\OpenServer\domains\orion\func\error_func.php:29) Creation of dynamic property ShowAction::$aEditField is deprecated
[2025-06-22 16:01:16] [NOTICE] (D:\Dropbox\OpenServer\domains\orion\func\error_func.php:29) Creation of dynamic property auth_users::$timestamp is deprecated
[2025-06-22 16:01:16] [NOTICE] (D:\Dropbox\OpenServer\domains\orion\func\error_func.php:29) Creation of dynamic property auth_users::$ip is deprecated
[2025-06-22 16:01:16] [NOTICE] (D:\Dropbox\OpenServer\domains\orion\func\error_func.php:29) Creation of dynamic property auth_users::$ip_net is deprecated
[2025-06-22 16:01:16] [NOTICE] (D:\Dropbox\OpenServer\domains\orion\func\error_func.php:29) Creation of dynamic property auth_users::$browser is deprecated
[2025-06-22 16:01:16] [NOTICE] (D:\Dropbox\OpenServer\domains\orion\func\error_func.php:29) Creation of dynamic property ActionModule::$aEditField is deprecated
[2025-06-22 16:01:16] [NOTICE] (D:\Dropbox\OpenServer\domains\orion\func\error_func.php:29) Creation of dynamic property ShowAction::$aEditField is deprecated
[2025-06-22 16:01:20] [NOTICE] (D:\Dropbox\OpenServer\domains\orion\func\error_func.php:29) Creation of dynamic property auth_users::$timestamp is deprecated
[2025-06-22 16:01:20] [NOTICE] (D:\Dropbox\OpenServer\domains\orion\func\error_func.php:29) Creation of dynamic property auth_users::$ip is deprecated
[2025-06-22 16:01:20] [NOTICE] (D:\Dropbox\OpenServer\domains\orion\func\error_func.php:29) Creation of dynamic property auth_users::$ip_net is deprecated
[2025-06-22 16:01:20] [NOTICE] (D:\Dropbox\OpenServer\domains\orion\func\error_func.php:29) Creation of dynamic property auth_users::$browser is deprecated
[2025-06-22 16:01:20] [NOTICE] (D:\Dropbox\OpenServer\domains\orion\func\error_func.php:29) Creation of dynamic property ActionModule::$aEditField is deprecated
[2025-06-22 16:01:20] [NOTICE] (D:\Dropbox\OpenServer\domains\orion\func\error_func.php:29) Creation of dynamic property ActionModule::$id_aParent is deprecated
[2025-06-22 16:01:20] [NOTICE] (D:\Dropbox\OpenServer\domains\orion\func\error_func.php:29) Creation of dynamic property ActionModule::$name_aParent is deprecated
[2025-06-22 16:01:20] [NOTICE] (D:\Dropbox\OpenServer\domains\orion\func\error_func.php:29) Creation of dynamic property ListTable::$nameZ is deprecated
[2025-06-22 16:01:20] [NOTICE] (D:\Dropbox\OpenServer\domains\orion\func\error_func.php:29) Creation of dynamic property ListTable::$table_class is deprecated
[2025-06-22 16:01:20] [NOTICE] (D:\Dropbox\OpenServer\domains\orion\func\error_func.php:29) Creation of dynamic property ListTable::$theed_tr_class is deprecated
[2025-06-22 16:01:20] [NOTICE] (D:\Dropbox\OpenServer\domains\orion\func\error_func.php:29) Creation of dynamic property ListTable::$nameZList is deprecated
[2025-06-22 16:01:20] [NOTICE] (D:\Dropbox\OpenServer\domains\orion\func\error_func.php:29) Creation of dynamic property ListTable::$aFilters is deprecated
[2025-06-22 16:01:20] [NOTICE] (D:\Dropbox\OpenServer\domains\orion\func\error_func.php:29) Creation of dynamic property ListTable::$wintype is deprecated
[2025-06-22 16:01:20] [NOTICE] (D:\Dropbox\OpenServer\domains\orion\func\error_func.php:29) Creation of dynamic property ListTable::$field_result is deprecated
[2025-06-22 16:01:20] [NOTICE] (D:\Dropbox\OpenServer\domains\orion\func\error_func.php:29) Creation of dynamic property ListTable::$field_result_name is deprecated
[2025-06-22 16:01:20] [NOTICE] (D:\Dropbox\OpenServer\domains\orion\func\error_func.php:29) Creation of dynamic property ListTable::$id_aParent is deprecated
[2025-06-22 16:01:20] [NOTICE] (D:\Dropbox\OpenServer\domains\orion\func\error_func.php:29) Creation of dynamic property SqlSelect::$parent_field is deprecated
[2025-06-22 16:01:20] [NOTICE] (D:\Dropbox\OpenServer\domains\orion\func\error_func.php:29) Creation of dynamic property SqlSelect::$out_module_id is deprecated
[2025-06-22 16:01:20] [NOTICE] (D:\Dropbox\OpenServer\domains\orion\func\error_func.php:29) Creation of dynamic property SqlSelect::$out_module_result is deprecated
[2025-06-22 16:01:22] [NOTICE] (D:\Dropbox\OpenServer\domains\orion\func\error_func.php:29) Creation of dynamic property ListTable::$page_items is deprecated
[2025-06-22 16:01:23] [NOTICE] (D:\Dropbox\OpenServer\domains\orion\func\error_func.php:29) Creation of dynamic property auth_users::$timestamp is deprecated
[2025-06-22 16:01:23] [NOTICE] (D:\Dropbox\OpenServer\domains\orion\func\error_func.php:29) Creation of dynamic property auth_users::$ip is deprecated
[2025-06-22 16:01:23] [NOTICE] (D:\Dropbox\OpenServer\domains\orion\func\error_func.php:29) Creation of dynamic property auth_users::$ip_net is deprecated
[2025-06-22 16:01:23] [NOTICE] (D:\Dropbox\OpenServer\domains\orion\func\error_func.php:29) Creation of dynamic property auth_users::$browser is deprecated
[2025-06-22 16:01:23] [NOTICE] (D:\Dropbox\OpenServer\domains\orion\func\error_func.php:29) Creation of dynamic property ActionModule::$aEditField is deprecated
[2025-06-22 16:01:23] [NOTICE] (D:\Dropbox\OpenServer\domains\orion\func\error_func.php:29) Creation of dynamic property ActionModule::$id_aParent is deprecated
[2025-06-22 16:01:23] [NOTICE] (D:\Dropbox\OpenServer\domains\orion\func\error_func.php:29) Creation of dynamic property ActionModule::$name_aParent is deprecated
[2025-06-22 16:01:23] [NOTICE] (D:\Dropbox\OpenServer\domains\orion\func\error_func.php:29) Creation of dynamic property ListTable::$nameZ is deprecated
[2025-06-22 16:01:23] [NOTICE] (D:\Dropbox\OpenServer\domains\orion\func\error_func.php:29) Creation of dynamic property ListTable::$table_class is deprecated
[2025-06-22 16:01:23] [NOTICE] (D:\Dropbox\OpenServer\domains\orion\func\error_func.php:29) Creation of dynamic property ListTable::$theed_tr_class is deprecated
[2025-06-22 16:01:23] [NOTICE] (D:\Dropbox\OpenServer\domains\orion\func\error_func.php:29) Creation of dynamic property ListTable::$nameZList is deprecated
[2025-06-22 16:01:23] [NOTICE] (D:\Dropbox\OpenServer\domains\orion\func\error_func.php:29) Creation of dynamic property ListTable::$aFilters is deprecated
[2025-06-22 16:01:23] [NOTICE] (D:\Dropbox\OpenServer\domains\orion\func\error_func.php:29) Creation of dynamic property ListTable::$wintype is deprecated
[2025-06-22 16:01:23] [NOTICE] (D:\Dropbox\OpenServer\domains\orion\func\error_func.php:29) Creation of dynamic property ListTable::$field_result is deprecated
[2025-06-22 16:01:23] [NOTICE] (D:\Dropbox\OpenServer\domains\orion\func\error_func.php:29) Creation of dynamic property ListTable::$field_result_name is deprecated
[2025-06-22 16:01:23] [NOTICE] (D:\Dropbox\OpenServer\domains\orion\func\error_func.php:29) Creation of dynamic property ListTable::$id_aParent is deprecated
[2025-06-22 16:01:23] [NOTICE] (D:\Dropbox\OpenServer\domains\orion\func\error_func.php:29) Creation of dynamic property SqlSelect::$parent_field is deprecated
[2025-06-22 16:01:23] [NOTICE] (D:\Dropbox\OpenServer\domains\orion\func\error_func.php:29) Creation of dynamic property SqlSelect::$out_module_id is deprecated
[2025-06-22 16:01:23] [NOTICE] (D:\Dropbox\OpenServer\domains\orion\func\error_func.php:29) Creation of dynamic property SqlSelect::$out_module_result is deprecated
[2025-06-22 16:01:23] [NOTICE] (D:\Dropbox\OpenServer\domains\orion\func\error_func.php:29) Creation of dynamic property ListTable::$page_items is deprecated
[2025-06-22 16:01:25] [NOTICE] (D:\Dropbox\OpenServer\domains\orion\func\error_func.php:29) Creation of dynamic property auth_users::$timestamp is deprecated
[2025-06-22 16:01:25] [NOTICE] (D:\Dropbox\OpenServer\domains\orion\func\error_func.php:29) Creation of dynamic property auth_users::$ip is deprecated
[2025-06-22 16:01:25] [NOTICE] (D:\Dropbox\OpenServer\domains\orion\func\error_func.php:29) Creation of dynamic property auth_users::$ip_net is deprecated
[2025-06-22 16:01:25] [NOTICE] (D:\Dropbox\OpenServer\domains\orion\func\error_func.php:29) Creation of dynamic property auth_users::$browser is deprecated
[2025-06-22 16:01:25] [NOTICE] (D:\Dropbox\OpenServer\domains\orion\func\error_func.php:29) Creation of dynamic property ActionModule::$aEditField is deprecated
[2025-06-22 16:01:25] [NOTICE] (D:\Dropbox\OpenServer\domains\orion\func\error_func.php:29) Creation of dynamic property SetResultWinAction::$aEditField is deprecated
[2025-06-22 16:01:27] [NOTICE] (D:\Dropbox\OpenServer\domains\orion\func\error_func.php:29) Creation of dynamic property auth_users::$timestamp is deprecated
[2025-06-22 16:01:27] [NOTICE] (D:\Dropbox\OpenServer\domains\orion\func\error_func.php:29) Creation of dynamic property auth_users::$ip is deprecated
[2025-06-22 16:01:27] [NOTICE] (D:\Dropbox\OpenServer\domains\orion\func\error_func.php:29) Creation of dynamic property auth_users::$ip_net is deprecated
[2025-06-22 16:01:27] [NOTICE] (D:\Dropbox\OpenServer\domains\orion\func\error_func.php:29) Creation of dynamic property auth_users::$browser is deprecated
[2025-06-22 16:01:27] [NOTICE] (D:\Dropbox\OpenServer\domains\orion\func\error_func.php:29) Creation of dynamic property ActionModule::$aEditField is deprecated
[2025-06-22 16:01:27] [NOTICE] (D:\Dropbox\OpenServer\domains\orion\func\error_func.php:29) Creation of dynamic property ActionModule::$id_aParent is deprecated
[2025-06-22 16:01:27] [NOTICE] (D:\Dropbox\OpenServer\domains\orion\func\error_func.php:29) Creation of dynamic property ActionModule::$name_aParent is deprecated
[2025-06-22 16:01:27] [NOTICE] (D:\Dropbox\OpenServer\domains\orion\func\error_func.php:29) Creation of dynamic property FormSave::$aEditField is deprecated
[2025-06-22 16:01:27] [NOTICE] (D:\Dropbox\OpenServer\domains\orion\func\error_func.php:29) Creation of dynamic property FormSave::$id_aParent is deprecated
[2025-06-22 16:01:27] [NOTICE] (D:\Dropbox\OpenServer\domains\orion\func\error_func.php:29) Creation of dynamic property FormSave::$name_aParent is deprecated
[2025-06-22 16:01:28] [NOTICE] (D:\Dropbox\OpenServer\domains\orion\func\error_func.php:29) Creation of dynamic property auth_users::$timestamp is deprecated
[2025-06-22 16:01:28] [NOTICE] (D:\Dropbox\OpenServer\domains\orion\func\error_func.php:29) Creation of dynamic property auth_users::$ip is deprecated
[2025-06-22 16:01:28] [NOTICE] (D:\Dropbox\OpenServer\domains\orion\func\error_func.php:29) Creation of dynamic property auth_users::$ip_net is deprecated
[2025-06-22 16:01:28] [NOTICE] (D:\Dropbox\OpenServer\domains\orion\func\error_func.php:29) Creation of dynamic property auth_users::$browser is deprecated
[2025-06-22 16:01:28] [NOTICE] (D:\Dropbox\OpenServer\domains\orion\func\error_func.php:29) Creation of dynamic property ActionModule::$aEditField is deprecated
[2025-06-22 16:01:28] [NOTICE] (D:\Dropbox\OpenServer\domains\orion\func\error_func.php:29) Creation of dynamic property SetResultWinAction::$aEditField is deprecated
[2025-06-22 16:01:30] [NOTICE] (D:\Dropbox\OpenServer\domains\orion\func\error_func.php:29) Creation of dynamic property auth_users::$timestamp is deprecated
[2025-06-22 16:01:30] [NOTICE] (D:\Dropbox\OpenServer\domains\orion\func\error_func.php:29) Creation of dynamic property auth_users::$ip is deprecated
[2025-06-22 16:01:30] [NOTICE] (D:\Dropbox\OpenServer\domains\orion\func\error_func.php:29) Creation of dynamic property auth_users::$ip_net is deprecated
[2025-06-22 16:01:30] [NOTICE] (D:\Dropbox\OpenServer\domains\orion\func\error_func.php:29) Creation of dynamic property auth_users::$browser is deprecated
[2025-06-22 16:01:30] [NOTICE] (D:\Dropbox\OpenServer\domains\orion\func\error_func.php:29) Creation of dynamic property ActionModule::$aEditField is deprecated
[2025-06-22 16:01:30] [NOTICE] (D:\Dropbox\OpenServer\domains\orion\func\error_func.php:29) Creation of dynamic property ActionModule::$id_aParent is deprecated
[2025-06-22 16:01:30] [NOTICE] (D:\Dropbox\OpenServer\domains\orion\func\error_func.php:29) Creation of dynamic property ActionModule::$name_aParent is deprecated
[2025-06-22 16:01:30] [NOTICE] (D:\Dropbox\OpenServer\domains\orion\func\error_func.php:29) Creation of dynamic property FormSave::$aEditField is deprecated
[2025-06-22 16:01:30] [NOTICE] (D:\Dropbox\OpenServer\domains\orion\func\error_func.php:29) Creation of dynamic property FormSave::$id_aParent is deprecated
[2025-06-22 16:01:30] [NOTICE] (D:\Dropbox\OpenServer\domains\orion\func\error_func.php:29) Creation of dynamic property FormSave::$name_aParent is deprecated
[2025-06-22 16:01:32] [NOTICE] (D:\Dropbox\OpenServer\domains\orion\func\error_func.php:29) Creation of dynamic property auth_users::$timestamp is deprecated
[2025-06-22 16:01:32] [NOTICE] (D:\Dropbox\OpenServer\domains\orion\func\error_func.php:29) Creation of dynamic property auth_users::$ip is deprecated
[2025-06-22 16:01:32] [NOTICE] (D:\Dropbox\OpenServer\domains\orion\func\error_func.php:29) Creation of dynamic property auth_users::$ip_net is deprecated
[2025-06-22 16:01:32] [NOTICE] (D:\Dropbox\OpenServer\domains\orion\func\error_func.php:29) Creation of dynamic property auth_users::$browser is deprecated
[2025-06-22 16:01:32] [NOTICE] (D:\Dropbox\OpenServer\domains\orion\func\error_func.php:29) Creation of dynamic property ActionModule::$aEditField is deprecated
[2025-06-22 16:01:32] [NOTICE] (D:\Dropbox\OpenServer\domains\orion\func\error_func.php:29) Creation of dynamic property SetResultWinAction::$aEditField is deprecated
[2025-06-22 16:01:34] [NOTICE] (D:\Dropbox\OpenServer\domains\orion\func\error_func.php:29) Creation of dynamic property auth_users::$timestamp is deprecated
[2025-06-22 16:01:34] [NOTICE] (D:\Dropbox\OpenServer\domains\orion\func\error_func.php:29) Creation of dynamic property auth_users::$ip is deprecated
[2025-06-22 16:01:34] [NOTICE] (D:\Dropbox\OpenServer\domains\orion\func\error_func.php:29) Creation of dynamic property auth_users::$ip_net is deprecated
[2025-06-22 16:01:34] [NOTICE] (D:\Dropbox\OpenServer\domains\orion\func\error_func.php:29) Creation of dynamic property auth_users::$browser is deprecated
[2025-06-22 16:01:34] [NOTICE] (D:\Dropbox\OpenServer\domains\orion\func\error_func.php:29) Creation of dynamic property ActionModule::$aEditField is deprecated
[2025-06-22 16:01:34] [NOTICE] (D:\Dropbox\OpenServer\domains\orion\func\error_func.php:29) Creation of dynamic property ActionModule::$id_aParent is deprecated
[2025-06-22 16:01:34] [NOTICE] (D:\Dropbox\OpenServer\domains\orion\func\error_func.php:29) Creation of dynamic property ActionModule::$name_aParent is deprecated
[2025-06-22 16:01:34] [NOTICE] (D:\Dropbox\OpenServer\domains\orion\func\error_func.php:29) Creation of dynamic property FormSave::$aEditField is deprecated
[2025-06-22 16:01:34] [NOTICE] (D:\Dropbox\OpenServer\domains\orion\func\error_func.php:29) Creation of dynamic property FormSave::$id_aParent is deprecated
[2025-06-22 16:01:34] [NOTICE] (D:\Dropbox\OpenServer\domains\orion\func\error_func.php:29) Creation of dynamic property FormSave::$name_aParent is deprecated
[2025-06-22 16:01:36] [NOTICE] (D:\Dropbox\OpenServer\domains\orion\func\error_func.php:29) Creation of dynamic property auth_users::$timestamp is deprecated
[2025-06-22 16:01:36] [NOTICE] (D:\Dropbox\OpenServer\domains\orion\func\error_func.php:29) Creation of dynamic property auth_users::$ip is deprecated
[2025-06-22 16:01:36] [NOTICE] (D:\Dropbox\OpenServer\domains\orion\func\error_func.php:29) Creation of dynamic property auth_users::$ip_net is deprecated
[2025-06-22 16:01:36] [NOTICE] (D:\Dropbox\OpenServer\domains\orion\func\error_func.php:29) Creation of dynamic property auth_users::$browser is deprecated
[2025-06-22 16:01:36] [NOTICE] (D:\Dropbox\OpenServer\domains\orion\func\error_func.php:29) Creation of dynamic property ActionModule::$aEditField is deprecated
[2025-06-22 16:01:36] [NOTICE] (D:\Dropbox\OpenServer\domains\orion\func\error_func.php:29) Creation of dynamic property SetResultWinAction::$aEditField is deprecated
[2025-06-22 16:01:38] [NOTICE] (D:\Dropbox\OpenServer\domains\orion\func\error_func.php:29) Creation of dynamic property auth_users::$timestamp is deprecated
[2025-06-22 16:01:38] [NOTICE] (D:\Dropbox\OpenServer\domains\orion\func\error_func.php:29) Creation of dynamic property auth_users::$ip is deprecated
[2025-06-22 16:01:38] [NOTICE] (D:\Dropbox\OpenServer\domains\orion\func\error_func.php:29) Creation of dynamic property auth_users::$ip_net is deprecated
[2025-06-22 16:01:38] [NOTICE] (D:\Dropbox\OpenServer\domains\orion\func\error_func.php:29) Creation of dynamic property auth_users::$browser is deprecated
[2025-06-22 16:01:38] [NOTICE] (D:\Dropbox\OpenServer\domains\orion\func\error_func.php:29) Creation of dynamic property ActionModule::$aEditField is deprecated
[2025-06-22 16:01:38] [NOTICE] (D:\Dropbox\OpenServer\domains\orion\func\error_func.php:29) Creation of dynamic property ActionModule::$id_aParent is deprecated
[2025-06-22 16:01:38] [NOTICE] (D:\Dropbox\OpenServer\domains\orion\func\error_func.php:29) Creation of dynamic property ActionModule::$name_aParent is deprecated
[2025-06-22 16:01:38] [NOTICE] (D:\Dropbox\OpenServer\domains\orion\func\error_func.php:29) Creation of dynamic property FormSave::$aEditField is deprecated
[2025-06-22 16:01:38] [NOTICE] (D:\Dropbox\OpenServer\domains\orion\func\error_func.php:29) Creation of dynamic property FormSave::$id_aParent is deprecated
[2025-06-22 16:01:38] [NOTICE] (D:\Dropbox\OpenServer\domains\orion\func\error_func.php:29) Creation of dynamic property FormSave::$name_aParent is deprecated
[2025-06-22 16:01:40] [NOTICE] (D:\Dropbox\OpenServer\domains\orion\func\error_func.php:29) Creation of dynamic property auth_users::$timestamp is deprecated
[2025-06-22 16:01:40] [NOTICE] (D:\Dropbox\OpenServer\domains\orion\func\error_func.php:29) Creation of dynamic property auth_users::$ip is deprecated
[2025-06-22 16:01:40] [NOTICE] (D:\Dropbox\OpenServer\domains\orion\func\error_func.php:29) Creation of dynamic property auth_users::$ip_net is deprecated
[2025-06-22 16:01:40] [NOTICE] (D:\Dropbox\OpenServer\domains\orion\func\error_func.php:29) Creation of dynamic property auth_users::$browser is deprecated
[2025-06-22 16:01:40] [NOTICE] (D:\Dropbox\OpenServer\domains\orion\func\error_func.php:29) Creation of dynamic property ActionModule::$aEditField is deprecated
[2025-06-22 16:01:40] [NOTICE] (D:\Dropbox\OpenServer\domains\orion\func\error_func.php:29) Creation of dynamic property ActionModule::$id_aParent is deprecated
[2025-06-22 16:01:40] [NOTICE] (D:\Dropbox\OpenServer\domains\orion\func\error_func.php:29) Creation of dynamic property ActionModule::$name_aParent is deprecated
[2025-06-22 16:01:40] [NOTICE] (D:\Dropbox\OpenServer\domains\orion\func\error_func.php:29) Creation of dynamic property ListTable::$nameZ is deprecated
[2025-06-22 16:01:40] [NOTICE] (D:\Dropbox\OpenServer\domains\orion\func\error_func.php:29) Creation of dynamic property ListTable::$table_class is deprecated
[2025-06-22 16:01:40] [NOTICE] (D:\Dropbox\OpenServer\domains\orion\func\error_func.php:29) Creation of dynamic property ListTable::$theed_tr_class is deprecated
[2025-06-22 16:01:40] [NOTICE] (D:\Dropbox\OpenServer\domains\orion\func\error_func.php:29) Creation of dynamic property ListTable::$nameZList is deprecated
[2025-06-22 16:01:40] [NOTICE] (D:\Dropbox\OpenServer\domains\orion\func\error_func.php:29) Creation of dynamic property ListTable::$aFilters is deprecated
[2025-06-22 16:01:40] [NOTICE] (D:\Dropbox\OpenServer\domains\orion\func\error_func.php:29) Creation of dynamic property ListTable::$wintype is deprecated
[2025-06-22 16:01:40] [NOTICE] (D:\Dropbox\OpenServer\domains\orion\func\error_func.php:29) Creation of dynamic property ListTable::$field_result is deprecated
[2025-06-22 16:01:40] [NOTICE] (D:\Dropbox\OpenServer\domains\orion\func\error_func.php:29) Creation of dynamic property ListTable::$field_result_name is deprecated
[2025-06-22 16:01:40] [NOTICE] (D:\Dropbox\OpenServer\domains\orion\func\error_func.php:29) Creation of dynamic property ListTable::$id_aParent is deprecated
[2025-06-22 16:01:40] [NOTICE] (D:\Dropbox\OpenServer\domains\orion\func\error_func.php:29) Creation of dynamic property SqlSelect::$parent_field is deprecated
[2025-06-22 16:01:40] [NOTICE] (D:\Dropbox\OpenServer\domains\orion\func\error_func.php:29) Creation of dynamic property SqlSelect::$out_module_id is deprecated
[2025-06-22 16:01:40] [NOTICE] (D:\Dropbox\OpenServer\domains\orion\func\error_func.php:29) Creation of dynamic property SqlSelect::$out_module_result is deprecated
[2025-06-22 16:01:41] [NOTICE] (D:\Dropbox\OpenServer\domains\orion\func\error_func.php:29) Creation of dynamic property ListTable::$page_items is deprecated
[2025-06-22 16:01:41] [NOTICE] (D:\Dropbox\OpenServer\domains\orion\func\error_func.php:29) Creation of dynamic property auth_users::$timestamp is deprecated
[2025-06-22 16:01:41] [NOTICE] (D:\Dropbox\OpenServer\domains\orion\func\error_func.php:29) Creation of dynamic property auth_users::$ip is deprecated
[2025-06-22 16:01:41] [NOTICE] (D:\Dropbox\OpenServer\domains\orion\func\error_func.php:29) Creation of dynamic property auth_users::$ip_net is deprecated
[2025-06-22 16:01:41] [NOTICE] (D:\Dropbox\OpenServer\domains\orion\func\error_func.php:29) Creation of dynamic property auth_users::$browser is deprecated
[2025-06-22 16:01:41] [NOTICE] (D:\Dropbox\OpenServer\domains\orion\func\error_func.php:29) Creation of dynamic property ActionModule::$aEditField is deprecated
[2025-06-22 16:01:41] [NOTICE] (D:\Dropbox\OpenServer\domains\orion\func\error_func.php:29) Creation of dynamic property ActionModule::$id_aParent is deprecated
[2025-06-22 16:01:41] [NOTICE] (D:\Dropbox\OpenServer\domains\orion\func\error_func.php:29) Creation of dynamic property ActionModule::$name_aParent is deprecated
[2025-06-22 16:01:41] [NOTICE] (D:\Dropbox\OpenServer\domains\orion\func\error_func.php:29) Creation of dynamic property ListTable::$nameZ is deprecated
[2025-06-22 16:01:41] [NOTICE] (D:\Dropbox\OpenServer\domains\orion\func\error_func.php:29) Creation of dynamic property ListTable::$table_class is deprecated
[2025-06-22 16:01:41] [NOTICE] (D:\Dropbox\OpenServer\domains\orion\func\error_func.php:29) Creation of dynamic property ListTable::$theed_tr_class is deprecated
[2025-06-22 16:01:41] [NOTICE] (D:\Dropbox\OpenServer\domains\orion\func\error_func.php:29) Creation of dynamic property ListTable::$nameZList is deprecated
[2025-06-22 16:01:41] [NOTICE] (D:\Dropbox\OpenServer\domains\orion\func\error_func.php:29) Creation of dynamic property ListTable::$aFilters is deprecated
[2025-06-22 16:01:41] [NOTICE] (D:\Dropbox\OpenServer\domains\orion\func\error_func.php:29) Creation of dynamic property ListTable::$wintype is deprecated
[2025-06-22 16:01:41] [NOTICE] (D:\Dropbox\OpenServer\domains\orion\func\error_func.php:29) Creation of dynamic property ListTable::$field_result is deprecated
[2025-06-22 16:01:41] [NOTICE] (D:\Dropbox\OpenServer\domains\orion\func\error_func.php:29) Creation of dynamic property ListTable::$field_result_name is deprecated
[2025-06-22 16:01:41] [NOTICE] (D:\Dropbox\OpenServer\domains\orion\func\error_func.php:29) Creation of dynamic property ListTable::$id_aParent is deprecated
[2025-06-22 16:01:41] [NOTICE] (D:\Dropbox\OpenServer\domains\orion\func\error_func.php:29) Creation of dynamic property SqlSelect::$parent_field is deprecated
[2025-06-22 16:01:41] [NOTICE] (D:\Dropbox\OpenServer\domains\orion\func\error_func.php:29) Creation of dynamic property SqlSelect::$out_module_id is deprecated
[2025-06-22 16:01:41] [NOTICE] (D:\Dropbox\OpenServer\domains\orion\func\error_func.php:29) Creation of dynamic property SqlSelect::$out_module_result is deprecated
[2025-06-22 16:01:41] [NOTICE] (D:\Dropbox\OpenServer\domains\orion\func\error_func.php:29) Creation of dynamic property ListTable::$page_items is deprecated
[2025-06-22 16:01:43] [NOTICE] (D:\Dropbox\OpenServer\domains\orion\func\error_func.php:29) Creation of dynamic property auth_users::$timestamp is deprecated
[2025-06-22 16:01:43] [NOTICE] (D:\Dropbox\OpenServer\domains\orion\func\error_func.php:29) Creation of dynamic property auth_users::$ip is deprecated
[2025-06-22 16:01:43] [NOTICE] (D:\Dropbox\OpenServer\domains\orion\func\error_func.php:29) Creation of dynamic property auth_users::$ip_net is deprecated
[2025-06-22 16:01:43] [NOTICE] (D:\Dropbox\OpenServer\domains\orion\func\error_func.php:29) Creation of dynamic property auth_users::$browser is deprecated
[2025-06-22 16:01:43] [NOTICE] (D:\Dropbox\OpenServer\domains\orion\func\error_func.php:29) Creation of dynamic property ActionModule::$aEditField is deprecated
[2025-06-22 16:01:43] [NOTICE] (D:\Dropbox\OpenServer\domains\orion\func\error_func.php:29) Creation of dynamic property SetResultWinAction::$aEditField is deprecated
[2025-06-22 16:01:45] [NOTICE] (D:\Dropbox\OpenServer\domains\orion\func\error_func.php:29) Creation of dynamic property auth_users::$timestamp is deprecated
[2025-06-22 16:01:45] [NOTICE] (D:\Dropbox\OpenServer\domains\orion\func\error_func.php:29) Creation of dynamic property auth_users::$ip is deprecated
[2025-06-22 16:01:45] [NOTICE] (D:\Dropbox\OpenServer\domains\orion\func\error_func.php:29) Creation of dynamic property auth_users::$ip_net is deprecated
[2025-06-22 16:01:45] [NOTICE] (D:\Dropbox\OpenServer\domains\orion\func\error_func.php:29) Creation of dynamic property auth_users::$browser is deprecated
[2025-06-22 16:01:45] [NOTICE] (D:\Dropbox\OpenServer\domains\orion\func\error_func.php:29) Creation of dynamic property ActionModule::$aEditField is deprecated
[2025-06-22 16:01:45] [NOTICE] (D:\Dropbox\OpenServer\domains\orion\func\error_func.php:29) Creation of dynamic property ActionModule::$id_aParent is deprecated
[2025-06-22 16:01:45] [NOTICE] (D:\Dropbox\OpenServer\domains\orion\func\error_func.php:29) Creation of dynamic property ActionModule::$name_aParent is deprecated
[2025-06-22 16:01:45] [NOTICE] (D:\Dropbox\OpenServer\domains\orion\func\error_func.php:29) Creation of dynamic property FormSave::$aEditField is deprecated
[2025-06-22 16:01:45] [NOTICE] (D:\Dropbox\OpenServer\domains\orion\func\error_func.php:29) Creation of dynamic property FormSave::$id_aParent is deprecated
[2025-06-22 16:01:45] [NOTICE] (D:\Dropbox\OpenServer\domains\orion\func\error_func.php:29) Creation of dynamic property FormSave::$name_aParent is deprecated
[2025-06-22 16:01:46] [NOTICE] (D:\Dropbox\OpenServer\domains\orion\func\error_func.php:29) Creation of dynamic property auth_users::$timestamp is deprecated
[2025-06-22 16:01:46] [NOTICE] (D:\Dropbox\OpenServer\domains\orion\func\error_func.php:29) Creation of dynamic property auth_users::$ip is deprecated
[2025-06-22 16:01:46] [NOTICE] (D:\Dropbox\OpenServer\domains\orion\func\error_func.php:29) Creation of dynamic property auth_users::$ip_net is deprecated
[2025-06-22 16:01:46] [NOTICE] (D:\Dropbox\OpenServer\domains\orion\func\error_func.php:29) Creation of dynamic property auth_users::$browser is deprecated
[2025-06-22 16:01:46] [NOTICE] (D:\Dropbox\OpenServer\domains\orion\func\error_func.php:29) Creation of dynamic property ActionModule::$aEditField is deprecated
[2025-06-22 16:01:46] [NOTICE] (D:\Dropbox\OpenServer\domains\orion\func\error_func.php:29) Creation of dynamic property SetResultWinAction::$aEditField is deprecated
[2025-06-22 16:01:48] [NOTICE] (D:\Dropbox\OpenServer\domains\orion\func\error_func.php:29) Creation of dynamic property auth_users::$timestamp is deprecated
[2025-06-22 16:01:48] [NOTICE] (D:\Dropbox\OpenServer\domains\orion\func\error_func.php:29) Creation of dynamic property auth_users::$ip is deprecated
[2025-06-22 16:01:48] [NOTICE] (D:\Dropbox\OpenServer\domains\orion\func\error_func.php:29) Creation of dynamic property auth_users::$ip_net is deprecated
[2025-06-22 16:01:48] [NOTICE] (D:\Dropbox\OpenServer\domains\orion\func\error_func.php:29) Creation of dynamic property auth_users::$browser is deprecated
[2025-06-22 16:01:48] [NOTICE] (D:\Dropbox\OpenServer\domains\orion\func\error_func.php:29) Creation of dynamic property ActionModule::$aEditField is deprecated
[2025-06-22 16:01:48] [NOTICE] (D:\Dropbox\OpenServer\domains\orion\func\error_func.php:29) Creation of dynamic property ActionModule::$id_aParent is deprecated
[2025-06-22 16:01:48] [NOTICE] (D:\Dropbox\OpenServer\domains\orion\func\error_func.php:29) Creation of dynamic property ActionModule::$name_aParent is deprecated
[2025-06-22 16:01:48] [NOTICE] (D:\Dropbox\OpenServer\domains\orion\func\error_func.php:29) Creation of dynamic property FormSave::$aEditField is deprecated
[2025-06-22 16:01:48] [NOTICE] (D:\Dropbox\OpenServer\domains\orion\func\error_func.php:29) Creation of dynamic property FormSave::$id_aParent is deprecated
[2025-06-22 16:01:48] [NOTICE] (D:\Dropbox\OpenServer\domains\orion\func\error_func.php:29) Creation of dynamic property FormSave::$name_aParent is deprecated
[2025-06-22 16:01:50] [NOTICE] (D:\Dropbox\OpenServer\domains\orion\func\error_func.php:29) Creation of dynamic property auth_users::$timestamp is deprecated
[2025-06-22 16:01:50] [NOTICE] (D:\Dropbox\OpenServer\domains\orion\func\error_func.php:29) Creation of dynamic property auth_users::$ip is deprecated
[2025-06-22 16:01:50] [NOTICE] (D:\Dropbox\OpenServer\domains\orion\func\error_func.php:29) Creation of dynamic property auth_users::$ip_net is deprecated
[2025-06-22 16:01:50] [NOTICE] (D:\Dropbox\OpenServer\domains\orion\func\error_func.php:29) Creation of dynamic property auth_users::$browser is deprecated
[2025-06-22 16:01:50] [NOTICE] (D:\Dropbox\OpenServer\domains\orion\func\error_func.php:29) Creation of dynamic property ActionModule::$aEditField is deprecated
[2025-06-22 16:01:50] [NOTICE] (D:\Dropbox\OpenServer\domains\orion\func\error_func.php:29) Creation of dynamic property ShowAction::$aEditField is deprecated
[2025-06-22 16:01:52] [NOTICE] (D:\Dropbox\OpenServer\domains\orion\func\error_func.php:29) Creation of dynamic property auth_users::$timestamp is deprecated
[2025-06-22 16:01:52] [NOTICE] (D:\Dropbox\OpenServer\domains\orion\func\error_func.php:29) Creation of dynamic property auth_users::$ip is deprecated
[2025-06-22 16:01:52] [NOTICE] (D:\Dropbox\OpenServer\domains\orion\func\error_func.php:29) Creation of dynamic property auth_users::$ip_net is deprecated
[2025-06-22 16:01:52] [NOTICE] (D:\Dropbox\OpenServer\domains\orion\func\error_func.php:29) Creation of dynamic property auth_users::$browser is deprecated
[2025-06-22 16:01:52] [NOTICE] (D:\Dropbox\OpenServer\domains\orion\func\error_func.php:29) Creation of dynamic property ActionModule::$aEditField is deprecated
[2025-06-22 16:01:52] [NOTICE] (D:\Dropbox\OpenServer\domains\orion\func\error_func.php:29) Creation of dynamic property ShowAction::$aEditField is deprecated
[2025-06-22 16:02:52] [NOTICE] (D:\Dropbox\OpenServer\domains\orion\func\error_func.php:29) Creation of dynamic property auth_users::$timestamp is deprecated
[2025-06-22 16:02:52] [NOTICE] (D:\Dropbox\OpenServer\domains\orion\func\error_func.php:29) Creation of dynamic property auth_users::$ip is deprecated
[2025-06-22 16:02:52] [NOTICE] (D:\Dropbox\OpenServer\domains\orion\func\error_func.php:29) Creation of dynamic property auth_users::$ip_net is deprecated
[2025-06-22 16:02:52] [NOTICE] (D:\Dropbox\OpenServer\domains\orion\func\error_func.php:29) Creation of dynamic property auth_users::$browser is deprecated
[2025-06-22 16:02:52] [NOTICE] (D:\Dropbox\OpenServer\domains\orion\func\error_func.php:29) Creation of dynamic property auth_users::$timestamp is deprecated
[2025-06-22 16:02:52] [NOTICE] (D:\Dropbox\OpenServer\domains\orion\func\error_func.php:29) Creation of dynamic property auth_users::$ip is deprecated
[2025-06-22 16:02:52] [NOTICE] (D:\Dropbox\OpenServer\domains\orion\func\error_func.php:29) Creation of dynamic property auth_users::$ip_net is deprecated
[2025-06-22 16:02:52] [NOTICE] (D:\Dropbox\OpenServer\domains\orion\func\error_func.php:29) Creation of dynamic property auth_users::$browser is deprecated
[2025-06-22 16:02:52] [NOTICE] (D:\Dropbox\OpenServer\domains\orion\func\error_func.php:29) Creation of dynamic property ActionModule::$aEditField is deprecated
[2025-06-22 16:02:52] [NOTICE] (D:\Dropbox\OpenServer\domains\orion\func\error_func.php:29) Creation of dynamic property ShowAction::$aEditField is deprecated
[2025-06-22 16:03:01] [NOTICE] (D:\Dropbox\OpenServer\domains\orion\func\error_func.php:29) Creation of dynamic property auth_users::$timestamp is deprecated
[2025-06-22 16:03:01] [NOTICE] (D:\Dropbox\OpenServer\domains\orion\func\error_func.php:29) Creation of dynamic property auth_users::$ip is deprecated
[2025-06-22 16:03:01] [NOTICE] (D:\Dropbox\OpenServer\domains\orion\func\error_func.php:29) Creation of dynamic property auth_users::$ip_net is deprecated
[2025-06-22 16:03:01] [NOTICE] (D:\Dropbox\OpenServer\domains\orion\func\error_func.php:29) Creation of dynamic property auth_users::$browser is deprecated
[2025-06-22 16:03:02] [NOTICE] (D:\Dropbox\OpenServer\domains\orion\func\error_func.php:29) Creation of dynamic property auth_users::$timestamp is deprecated
[2025-06-22 16:03:02] [NOTICE] (D:\Dropbox\OpenServer\domains\orion\func\error_func.php:29) Creation of dynamic property auth_users::$ip is deprecated
[2025-06-22 16:03:02] [NOTICE] (D:\Dropbox\OpenServer\domains\orion\func\error_func.php:29) Creation of dynamic property auth_users::$ip_net is deprecated
[2025-06-22 16:03:02] [NOTICE] (D:\Dropbox\OpenServer\domains\orion\func\error_func.php:29) Creation of dynamic property auth_users::$browser is deprecated
[2025-06-22 16:03:02] [NOTICE] (D:\Dropbox\OpenServer\domains\orion\func\error_func.php:29) Creation of dynamic property ActionModule::$aEditField is deprecated
[2025-06-22 16:03:02] [NOTICE] (D:\Dropbox\OpenServer\domains\orion\func\error_func.php:29) Creation of dynamic property ShowAction::$aEditField is deprecated
[2025-06-22 16:03:13] [NOTICE] (D:\Dropbox\OpenServer\domains\orion\func\error_func.php:29) Creation of dynamic property auth_users::$timestamp is deprecated
[2025-06-22 16:03:13] [NOTICE] (D:\Dropbox\OpenServer\domains\orion\func\error_func.php:29) Creation of dynamic property auth_users::$ip is deprecated
[2025-06-22 16:03:13] [NOTICE] (D:\Dropbox\OpenServer\domains\orion\func\error_func.php:29) Creation of dynamic property auth_users::$ip_net is deprecated
[2025-06-22 16:03:13] [NOTICE] (D:\Dropbox\OpenServer\domains\orion\func\error_func.php:29) Creation of dynamic property auth_users::$browser is deprecated
[2025-06-22 16:03:13] [NOTICE] (D:\Dropbox\OpenServer\domains\orion\func\error_func.php:29) Creation of dynamic property auth_users::$timestamp is deprecated
[2025-06-22 16:03:13] [NOTICE] (D:\Dropbox\OpenServer\domains\orion\func\error_func.php:29) Creation of dynamic property auth_users::$ip is deprecated
[2025-06-22 16:03:13] [NOTICE] (D:\Dropbox\OpenServer\domains\orion\func\error_func.php:29) Creation of dynamic property auth_users::$ip_net is deprecated
[2025-06-22 16:03:13] [NOTICE] (D:\Dropbox\OpenServer\domains\orion\func\error_func.php:29) Creation of dynamic property auth_users::$browser is deprecated
[2025-06-22 16:03:13] [NOTICE] (D:\Dropbox\OpenServer\domains\orion\func\error_func.php:29) Creation of dynamic property ActionModule::$aEditField is deprecated
[2025-06-22 16:03:13] [NOTICE] (D:\Dropbox\OpenServer\domains\orion\func\error_func.php:29) Creation of dynamic property ShowAction::$aEditField is deprecated
[2025-06-22 16:03:32] [NOTICE] (D:\Dropbox\OpenServer\domains\orion\func\error_func.php:29) Creation of dynamic property auth_users::$timestamp is deprecated
[2025-06-22 16:03:32] [NOTICE] (D:\Dropbox\OpenServer\domains\orion\func\error_func.php:29) Creation of dynamic property auth_users::$ip is deprecated
[2025-06-22 16:03:32] [NOTICE] (D:\Dropbox\OpenServer\domains\orion\func\error_func.php:29) Creation of dynamic property auth_users::$ip_net is deprecated
[2025-06-22 16:03:32] [NOTICE] (D:\Dropbox\OpenServer\domains\orion\func\error_func.php:29) Creation of dynamic property auth_users::$browser is deprecated
[2025-06-22 16:03:32] [NOTICE] (D:\Dropbox\OpenServer\domains\orion\func\error_func.php:29) Creation of dynamic property auth_users::$timestamp is deprecated
[2025-06-22 16:03:32] [NOTICE] (D:\Dropbox\OpenServer\domains\orion\func\error_func.php:29) Creation of dynamic property auth_users::$ip is deprecated
[2025-06-22 16:03:32] [NOTICE] (D:\Dropbox\OpenServer\domains\orion\func\error_func.php:29) Creation of dynamic property auth_users::$ip_net is deprecated
[2025-06-22 16:03:32] [NOTICE] (D:\Dropbox\OpenServer\domains\orion\func\error_func.php:29) Creation of dynamic property auth_users::$browser is deprecated
[2025-06-22 16:03:32] [NOTICE] (D:\Dropbox\OpenServer\domains\orion\func\error_func.php:29) Creation of dynamic property ActionModule::$aEditField is deprecated
[2025-06-22 16:03:32] [NOTICE] (D:\Dropbox\OpenServer\domains\orion\func\error_func.php:29) Creation of dynamic property ShowAction::$aEditField is deprecated
[2025-06-22 16:04:37] [NOTICE] (D:\Dropbox\OpenServer\domains\orion\func\error_func.php:29) Creation of dynamic property auth_users::$timestamp is deprecated
[2025-06-22 16:04:37] [NOTICE] (D:\Dropbox\OpenServer\domains\orion\func\error_func.php:29) Creation of dynamic property auth_users::$ip is deprecated
[2025-06-22 16:04:37] [NOTICE] (D:\Dropbox\OpenServer\domains\orion\func\error_func.php:29) Creation of dynamic property auth_users::$ip_net is deprecated
[2025-06-22 16:04:37] [NOTICE] (D:\Dropbox\OpenServer\domains\orion\func\error_func.php:29) Creation of dynamic property auth_users::$browser is deprecated
[2025-06-22 16:04:37] [NOTICE] (D:\Dropbox\OpenServer\domains\orion\func\error_func.php:29) Creation of dynamic property auth_users::$timestamp is deprecated
[2025-06-22 16:04:37] [NOTICE] (D:\Dropbox\OpenServer\domains\orion\func\error_func.php:29) Creation of dynamic property auth_users::$ip is deprecated
[2025-06-22 16:04:37] [NOTICE] (D:\Dropbox\OpenServer\domains\orion\func\error_func.php:29) Creation of dynamic property auth_users::$ip_net is deprecated
[2025-06-22 16:04:37] [NOTICE] (D:\Dropbox\OpenServer\domains\orion\func\error_func.php:29) Creation of dynamic property auth_users::$browser is deprecated
[2025-06-22 16:04:37] [NOTICE] (D:\Dropbox\OpenServer\domains\orion\func\error_func.php:29) Creation of dynamic property ActionModule::$aEditField is deprecated
[2025-06-22 16:04:37] [NOTICE] (D:\Dropbox\OpenServer\domains\orion\func\error_func.php:29) Creation of dynamic property ShowAction::$aEditField is deprecated
[2025-06-22 16:05:49] [NOTICE] (D:\Dropbox\OpenServer\domains\orion\func\error_func.php:29) Creation of dynamic property auth_users::$timestamp is deprecated
[2025-06-22 16:05:49] [NOTICE] (D:\Dropbox\OpenServer\domains\orion\func\error_func.php:29) Creation of dynamic property auth_users::$ip is deprecated
[2025-06-22 16:05:49] [NOTICE] (D:\Dropbox\OpenServer\domains\orion\func\error_func.php:29) Creation of dynamic property auth_users::$ip_net is deprecated
[2025-06-22 16:05:49] [NOTICE] (D:\Dropbox\OpenServer\domains\orion\func\error_func.php:29) Creation of dynamic property auth_users::$browser is deprecated
[2025-06-22 16:05:49] [NOTICE] (D:\Dropbox\OpenServer\domains\orion\func\error_func.php:29) Creation of dynamic property auth_users::$timestamp is deprecated
[2025-06-22 16:05:49] [NOTICE] (D:\Dropbox\OpenServer\domains\orion\func\error_func.php:29) Creation of dynamic property auth_users::$ip is deprecated
[2025-06-22 16:05:49] [NOTICE] (D:\Dropbox\OpenServer\domains\orion\func\error_func.php:29) Creation of dynamic property auth_users::$ip_net is deprecated
[2025-06-22 16:05:49] [NOTICE] (D:\Dropbox\OpenServer\domains\orion\func\error_func.php:29) Creation of dynamic property auth_users::$browser is deprecated
[2025-06-22 16:05:49] [NOTICE] (D:\Dropbox\OpenServer\domains\orion\func\error_func.php:29) Creation of dynamic property ActionModule::$aEditField is deprecated
[2025-06-22 16:05:49] [NOTICE] (D:\Dropbox\OpenServer\domains\orion\func\error_func.php:29) Creation of dynamic property ShowAction::$aEditField is deprecated
[2025-06-22 16:08:13] [NOTICE] (D:\Dropbox\OpenServer\domains\orion\func\error_func.php:29) Creation of dynamic property auth_users::$timestamp is deprecated
[2025-06-22 16:08:13] [NOTICE] (D:\Dropbox\OpenServer\domains\orion\func\error_func.php:29) Creation of dynamic property auth_users::$ip is deprecated
[2025-06-22 16:08:13] [NOTICE] (D:\Dropbox\OpenServer\domains\orion\func\error_func.php:29) Creation of dynamic property auth_users::$ip_net is deprecated
[2025-06-22 16:08:13] [NOTICE] (D:\Dropbox\OpenServer\domains\orion\func\error_func.php:29) Creation of dynamic property auth_users::$browser is deprecated
[2025-06-22 16:08:13] [NOTICE] (D:\Dropbox\OpenServer\domains\orion\func\error_func.php:29) Creation of dynamic property auth_users::$timestamp is deprecated
[2025-06-22 16:08:13] [NOTICE] (D:\Dropbox\OpenServer\domains\orion\func\error_func.php:29) Creation of dynamic property auth_users::$ip is deprecated
[2025-06-22 16:08:13] [NOTICE] (D:\Dropbox\OpenServer\domains\orion\func\error_func.php:29) Creation of dynamic property auth_users::$ip_net is deprecated
[2025-06-22 16:08:13] [NOTICE] (D:\Dropbox\OpenServer\domains\orion\func\error_func.php:29) Creation of dynamic property auth_users::$browser is deprecated
[2025-06-22 16:08:13] [NOTICE] (D:\Dropbox\OpenServer\domains\orion\func\error_func.php:29) Creation of dynamic property ActionModule::$aEditField is deprecated
[2025-06-22 16:08:13] [NOTICE] (D:\Dropbox\OpenServer\domains\orion\func\error_func.php:29) Creation of dynamic property ShowAction::$aEditField is deprecated
[2025-06-22 16:08:21] [NOTICE] (D:\Dropbox\OpenServer\domains\orion\func\error_func.php:29) Creation of dynamic property auth_users::$timestamp is deprecated
[2025-06-22 16:08:21] [NOTICE] (D:\Dropbox\OpenServer\domains\orion\func\error_func.php:29) Creation of dynamic property auth_users::$ip is deprecated
[2025-06-22 16:08:21] [NOTICE] (D:\Dropbox\OpenServer\domains\orion\func\error_func.php:29) Creation of dynamic property auth_users::$ip_net is deprecated
[2025-06-22 16:08:21] [NOTICE] (D:\Dropbox\OpenServer\domains\orion\func\error_func.php:29) Creation of dynamic property auth_users::$browser is deprecated
[2025-06-22 16:08:21] [NOTICE] (D:\Dropbox\OpenServer\domains\orion\func\error_func.php:29) Creation of dynamic property auth_users::$timestamp is deprecated
[2025-06-22 16:08:21] [NOTICE] (D:\Dropbox\OpenServer\domains\orion\func\error_func.php:29) Creation of dynamic property auth_users::$ip is deprecated
[2025-06-22 16:08:21] [NOTICE] (D:\Dropbox\OpenServer\domains\orion\func\error_func.php:29) Creation of dynamic property auth_users::$ip_net is deprecated
[2025-06-22 16:08:21] [NOTICE] (D:\Dropbox\OpenServer\domains\orion\func\error_func.php:29) Creation of dynamic property auth_users::$browser is deprecated
[2025-06-22 16:08:21] [NOTICE] (D:\Dropbox\OpenServer\domains\orion\func\error_func.php:29) Creation of dynamic property ActionModule::$aEditField is deprecated
[2025-06-22 16:08:21] [NOTICE] (D:\Dropbox\OpenServer\domains\orion\func\error_func.php:29) Creation of dynamic property ShowAction::$aEditField is deprecated
[2025-06-22 16:08:29] [NOTICE] (D:\Dropbox\OpenServer\domains\orion\func\error_func.php:29) Creation of dynamic property auth_users::$timestamp is deprecated
[2025-06-22 16:08:29] [NOTICE] (D:\Dropbox\OpenServer\domains\orion\func\error_func.php:29) Creation of dynamic property auth_users::$ip is deprecated
[2025-06-22 16:08:29] [NOTICE] (D:\Dropbox\OpenServer\domains\orion\func\error_func.php:29) Creation of dynamic property auth_users::$ip_net is deprecated
[2025-06-22 16:08:29] [NOTICE] (D:\Dropbox\OpenServer\domains\orion\func\error_func.php:29) Creation of dynamic property auth_users::$browser is deprecated
[2025-06-22 16:09:07] [NOTICE] (D:\Dropbox\OpenServer\domains\orion\func\error_func.php:29) Creation of dynamic property auth_users::$timestamp is deprecated
[2025-06-22 16:09:07] [NOTICE] (D:\Dropbox\OpenServer\domains\orion\func\error_func.php:29) Creation of dynamic property auth_users::$ip is deprecated
[2025-06-22 16:09:07] [NOTICE] (D:\Dropbox\OpenServer\domains\orion\func\error_func.php:29) Creation of dynamic property auth_users::$ip_net is deprecated
[2025-06-22 16:09:07] [NOTICE] (D:\Dropbox\OpenServer\domains\orion\func\error_func.php:29) Creation of dynamic property auth_users::$browser is deprecated
[2025-06-22 16:09:07] [NOTICE] (D:\Dropbox\OpenServer\domains\orion\func\error_func.php:29) Creation of dynamic property auth_users::$timestamp is deprecated
[2025-06-22 16:09:07] [NOTICE] (D:\Dropbox\OpenServer\domains\orion\func\error_func.php:29) Creation of dynamic property auth_users::$ip is deprecated
[2025-06-22 16:09:07] [NOTICE] (D:\Dropbox\OpenServer\domains\orion\func\error_func.php:29) Creation of dynamic property auth_users::$ip_net is deprecated
[2025-06-22 16:09:07] [NOTICE] (D:\Dropbox\OpenServer\domains\orion\func\error_func.php:29) Creation of dynamic property auth_users::$browser is deprecated
[2025-06-22 16:09:07] [NOTICE] (D:\Dropbox\OpenServer\domains\orion\func\error_func.php:29) Creation of dynamic property ActionModule::$aEditField is deprecated
[2025-06-22 16:09:07] [NOTICE] (D:\Dropbox\OpenServer\domains\orion\func\error_func.php:29) Creation of dynamic property ShowAction::$aEditField is deprecated
[2025-06-22 16:09:57] [NOTICE] (D:\Dropbox\OpenServer\domains\orion\func\error_func.php:29) Creation of dynamic property auth_users::$timestamp is deprecated
[2025-06-22 16:09:57] [NOTICE] (D:\Dropbox\OpenServer\domains\orion\func\error_func.php:29) Creation of dynamic property auth_users::$ip is deprecated
[2025-06-22 16:09:57] [NOTICE] (D:\Dropbox\OpenServer\domains\orion\func\error_func.php:29) Creation of dynamic property auth_users::$ip_net is deprecated
[2025-06-22 16:09:57] [NOTICE] (D:\Dropbox\OpenServer\domains\orion\func\error_func.php:29) Creation of dynamic property auth_users::$browser is deprecated
[2025-06-22 16:09:58] [NOTICE] (D:\Dropbox\OpenServer\domains\orion\func\error_func.php:29) Creation of dynamic property auth_users::$timestamp is deprecated
[2025-06-22 16:09:58] [NOTICE] (D:\Dropbox\OpenServer\domains\orion\func\error_func.php:29) Creation of dynamic property auth_users::$ip is deprecated
[2025-06-22 16:09:58] [NOTICE] (D:\Dropbox\OpenServer\domains\orion\func\error_func.php:29) Creation of dynamic property auth_users::$ip_net is deprecated
[2025-06-22 16:09:58] [NOTICE] (D:\Dropbox\OpenServer\domains\orion\func\error_func.php:29) Creation of dynamic property auth_users::$browser is deprecated
[2025-06-22 16:09:58] [NOTICE] (D:\Dropbox\OpenServer\domains\orion\func\error_func.php:29) Creation of dynamic property ActionModule::$aEditField is deprecated
[2025-06-22 16:09:58] [NOTICE] (D:\Dropbox\OpenServer\domains\orion\func\error_func.php:29) Creation of dynamic property ShowAction::$aEditField is deprecated
[2025-06-22 16:10:15] [NOTICE] (D:\Dropbox\OpenServer\domains\orion\func\error_func.php:29) Creation of dynamic property auth_users::$timestamp is deprecated
[2025-06-22 16:10:15] [NOTICE] (D:\Dropbox\OpenServer\domains\orion\func\error_func.php:29) Creation of dynamic property auth_users::$ip is deprecated
[2025-06-22 16:10:15] [NOTICE] (D:\Dropbox\OpenServer\domains\orion\func\error_func.php:29) Creation of dynamic property auth_users::$ip_net is deprecated
[2025-06-22 16:10:15] [NOTICE] (D:\Dropbox\OpenServer\domains\orion\func\error_func.php:29) Creation of dynamic property auth_users::$browser is deprecated
[2025-06-22 16:10:15] [NOTICE] (D:\Dropbox\OpenServer\domains\orion\func\error_func.php:29) Creation of dynamic property auth_users::$timestamp is deprecated
[2025-06-22 16:10:15] [NOTICE] (D:\Dropbox\OpenServer\domains\orion\func\error_func.php:29) Creation of dynamic property auth_users::$ip is deprecated
[2025-06-22 16:10:15] [NOTICE] (D:\Dropbox\OpenServer\domains\orion\func\error_func.php:29) Creation of dynamic property auth_users::$ip_net is deprecated
[2025-06-22 16:10:15] [NOTICE] (D:\Dropbox\OpenServer\domains\orion\func\error_func.php:29) Creation of dynamic property auth_users::$browser is deprecated
[2025-06-22 16:10:15] [NOTICE] (D:\Dropbox\OpenServer\domains\orion\func\error_func.php:29) Creation of dynamic property ActionModule::$aEditField is deprecated
[2025-06-22 16:10:15] [NOTICE] (D:\Dropbox\OpenServer\domains\orion\func\error_func.php:29) Creation of dynamic property ShowAction::$aEditField is deprecated
[2025-06-22 16:10:42] [NOTICE] (D:\Dropbox\OpenServer\domains\orion\func\error_func.php:29) Creation of dynamic property auth_users::$timestamp is deprecated
[2025-06-22 16:10:42] [NOTICE] (D:\Dropbox\OpenServer\domains\orion\func\error_func.php:29) Creation of dynamic property auth_users::$ip is deprecated
[2025-06-22 16:10:42] [NOTICE] (D:\Dropbox\OpenServer\domains\orion\func\error_func.php:29) Creation of dynamic property auth_users::$ip_net is deprecated
[2025-06-22 16:10:42] [NOTICE] (D:\Dropbox\OpenServer\domains\orion\func\error_func.php:29) Creation of dynamic property auth_users::$browser is deprecated
[2025-06-22 16:10:42] [NOTICE] (D:\Dropbox\OpenServer\domains\orion\func\error_func.php:29) Creation of dynamic property auth_users::$timestamp is deprecated
[2025-06-22 16:10:42] [NOTICE] (D:\Dropbox\OpenServer\domains\orion\func\error_func.php:29) Creation of dynamic property auth_users::$ip is deprecated
[2025-06-22 16:10:42] [NOTICE] (D:\Dropbox\OpenServer\domains\orion\func\error_func.php:29) Creation of dynamic property auth_users::$ip_net is deprecated
[2025-06-22 16:10:42] [NOTICE] (D:\Dropbox\OpenServer\domains\orion\func\error_func.php:29) Creation of dynamic property auth_users::$browser is deprecated
[2025-06-22 16:10:42] [NOTICE] (D:\Dropbox\OpenServer\domains\orion\func\error_func.php:29) Creation of dynamic property ActionModule::$aEditField is deprecated
[2025-06-22 16:10:42] [NOTICE] (D:\Dropbox\OpenServer\domains\orion\func\error_func.php:29) Creation of dynamic property ShowAction::$aEditField is deprecated
[2025-06-22 16:11:49] [NOTICE] (D:\Dropbox\OpenServer\domains\orion\func\error_func.php:29) Creation of dynamic property auth_users::$timestamp is deprecated
[2025-06-22 16:11:49] [NOTICE] (D:\Dropbox\OpenServer\domains\orion\func\error_func.php:29) Creation of dynamic property auth_users::$ip is deprecated
[2025-06-22 16:11:49] [NOTICE] (D:\Dropbox\OpenServer\domains\orion\func\error_func.php:29) Creation of dynamic property auth_users::$ip_net is deprecated
[2025-06-22 16:11:49] [NOTICE] (D:\Dropbox\OpenServer\domains\orion\func\error_func.php:29) Creation of dynamic property auth_users::$browser is deprecated
[2025-06-22 16:11:49] [NOTICE] (D:\Dropbox\OpenServer\domains\orion\func\error_func.php:29) Creation of dynamic property auth_users::$timestamp is deprecated
[2025-06-22 16:11:49] [NOTICE] (D:\Dropbox\OpenServer\domains\orion\func\error_func.php:29) Creation of dynamic property auth_users::$ip is deprecated
[2025-06-22 16:11:49] [NOTICE] (D:\Dropbox\OpenServer\domains\orion\func\error_func.php:29) Creation of dynamic property auth_users::$ip_net is deprecated
[2025-06-22 16:11:49] [NOTICE] (D:\Dropbox\OpenServer\domains\orion\func\error_func.php:29) Creation of dynamic property auth_users::$browser is deprecated
[2025-06-22 16:11:49] [NOTICE] (D:\Dropbox\OpenServer\domains\orion\func\error_func.php:29) Creation of dynamic property ActionModule::$aEditField is deprecated
[2025-06-22 16:11:49] [NOTICE] (D:\Dropbox\OpenServer\domains\orion\func\error_func.php:29) Creation of dynamic property ShowAction::$aEditField is deprecated
[2025-06-22 16:11:55] [NOTICE] (D:\Dropbox\OpenServer\domains\orion\func\error_func.php:29) Creation of dynamic property auth_users::$timestamp is deprecated
[2025-06-22 16:11:55] [NOTICE] (D:\Dropbox\OpenServer\domains\orion\func\error_func.php:29) Creation of dynamic property auth_users::$ip is deprecated
[2025-06-22 16:11:55] [NOTICE] (D:\Dropbox\OpenServer\domains\orion\func\error_func.php:29) Creation of dynamic property auth_users::$ip_net is deprecated
[2025-06-22 16:11:55] [NOTICE] (D:\Dropbox\OpenServer\domains\orion\func\error_func.php:29) Creation of dynamic property auth_users::$browser is deprecated
[2025-06-22 16:11:55] [NOTICE] (D:\Dropbox\OpenServer\domains\orion\func\error_func.php:29) Creation of dynamic property ActionModule::$aEditField is deprecated
[2025-06-22 16:11:55] [NOTICE] (D:\Dropbox\OpenServer\domains\orion\func\error_func.php:29) Creation of dynamic property ActionModule::$id_aParent is deprecated
[2025-06-22 16:11:55] [NOTICE] (D:\Dropbox\OpenServer\domains\orion\func\error_func.php:29) Creation of dynamic property ActionModule::$name_aParent is deprecated
[2025-06-22 16:11:55] [NOTICE] (D:\Dropbox\OpenServer\domains\orion\func\error_func.php:29) Creation of dynamic property ListTable::$nameZ is deprecated
[2025-06-22 16:11:55] [NOTICE] (D:\Dropbox\OpenServer\domains\orion\func\error_func.php:29) Creation of dynamic property ListTable::$table_class is deprecated
[2025-06-22 16:11:55] [NOTICE] (D:\Dropbox\OpenServer\domains\orion\func\error_func.php:29) Creation of dynamic property ListTable::$theed_tr_class is deprecated
[2025-06-22 16:11:55] [NOTICE] (D:\Dropbox\OpenServer\domains\orion\func\error_func.php:29) Creation of dynamic property ListTable::$nameZList is deprecated
[2025-06-22 16:11:55] [NOTICE] (D:\Dropbox\OpenServer\domains\orion\func\error_func.php:29) Creation of dynamic property ListTable::$aFilters is deprecated
[2025-06-22 16:11:55] [NOTICE] (D:\Dropbox\OpenServer\domains\orion\func\error_func.php:29) Creation of dynamic property ListTable::$wintype is deprecated
[2025-06-22 16:11:55] [NOTICE] (D:\Dropbox\OpenServer\domains\orion\func\error_func.php:29) Creation of dynamic property ListTable::$field_result is deprecated
[2025-06-22 16:11:55] [NOTICE] (D:\Dropbox\OpenServer\domains\orion\func\error_func.php:29) Creation of dynamic property ListTable::$field_result_name is deprecated
[2025-06-22 16:11:55] [NOTICE] (D:\Dropbox\OpenServer\domains\orion\func\error_func.php:29) Creation of dynamic property ListTable::$id_aParent is deprecated
[2025-06-22 16:11:55] [NOTICE] (D:\Dropbox\OpenServer\domains\orion\func\error_func.php:29) Creation of dynamic property SqlSelect::$parent_field is deprecated
[2025-06-22 16:11:55] [NOTICE] (D:\Dropbox\OpenServer\domains\orion\func\error_func.php:29) Creation of dynamic property SqlSelect::$out_module_id is deprecated
[2025-06-22 16:11:55] [NOTICE] (D:\Dropbox\OpenServer\domains\orion\func\error_func.php:29) Creation of dynamic property SqlSelect::$out_module_result is deprecated
[2025-06-22 16:11:55] [NOTICE] (D:\Dropbox\OpenServer\domains\orion\func\error_func.php:29) Creation of dynamic property ListTable::$page_items is deprecated
[2025-06-22 16:11:56] [NOTICE] (D:\Dropbox\OpenServer\domains\orion\func\error_func.php:29) Creation of dynamic property auth_users::$timestamp is deprecated
[2025-06-22 16:11:56] [NOTICE] (D:\Dropbox\OpenServer\domains\orion\func\error_func.php:29) Creation of dynamic property auth_users::$ip is deprecated
[2025-06-22 16:11:57] [NOTICE] (D:\Dropbox\OpenServer\domains\orion\func\error_func.php:29) Creation of dynamic property auth_users::$ip_net is deprecated
[2025-06-22 16:11:57] [NOTICE] (D:\Dropbox\OpenServer\domains\orion\func\error_func.php:29) Creation of dynamic property auth_users::$browser is deprecated
[2025-06-22 16:11:57] [NOTICE] (D:\Dropbox\OpenServer\domains\orion\func\error_func.php:29) Creation of dynamic property ActionModule::$aEditField is deprecated
[2025-06-22 16:11:57] [NOTICE] (D:\Dropbox\OpenServer\domains\orion\func\error_func.php:29) Creation of dynamic property ActionModule::$id_aParent is deprecated
[2025-06-22 16:11:57] [NOTICE] (D:\Dropbox\OpenServer\domains\orion\func\error_func.php:29) Creation of dynamic property ActionModule::$name_aParent is deprecated
[2025-06-22 16:11:57] [NOTICE] (D:\Dropbox\OpenServer\domains\orion\func\error_func.php:29) Creation of dynamic property FormAdd::$aEditField is deprecated
[2025-06-22 16:11:57] [NOTICE] (D:\Dropbox\OpenServer\domains\orion\func\error_func.php:29) Creation of dynamic property FormAdd::$nameZ is deprecated
[2025-06-22 16:11:57] [NOTICE] (D:\Dropbox\OpenServer\domains\orion\func\error_func.php:29) Creation of dynamic property FormAdd::$nameZEdit is deprecated
[2025-06-22 16:11:57] [NOTICE] (D:\Dropbox\OpenServer\domains\orion\func\error_func.php:29) Creation of dynamic property FormAdd::$aTabs is deprecated
[2025-06-22 16:11:57] [NOTICE] (D:\Dropbox\OpenServer\domains\orion\func\error_func.php:29) Creation of dynamic property FormAdd::$isAdd is deprecated
[2025-06-22 16:11:57] [NOTICE] (D:\Dropbox\OpenServer\domains\orion\func\error_func.php:29) Creation of dynamic property FormAdd::$id_aParent is deprecated
[2025-06-22 16:11:57] [NOTICE] (D:\Dropbox\OpenServer\domains\orion\func\error_func.php:29) Creation of dynamic property FormAdd::$name_aParent is deprecated
[2025-06-22 16:11:57] [NOTICE] (D:\Dropbox\OpenServer\domains\orion\func\error_func.php:29) Creation of dynamic property FormAdd::$name_list_parent is deprecated
[2025-06-22 16:11:57] [NOTICE] (D:\Dropbox\OpenServer\domains\orion\func\error_func.php:29) Creation of dynamic property FormAdd::$submenu is deprecated
[2025-06-22 16:12:10] [NOTICE] (D:\Dropbox\OpenServer\domains\orion\func\error_func.php:29) Creation of dynamic property auth_users::$timestamp is deprecated
[2025-06-22 16:12:10] [NOTICE] (D:\Dropbox\OpenServer\domains\orion\func\error_func.php:29) Creation of dynamic property auth_users::$ip is deprecated
[2025-06-22 16:12:10] [NOTICE] (D:\Dropbox\OpenServer\domains\orion\func\error_func.php:29) Creation of dynamic property auth_users::$ip_net is deprecated
[2025-06-22 16:12:10] [NOTICE] (D:\Dropbox\OpenServer\domains\orion\func\error_func.php:29) Creation of dynamic property auth_users::$browser is deprecated
[2025-06-22 16:12:10] [NOTICE] (D:\Dropbox\OpenServer\domains\orion\func\error_func.php:29) Creation of dynamic property ActionModule::$aEditField is deprecated
[2025-06-22 16:12:11] [NOTICE] (D:\Dropbox\OpenServer\domains\orion\func\error_func.php:29) Creation of dynamic property auth_users::$timestamp is deprecated
[2025-06-22 16:12:11] [NOTICE] (D:\Dropbox\OpenServer\domains\orion\func\error_func.php:29) Creation of dynamic property auth_users::$ip is deprecated
[2025-06-22 16:12:11] [NOTICE] (D:\Dropbox\OpenServer\domains\orion\func\error_func.php:29) Creation of dynamic property auth_users::$ip_net is deprecated
[2025-06-22 16:12:11] [NOTICE] (D:\Dropbox\OpenServer\domains\orion\func\error_func.php:29) Creation of dynamic property auth_users::$browser is deprecated
[2025-06-22 16:12:11] [NOTICE] (D:\Dropbox\OpenServer\domains\orion\func\error_func.php:29) Creation of dynamic property ActionModule::$aEditField is deprecated
[2025-06-22 16:12:11] [NOTICE] (D:\Dropbox\OpenServer\domains\orion\func\error_func.php:29) Creation of dynamic property ActionModule::$id_aParent is deprecated
[2025-06-22 16:12:11] [NOTICE] (D:\Dropbox\OpenServer\domains\orion\func\error_func.php:29) Creation of dynamic property ActionModule::$name_aParent is deprecated
[2025-06-22 16:12:11] [NOTICE] (D:\Dropbox\OpenServer\domains\orion\func\error_func.php:29) Creation of dynamic property FormSave::$aEditField is deprecated
[2025-06-22 16:12:11] [NOTICE] (D:\Dropbox\OpenServer\domains\orion\func\error_func.php:29) Creation of dynamic property FormSave::$id_aParent is deprecated
[2025-06-22 16:12:11] [NOTICE] (D:\Dropbox\OpenServer\domains\orion\func\error_func.php:29) Creation of dynamic property FormSave::$name_aParent is deprecated
[2025-06-22 16:12:11] [NOTICE] (D:\Dropbox\OpenServer\domains\orion\func\error_func.php:29) Creation of dynamic property ListTable::$nameZ is deprecated
[2025-06-22 16:12:11] [NOTICE] (D:\Dropbox\OpenServer\domains\orion\func\error_func.php:29) Creation of dynamic property ListTable::$table_class is deprecated
[2025-06-22 16:12:11] [NOTICE] (D:\Dropbox\OpenServer\domains\orion\func\error_func.php:29) Creation of dynamic property ListTable::$theed_tr_class is deprecated
[2025-06-22 16:12:11] [NOTICE] (D:\Dropbox\OpenServer\domains\orion\func\error_func.php:29) Creation of dynamic property ListTable::$nameZList is deprecated
[2025-06-22 16:12:11] [NOTICE] (D:\Dropbox\OpenServer\domains\orion\func\error_func.php:29) Creation of dynamic property ListTable::$aFilters is deprecated
[2025-06-22 16:12:11] [NOTICE] (D:\Dropbox\OpenServer\domains\orion\func\error_func.php:29) Creation of dynamic property ListTable::$wintype is deprecated
[2025-06-22 16:12:11] [NOTICE] (D:\Dropbox\OpenServer\domains\orion\func\error_func.php:29) Creation of dynamic property ListTable::$field_result is deprecated
[2025-06-22 16:12:11] [NOTICE] (D:\Dropbox\OpenServer\domains\orion\func\error_func.php:29) Creation of dynamic property ListTable::$field_result_name is deprecated
[2025-06-22 16:12:11] [NOTICE] (D:\Dropbox\OpenServer\domains\orion\func\error_func.php:29) Creation of dynamic property ListTable::$id_aParent is deprecated
[2025-06-22 16:12:11] [NOTICE] (D:\Dropbox\OpenServer\domains\orion\func\error_func.php:29) Creation of dynamic property SqlSelect::$parent_field is deprecated
[2025-06-22 16:12:11] [NOTICE] (D:\Dropbox\OpenServer\domains\orion\func\error_func.php:29) Creation of dynamic property SqlSelect::$out_module_id is deprecated
[2025-06-22 16:12:11] [NOTICE] (D:\Dropbox\OpenServer\domains\orion\func\error_func.php:29) Creation of dynamic property SqlSelect::$out_module_result is deprecated
[2025-06-22 16:12:11] [NOTICE] (D:\Dropbox\OpenServer\domains\orion\func\error_func.php:29) Creation of dynamic property ListTable::$page_items is deprecated
[2025-06-22 16:12:14] [NOTICE] (D:\Dropbox\OpenServer\domains\orion\func\error_func.php:29) Creation of dynamic property ListTable::$nameZ is deprecated
[2025-06-22 16:12:14] [NOTICE] (D:\Dropbox\OpenServer\domains\orion\func\error_func.php:29) Creation of dynamic property ListTable::$table_class is deprecated
[2025-06-22 16:12:14] [NOTICE] (D:\Dropbox\OpenServer\domains\orion\func\error_func.php:29) Creation of dynamic property ListTable::$theed_tr_class is deprecated
[2025-06-22 16:12:14] [NOTICE] (D:\Dropbox\OpenServer\domains\orion\func\error_func.php:29) Creation of dynamic property ListTable::$nameZList is deprecated
[2025-06-22 16:12:14] [NOTICE] (D:\Dropbox\OpenServer\domains\orion\func\error_func.php:29) Creation of dynamic property ListTable::$aFilters is deprecated
[2025-06-22 16:12:14] [NOTICE] (D:\Dropbox\OpenServer\domains\orion\func\error_func.php:29) Creation of dynamic property ListTable::$wintype is deprecated
[2025-06-22 16:12:14] [NOTICE] (D:\Dropbox\OpenServer\domains\orion\func\error_func.php:29) Creation of dynamic property ListTable::$field_result is deprecated
[2025-06-22 16:12:14] [NOTICE] (D:\Dropbox\OpenServer\domains\orion\func\error_func.php:29) Creation of dynamic property ListTable::$field_result_name is deprecated
[2025-06-22 16:12:14] [NOTICE] (D:\Dropbox\OpenServer\domains\orion\func\error_func.php:29) Creation of dynamic property ListTable::$id_aParent is deprecated
[2025-06-22 16:12:14] [NOTICE] (D:\Dropbox\OpenServer\domains\orion\func\error_func.php:29) Creation of dynamic property SqlSelect::$parent_field is deprecated
[2025-06-22 16:12:14] [NOTICE] (D:\Dropbox\OpenServer\domains\orion\func\error_func.php:29) Creation of dynamic property SqlSelect::$out_module_id is deprecated
[2025-06-22 16:12:14] [NOTICE] (D:\Dropbox\OpenServer\domains\orion\func\error_func.php:29) Creation of dynamic property SqlSelect::$out_module_result is deprecated
[2025-06-22 16:12:14] [NOTICE] (D:\Dropbox\OpenServer\domains\orion\func\error_func.php:29) Creation of dynamic property ListTable::$page_items is deprecated
[2025-06-22 16:12:15] [NOTICE] (D:\Dropbox\OpenServer\domains\orion\func\error_func.php:29) Creation of dynamic property auth_users::$timestamp is deprecated
[2025-06-22 16:12:15] [NOTICE] (D:\Dropbox\OpenServer\domains\orion\func\error_func.php:29) Creation of dynamic property auth_users::$ip is deprecated
[2025-06-22 16:12:15] [NOTICE] (D:\Dropbox\OpenServer\domains\orion\func\error_func.php:29) Creation of dynamic property auth_users::$ip_net is deprecated
[2025-06-22 16:12:15] [NOTICE] (D:\Dropbox\OpenServer\domains\orion\func\error_func.php:29) Creation of dynamic property auth_users::$browser is deprecated
[2025-06-22 16:12:15] [NOTICE] (D:\Dropbox\OpenServer\domains\orion\func\error_func.php:29) Creation of dynamic property ActionModule::$aEditField is deprecated
[2025-06-22 16:12:15] [NOTICE] (D:\Dropbox\OpenServer\domains\orion\func\error_func.php:29) Creation of dynamic property ShowAction::$aEditField is deprecated
[2025-06-22 16:12:17] [NOTICE] (D:\Dropbox\OpenServer\domains\orion\func\error_func.php:29) Creation of dynamic property auth_users::$timestamp is deprecated
[2025-06-22 16:12:17] [NOTICE] (D:\Dropbox\OpenServer\domains\orion\func\error_func.php:29) Creation of dynamic property auth_users::$ip is deprecated
[2025-06-22 16:12:17] [NOTICE] (D:\Dropbox\OpenServer\domains\orion\func\error_func.php:29) Creation of dynamic property auth_users::$ip_net is deprecated
[2025-06-22 16:12:17] [NOTICE] (D:\Dropbox\OpenServer\domains\orion\func\error_func.php:29) Creation of dynamic property auth_users::$browser is deprecated
[2025-06-22 16:12:17] [NOTICE] (D:\Dropbox\OpenServer\domains\orion\func\error_func.php:29) Creation of dynamic property ActionModule::$aEditField is deprecated
[2025-06-22 16:12:17] [NOTICE] (D:\Dropbox\OpenServer\domains\orion\func\error_func.php:29) Creation of dynamic property ShowAction::$aEditField is deprecated
[2025-06-22 16:12:29] [NOTICE] (D:\Dropbox\OpenServer\domains\orion\func\error_func.php:29) Creation of dynamic property auth_users::$timestamp is deprecated
[2025-06-22 16:12:29] [NOTICE] (D:\Dropbox\OpenServer\domains\orion\func\error_func.php:29) Creation of dynamic property auth_users::$ip is deprecated
[2025-06-22 16:12:29] [NOTICE] (D:\Dropbox\OpenServer\domains\orion\func\error_func.php:29) Creation of dynamic property auth_users::$ip_net is deprecated
[2025-06-22 16:12:29] [NOTICE] (D:\Dropbox\OpenServer\domains\orion\func\error_func.php:29) Creation of dynamic property auth_users::$browser is deprecated
[2025-06-22 16:12:30] [NOTICE] (D:\Dropbox\OpenServer\domains\orion\func\error_func.php:29) Creation of dynamic property auth_users::$timestamp is deprecated
[2025-06-22 16:12:30] [NOTICE] (D:\Dropbox\OpenServer\domains\orion\func\error_func.php:29) Creation of dynamic property auth_users::$ip is deprecated
[2025-06-22 16:12:30] [NOTICE] (D:\Dropbox\OpenServer\domains\orion\func\error_func.php:29) Creation of dynamic property auth_users::$ip_net is deprecated
[2025-06-22 16:12:30] [NOTICE] (D:\Dropbox\OpenServer\domains\orion\func\error_func.php:29) Creation of dynamic property auth_users::$browser is deprecated
[2025-06-22 16:12:30] [NOTICE] (D:\Dropbox\OpenServer\domains\orion\func\error_func.php:29) Creation of dynamic property ActionModule::$aEditField is deprecated
[2025-06-22 16:12:30] [NOTICE] (D:\Dropbox\OpenServer\domains\orion\func\error_func.php:29) Creation of dynamic property ShowAction::$aEditField is deprecated
[2025-06-22 16:13:30] [NOTICE] (D:\Dropbox\OpenServer\domains\orion\func\error_func.php:29) Creation of dynamic property auth_users::$timestamp is deprecated
[2025-06-22 16:13:30] [NOTICE] (D:\Dropbox\OpenServer\domains\orion\func\error_func.php:29) Creation of dynamic property auth_users::$ip is deprecated
[2025-06-22 16:13:30] [NOTICE] (D:\Dropbox\OpenServer\domains\orion\func\error_func.php:29) Creation of dynamic property auth_users::$ip_net is deprecated
[2025-06-22 16:13:30] [NOTICE] (D:\Dropbox\OpenServer\domains\orion\func\error_func.php:29) Creation of dynamic property auth_users::$browser is deprecated
[2025-06-22 16:13:30] [NOTICE] (D:\Dropbox\OpenServer\domains\orion\func\error_func.php:29) Creation of dynamic property auth_users::$timestamp is deprecated
[2025-06-22 16:13:30] [NOTICE] (D:\Dropbox\OpenServer\domains\orion\func\error_func.php:29) Creation of dynamic property auth_users::$ip is deprecated
[2025-06-22 16:13:30] [NOTICE] (D:\Dropbox\OpenServer\domains\orion\func\error_func.php:29) Creation of dynamic property auth_users::$ip_net is deprecated
[2025-06-22 16:13:30] [NOTICE] (D:\Dropbox\OpenServer\domains\orion\func\error_func.php:29) Creation of dynamic property auth_users::$browser is deprecated
[2025-06-22 16:13:30] [NOTICE] (D:\Dropbox\OpenServer\domains\orion\func\error_func.php:29) Creation of dynamic property ActionModule::$aEditField is deprecated
[2025-06-22 16:13:30] [NOTICE] (D:\Dropbox\OpenServer\domains\orion\func\error_func.php:29) Creation of dynamic property ShowAction::$aEditField is deprecated
[2025-06-22 16:20:48] [NOTICE] (D:\Dropbox\OpenServer\domains\orion\func\error_func.php:29) Creation of dynamic property auth_users::$timestamp is deprecated
[2025-06-22 16:20:48] [NOTICE] (D:\Dropbox\OpenServer\domains\orion\func\error_func.php:29) Creation of dynamic property auth_users::$ip is deprecated
[2025-06-22 16:20:48] [NOTICE] (D:\Dropbox\OpenServer\domains\orion\func\error_func.php:29) Creation of dynamic property auth_users::$ip_net is deprecated
[2025-06-22 16:20:48] [NOTICE] (D:\Dropbox\OpenServer\domains\orion\func\error_func.php:29) Creation of dynamic property auth_users::$browser is deprecated
[2025-06-22 16:20:48] [NOTICE] (D:\Dropbox\OpenServer\domains\orion\func\error_func.php:29) Creation of dynamic property ActionModule::$aEditField is deprecated
[2025-06-22 16:20:48] [NOTICE] (D:\Dropbox\OpenServer\domains\orion\func\error_func.php:29) Creation of dynamic property ShowAction::$aEditField is deprecated
[2025-06-22 16:20:59] [NOTICE] (D:\Dropbox\OpenServer\domains\orion\func\error_func.php:29) Creation of dynamic property auth_users::$timestamp is deprecated
[2025-06-22 16:20:59] [NOTICE] (D:\Dropbox\OpenServer\domains\orion\func\error_func.php:29) Creation of dynamic property auth_users::$ip is deprecated
[2025-06-22 16:20:59] [NOTICE] (D:\Dropbox\OpenServer\domains\orion\func\error_func.php:29) Creation of dynamic property auth_users::$ip_net is deprecated
[2025-06-22 16:20:59] [NOTICE] (D:\Dropbox\OpenServer\domains\orion\func\error_func.php:29) Creation of dynamic property auth_users::$browser is deprecated
[2025-06-22 16:20:59] [NOTICE] (D:\Dropbox\OpenServer\domains\orion\func\error_func.php:29) Creation of dynamic property auth_users::$timestamp is deprecated
[2025-06-22 16:20:59] [NOTICE] (D:\Dropbox\OpenServer\domains\orion\func\error_func.php:29) Creation of dynamic property auth_users::$ip is deprecated
[2025-06-22 16:20:59] [NOTICE] (D:\Dropbox\OpenServer\domains\orion\func\error_func.php:29) Creation of dynamic property auth_users::$ip_net is deprecated
[2025-06-22 16:20:59] [NOTICE] (D:\Dropbox\OpenServer\domains\orion\func\error_func.php:29) Creation of dynamic property auth_users::$browser is deprecated
[2025-06-22 16:20:59] [NOTICE] (D:\Dropbox\OpenServer\domains\orion\func\error_func.php:29) Creation of dynamic property ActionModule::$aEditField is deprecated
[2025-06-22 16:20:59] [NOTICE] (D:\Dropbox\OpenServer\domains\orion\func\error_func.php:29) Creation of dynamic property ShowAction::$aEditField is deprecated
[2025-06-22 16:22:19] [NOTICE] (D:\Dropbox\OpenServer\domains\orion\func\error_func.php:29) Creation of dynamic property auth_users::$timestamp is deprecated
[2025-06-22 16:22:19] [NOTICE] (D:\Dropbox\OpenServer\domains\orion\func\error_func.php:29) Creation of dynamic property auth_users::$ip is deprecated
[2025-06-22 16:22:19] [NOTICE] (D:\Dropbox\OpenServer\domains\orion\func\error_func.php:29) Creation of dynamic property auth_users::$ip_net is deprecated
[2025-06-22 16:22:19] [NOTICE] (D:\Dropbox\OpenServer\domains\orion\func\error_func.php:29) Creation of dynamic property auth_users::$browser is deprecated
[2025-06-22 16:22:20] [NOTICE] (D:\Dropbox\OpenServer\domains\orion\func\error_func.php:29) Creation of dynamic property auth_users::$timestamp is deprecated
[2025-06-22 16:22:20] [NOTICE] (D:\Dropbox\OpenServer\domains\orion\func\error_func.php:29) Creation of dynamic property auth_users::$ip is deprecated
[2025-06-22 16:22:20] [NOTICE] (D:\Dropbox\OpenServer\domains\orion\func\error_func.php:29) Creation of dynamic property auth_users::$ip_net is deprecated
[2025-06-22 16:22:20] [NOTICE] (D:\Dropbox\OpenServer\domains\orion\func\error_func.php:29) Creation of dynamic property auth_users::$browser is deprecated
[2025-06-22 16:22:20] [NOTICE] (D:\Dropbox\OpenServer\domains\orion\func\error_func.php:29) Creation of dynamic property ActionModule::$aEditField is deprecated
[2025-06-22 16:22:20] [NOTICE] (D:\Dropbox\OpenServer\domains\orion\func\error_func.php:29) Creation of dynamic property ShowAction::$aEditField is deprecated
[2025-06-22 16:22:54] [NOTICE] (D:\Dropbox\OpenServer\domains\orion\func\error_func.php:29) Creation of dynamic property auth_users::$timestamp is deprecated
[2025-06-22 16:22:54] [NOTICE] (D:\Dropbox\OpenServer\domains\orion\func\error_func.php:29) Creation of dynamic property auth_users::$ip is deprecated
[2025-06-22 16:22:54] [NOTICE] (D:\Dropbox\OpenServer\domains\orion\func\error_func.php:29) Creation of dynamic property auth_users::$ip_net is deprecated
[2025-06-22 16:22:54] [NOTICE] (D:\Dropbox\OpenServer\domains\orion\func\error_func.php:29) Creation of dynamic property auth_users::$browser is deprecated
[2025-06-22 16:22:54] [NOTICE] (D:\Dropbox\OpenServer\domains\orion\func\error_func.php:29) Creation of dynamic property auth_users::$timestamp is deprecated
[2025-06-22 16:22:54] [NOTICE] (D:\Dropbox\OpenServer\domains\orion\func\error_func.php:29) Creation of dynamic property auth_users::$ip is deprecated
[2025-06-22 16:22:54] [NOTICE] (D:\Dropbox\OpenServer\domains\orion\func\error_func.php:29) Creation of dynamic property auth_users::$ip_net is deprecated
[2025-06-22 16:22:54] [NOTICE] (D:\Dropbox\OpenServer\domains\orion\func\error_func.php:29) Creation of dynamic property auth_users::$browser is deprecated
[2025-06-22 16:22:54] [NOTICE] (D:\Dropbox\OpenServer\domains\orion\func\error_func.php:29) Creation of dynamic property ActionModule::$aEditField is deprecated
[2025-06-22 16:22:54] [NOTICE] (D:\Dropbox\OpenServer\domains\orion\func\error_func.php:29) Creation of dynamic property ShowAction::$aEditField is deprecated
[2025-06-22 16:23:01] [NOTICE] (D:\Dropbox\OpenServer\domains\orion\func\error_func.php:29) Creation of dynamic property auth_users::$timestamp is deprecated
[2025-06-22 16:23:01] [NOTICE] (D:\Dropbox\OpenServer\domains\orion\func\error_func.php:29) Creation of dynamic property auth_users::$ip is deprecated
[2025-06-22 16:23:01] [NOTICE] (D:\Dropbox\OpenServer\domains\orion\func\error_func.php:29) Creation of dynamic property auth_users::$ip_net is deprecated
[2025-06-22 16:23:01] [NOTICE] (D:\Dropbox\OpenServer\domains\orion\func\error_func.php:29) Creation of dynamic property auth_users::$browser is deprecated
[2025-06-22 16:23:01] [NOTICE] (D:\Dropbox\OpenServer\domains\orion\func\error_func.php:29) Creation of dynamic property auth_users::$timestamp is deprecated
[2025-06-22 16:23:01] [NOTICE] (D:\Dropbox\OpenServer\domains\orion\func\error_func.php:29) Creation of dynamic property auth_users::$ip is deprecated
[2025-06-22 16:23:01] [NOTICE] (D:\Dropbox\OpenServer\domains\orion\func\error_func.php:29) Creation of dynamic property auth_users::$ip_net is deprecated
[2025-06-22 16:23:01] [NOTICE] (D:\Dropbox\OpenServer\domains\orion\func\error_func.php:29) Creation of dynamic property auth_users::$browser is deprecated
[2025-06-22 16:23:01] [NOTICE] (D:\Dropbox\OpenServer\domains\orion\func\error_func.php:29) Creation of dynamic property ActionModule::$aEditField is deprecated
[2025-06-22 16:23:01] [NOTICE] (D:\Dropbox\OpenServer\domains\orion\func\error_func.php:29) Creation of dynamic property ShowAction::$aEditField is deprecated
[2025-06-22 16:23:15] [NOTICE] (D:\Dropbox\OpenServer\domains\orion\func\error_func.php:29) Creation of dynamic property auth_users::$timestamp is deprecated
[2025-06-22 16:23:15] [NOTICE] (D:\Dropbox\OpenServer\domains\orion\func\error_func.php:29) Creation of dynamic property auth_users::$ip is deprecated
[2025-06-22 16:23:15] [NOTICE] (D:\Dropbox\OpenServer\domains\orion\func\error_func.php:29) Creation of dynamic property auth_users::$ip_net is deprecated
[2025-06-22 16:23:15] [NOTICE] (D:\Dropbox\OpenServer\domains\orion\func\error_func.php:29) Creation of dynamic property auth_users::$browser is deprecated
[2025-06-22 16:23:15] [NOTICE] (D:\Dropbox\OpenServer\domains\orion\func\error_func.php:29) Creation of dynamic property auth_users::$timestamp is deprecated
[2025-06-22 16:23:15] [NOTICE] (D:\Dropbox\OpenServer\domains\orion\func\error_func.php:29) Creation of dynamic property auth_users::$ip is deprecated
[2025-06-22 16:23:15] [NOTICE] (D:\Dropbox\OpenServer\domains\orion\func\error_func.php:29) Creation of dynamic property auth_users::$ip_net is deprecated
[2025-06-22 16:23:15] [NOTICE] (D:\Dropbox\OpenServer\domains\orion\func\error_func.php:29) Creation of dynamic property auth_users::$browser is deprecated
[2025-06-22 16:23:15] [NOTICE] (D:\Dropbox\OpenServer\domains\orion\func\error_func.php:29) Creation of dynamic property ActionModule::$aEditField is deprecated
[2025-06-22 16:23:15] [NOTICE] (D:\Dropbox\OpenServer\domains\orion\func\error_func.php:29) Creation of dynamic property ShowAction::$aEditField is deprecated
[2025-06-22 16:23:31] [NOTICE] (D:\Dropbox\OpenServer\domains\orion\func\error_func.php:29) Creation of dynamic property auth_users::$timestamp is deprecated
[2025-06-22 16:23:31] [NOTICE] (D:\Dropbox\OpenServer\domains\orion\func\error_func.php:29) Creation of dynamic property auth_users::$ip is deprecated
[2025-06-22 16:23:31] [NOTICE] (D:\Dropbox\OpenServer\domains\orion\func\error_func.php:29) Creation of dynamic property auth_users::$ip_net is deprecated
[2025-06-22 16:23:31] [NOTICE] (D:\Dropbox\OpenServer\domains\orion\func\error_func.php:29) Creation of dynamic property auth_users::$browser is deprecated
[2025-06-22 16:23:31] [NOTICE] (D:\Dropbox\OpenServer\domains\orion\func\error_func.php:29) Creation of dynamic property ActionModule::$aEditField is deprecated
[2025-06-22 16:23:31] [NOTICE] (D:\Dropbox\OpenServer\domains\orion\func\error_func.php:29) Creation of dynamic property ShowAction::$aEditField is deprecated
[2025-06-22 16:25:32] [NOTICE] (D:\Dropbox\OpenServer\domains\orion\func\error_func.php:29) Creation of dynamic property auth_users::$timestamp is deprecated
[2025-06-22 16:25:32] [NOTICE] (D:\Dropbox\OpenServer\domains\orion\func\error_func.php:29) Creation of dynamic property auth_users::$ip is deprecated
[2025-06-22 16:25:32] [NOTICE] (D:\Dropbox\OpenServer\domains\orion\func\error_func.php:29) Creation of dynamic property auth_users::$ip_net is deprecated
[2025-06-22 16:25:32] [NOTICE] (D:\Dropbox\OpenServer\domains\orion\func\error_func.php:29) Creation of dynamic property auth_users::$browser is deprecated
[2025-06-22 16:25:33] [NOTICE] (D:\Dropbox\OpenServer\domains\orion\func\error_func.php:29) Creation of dynamic property auth_users::$timestamp is deprecated
[2025-06-22 16:25:33] [NOTICE] (D:\Dropbox\OpenServer\domains\orion\func\error_func.php:29) Creation of dynamic property auth_users::$ip is deprecated
[2025-06-22 16:25:33] [NOTICE] (D:\Dropbox\OpenServer\domains\orion\func\error_func.php:29) Creation of dynamic property auth_users::$ip_net is deprecated
[2025-06-22 16:25:33] [NOTICE] (D:\Dropbox\OpenServer\domains\orion\func\error_func.php:29) Creation of dynamic property auth_users::$browser is deprecated
[2025-06-22 16:25:33] [NOTICE] (D:\Dropbox\OpenServer\domains\orion\func\error_func.php:29) Creation of dynamic property ActionModule::$aEditField is deprecated
[2025-06-22 16:25:33] [NOTICE] (D:\Dropbox\OpenServer\domains\orion\func\error_func.php:29) Creation of dynamic property ListTable::$nameZ is deprecated
[2025-06-22 16:25:33] [NOTICE] (D:\Dropbox\OpenServer\domains\orion\func\error_func.php:29) Creation of dynamic property ListTable::$table_class is deprecated
[2025-06-22 16:25:33] [NOTICE] (D:\Dropbox\OpenServer\domains\orion\func\error_func.php:29) Creation of dynamic property ListTable::$theed_tr_class is deprecated
[2025-06-22 16:25:33] [NOTICE] (D:\Dropbox\OpenServer\domains\orion\func\error_func.php:29) Creation of dynamic property ListTable::$nameZList is deprecated
[2025-06-22 16:25:33] [NOTICE] (D:\Dropbox\OpenServer\domains\orion\func\error_func.php:29) Creation of dynamic property ListTable::$aFilters is deprecated
[2025-06-22 16:25:33] [NOTICE] (D:\Dropbox\OpenServer\domains\orion\func\error_func.php:29) Creation of dynamic property ListTable::$wintype is deprecated
[2025-06-22 16:25:33] [NOTICE] (D:\Dropbox\OpenServer\domains\orion\func\error_func.php:29) Creation of dynamic property ListTable::$field_result is deprecated
[2025-06-22 16:25:33] [NOTICE] (D:\Dropbox\OpenServer\domains\orion\func\error_func.php:29) Creation of dynamic property ListTable::$field_result_name is deprecated
[2025-06-22 16:25:33] [NOTICE] (D:\Dropbox\OpenServer\domains\orion\func\error_func.php:29) Creation of dynamic property SqlSelect::$parent_field is deprecated
[2025-06-22 16:25:33] [NOTICE] (D:\Dropbox\OpenServer\domains\orion\func\error_func.php:29) Creation of dynamic property SqlSelect::$out_module_id is deprecated
[2025-06-22 16:25:33] [NOTICE] (D:\Dropbox\OpenServer\domains\orion\func\error_func.php:29) Creation of dynamic property SqlSelect::$out_module_result is deprecated
[2025-06-22 16:25:38] [NOTICE] (D:\Dropbox\OpenServer\domains\orion\func\error_func.php:29) Creation of dynamic property ListTable::$page_items is deprecated
